filename,label,size_kb,md5,sample_rate,channels,bit_depth,n_frames,duration,readable,rms_raw,rms,zcr,centroid,bandwidth
sound_1.wav,ambulance,516.9,b564f5ccfb25ea8fd3908204b039d7b1,44100,2,16,132300,3.0,True,0.018139662221074104,0.21633781492710114,0.13085186298076923,1930.144174429895,1374.0832396661428
sound_10.wav,ambulance,516.9,1151028dfe391b7786445b516aefcf08,44100,2,16,132300,3.0,True,0.017939813435077667,0.2180202454328537,0.12748272235576924,1937.7214973858906,1428.1766594038918
sound_100.wav,ambulance,516.9,276511eae2d37ba077baeef7a23e3c25,44100,2,16,132300,3.0,True,0.20274829864501953,0.3096933364868164,0.12786583533653847,2305.5123328289214,2244.9773894668797
sound_101.wav,ambulance,516.9,89d33c2925a5d9a36a3154795c6bd4dc,44100,2,16,132300,3.0,True,0.202333003282547,0.3473074436187744,0.12756911057692308,2045.489391380732,1946.3796071954528
sound_102.wav,ambulance,516.9,e94cbf1b660db1b85e53167fa69c0436,44100,2,16,132300,3.0,True,0.2595302164554596,0.3814564049243927,0.10299353966346154,1651.5374011727445,1624.7250469685453
sound_103.wav,ambulance,516.9,a3fae69bd0eb0b8fa3a973973506a117,44100,2,16,132300,3.0,True,0.23263654112815857,0.30029943585395813,0.11027268629807692,1718.1396416116659,1620.8853494756693
sound_104.wav,ambulance,516.9,ec7295ac425d1ae9b6ba96bdc464786b,44100,2,16,132300,3.0,True,0.2251797467470169,0.3646414577960968,0.09505709134615385,1560.7981595518984,1567.8789242280866
sound_105.wav,ambulance,516.9,ee62ce19b6f0fc870b5fa7a9184e1f99,44100,2,16,132300,3.0,True,0.19370901584625244,0.3037746250629425,0.11522310697115384,1845.1864682146204,1872.6288072750215
sound_106.wav,ambulance,516.9,89b6d0fd4cdbc77cdae559ebee9f658b,44100,2,16,132300,3.0,True,0.10701218992471695,0.2599061131477356,0.12816631610576923,1890.8762340061544,1707.7600453103043
sound_107.wav,ambulance,516.9,120284350cbe653d7c7bc24e653e2dcf,44100,2,16,132300,3.0,True,0.11736654490232468,0.2711906135082245,0.14355844350961539,2451.2205507188874,2205.878334516277
sound_108.wav,ambulance,516.9,452fb1185c92680ba5b5d7f76f80bd0d,44100,2,16,132300,3.0,True,0.13575035333633423,0.32378828525543213,0.13199368990384616,1965.7402322969072,1590.7828425879566
sound_109.wav,ambulance,516.9,212147f4678bd8b43d3a303ebb8efc8c,44100,2,16,132300,3.0,True,0.1599198579788208,0.2696917951107025,0.12161959134615384,1832.6830015015291,1521.6184649604163
sound_11.wav,ambulance,516.9,1702b7ac9f3a393217f8987958bcf3b7,44100,2,16,132300,3.0,True,0.015310610644519329,0.16790476441383362,0.1029296875,1598.9480639163303,1126.5190122153722
sound_110.wav,ambulance,516.9,99d3fe793bbaca8c16fb69a5f6766c51,44100,2,16,132300,3.0,True,0.11194934695959091,0.24319258332252502,0.10961162860576923,1757.971075363273,1606.13892790453
sound_111.wav,ambulance,516.9,a96dc9f5c0072e5ffed43b245b8b1526,44100,2,16,132300,3.0,True,0.1371690332889557,0.3344155550003052,0.12743013822115384,2049.4389378964156,1869.8236090981097
sound_112.wav,ambulance,516.9,61ad2e43f7d6653b66fab0bc56cf2712,44100,2,16,132300,3.0,True,0.12848657369613647,0.3021605610847473,0.12331355168269231,1939.305139686464,1681.3376517081708
sound_113.wav,ambulance,516.9,7bd6818e3c63a9ea62dc6a44a3f37d14,44100,2,16,132300,3.0,True,0.11111046373844147,0.26616358757019043,0.11991436298076923,1882.500962648314,1715.6492278262208
sound_114.wav,ambulance,516.9,716ffcf6412e8f58339752a0f01d2b12,44100,2,16,132300,3.0,True,0.11093012243509293,0.2722108066082001,0.12913912259615384,1993.699856155478,1870.537531614471
sound_115.wav,ambulance,516.9,ea4710be6b66933e6ab8096dc352af90,44100,2,16,132300,3.0,True,0.11206378042697906,0.2951356768608093,0.12576246995192308,2055.1305531962016,1934.645550563601
sound_116.wav,ambulance,516.9,3b609d1dfe7962602682c552730ce448,44100,2,16,132300,3.0,True,0.10324588418006897,0.24917826056480408,0.13713191105769232,2304.9810720909563,2069.83874835348
sound_117.wav,ambulance,516.9,5f06b04bb3ea7d386526f1003507fa32,44100,2,16,132300,3.0,True,0.10686656087636948,0.29042232036590576,0.14820087139423077,2595.1301451837903,2299.7292254717913
sound_118.wav,ambulance,516.9,52f26763327e6bfee17df2de3a9fb7a6,44100,2,16,132300,3.0,True,0.11811883002519608,0.2763189375400543,0.12014723557692308,1834.5781189826976,1710.3544934354861
sound_119.wav,ambulance,516.9,58c2ad882006811ea370b68dc0b21804,44100,2,16,132300,3.0,True,0.1098950207233429,0.2555232346057892,0.10533728966346154,1637.0078578483922,1530.25383283915
sound_12.wav,ambulance,516.9,b3d1c5063d291bc10cd8fb6e9cd03881,44100,2,16,132300,3.0,True,0.03879937529563904,0.18732516467571259,0.13261343149038463,1835.295463315416,1118.398522550017
sound_120.wav,ambulance,516.9,d6b43e92c73a15eeefab1b0b0ef807cd,44100,2,16,132300,3.0,True,0.11245284229516983,0.270080029964447,0.11491887019230769,1627.7809216866647,1516.611494118705
sound_121.wav,ambulance,516.9,1e1045f7a36309742199f3459d0eb195,44100,2,16,132300,3.0,True,0.0894385352730751,0.2724260091781616,0.0919921875,1438.868344365269,1764.6739455129243
sound_122.wav,ambulance,516.9,a5d597799a03813b9e92a771c00d366b,44100,2,16,132300,3.0,True,0.09255523234605789,0.28035256266593933,0.09353590745192308,1505.4800939924553,1713.2216073507384
sound_123.wav,ambulance,516.9,e0ca7f641e89cb31597d46c415a6ff43,44100,2,16,132300,3.0,True,0.09592117369174957,0.3210613429546356,0.11525315504807693,1606.4504588202615,1697.9569990356968
sound_124.wav,ambulance,516.9,060791c932bf6bc95811693e45e7386b,44100,2,16,132300,3.0,True,0.11629191786050797,0.35138049721717834,0.11256385216346154,1650.7886851882554,1767.7787640784668
sound_125.wav,ambulance,516.9,3e275d934085011f20149835d5b73105,44100,2,16,132300,3.0,True,0.10691720247268677,0.32296353578567505,0.11550105168269231,1749.8026043683126,1848.5470674889955
sound_126.wav,ambulance,516.9,84cf7100fdde64aa610168cd803c2b04,44100,2,16,132300,3.0,True,0.11534003168344498,0.35348644852638245,0.09391150841346153,1845.7929747301614,1972.477965363354
sound_127.wav,ambulance,281.3,41af018bbd7db9a974499381b0e99956,48000,1,16,144000,3.0,True,0.3137356638908386,0.26992151141166687,0.13354116586538461,2531.878701065353,2216.129954514618
sound_128.wav,ambulance,281.3,a88857ff54fc6f0072cb1a1d990e585b,48000,1,16,144000,3.0,True,0.21254821121692657,0.20588774979114532,0.13905498798076923,2135.700878306215,1931.0732846041053
sound_129.wav,ambulance,281.3,001ac1834f6485564dbdae56e8c06e93,48000,1,16,144000,3.0,True,0.32553544640541077,0.3085519075393677,0.1613093449519231,2328.5882724038265,1939.16211374998
sound_13.wav,ambulance,516.9,4a403a41bd066391cf65f0e9c3293b18,44100,2,16,132300,3.0,True,0.047280486673116684,0.2485407292842865,0.09920372596153847,2008.9313682535667,2179.646932383745
sound_130.wav,ambulance,281.3,001ac1834f6485564dbdae56e8c06e93,48000,1,16,144000,3.0,True,0.32553544640541077,0.3085519075393677,0.1613093449519231,2328.5882724038265,1939.16211374998
sound_131.wav,ambulance,281.3,0c842dae8e3ef0dc21b942b7ba252b7b,48000,1,16,144000,3.0,True,0.35836756229400635,0.3411614000797272,0.14421198918269232,2532.9134239844375,2115.6215561393274
sound_132.wav,ambulance,281.3,69b90aa9600a46a447b177ae3bb81aff,48000,1,16,144000,3.0,True,0.2125885933637619,0.20047660171985626,0.10146859975961539,1910.9595068616381,1930.8661650658216
sound_133.wav,ambulance,562.6,eca07d7373a9ba12f34a2e760dc60bd0,48000,2,16,144000,3.0,True,0.08461842685937881,0.31063172221183777,0.11811899038461539,1847.556024148394,1978.2672735172648
sound_134.wav,ambulance,562.6,411b8c51ec3b887509bcf69aa2482e69,48000,2,16,144000,3.0,True,0.05785692110657692,0.22096288204193115,0.11844951923076923,1898.3543136857431,1854.6779375832264
sound_135.wav,ambulance,562.6,486729445cd96791068f0939c7a1acd9,48000,2,16,144000,3.0,True,0.052671127021312714,0.2007482349872589,0.10901066706730769,1535.8615597293656,1699.0349550567294
sound_136.wav,ambulance,516.9,6e4fc1f7e3975ef18ddd74cf5fb1acb0,44100,2,16,132300,3.0,True,0.1502857357263565,0.2147066444158554,0.09099684495192308,1190.7356369153676,1258.0853941363603
sound_137.wav,ambulance,516.9,365a3039da2cf900f4adeadae2935a49,44100,2,16,132300,3.0,True,0.13361938297748566,0.23317496478557587,0.10436072716346154,1459.3146294630901,1523.444552946482
sound_138.wav,ambulance,516.9,476af63bc1f1520e5ad0af935ff24e1d,44100,2,16,132300,3.0,True,0.16045470535755157,0.2513962686061859,0.094482421875,1399.7207779666605,1424.7838726029588
sound_139.wav,ambulance,516.9,d57c5c046207973c9a50a0e0737e3cbd,44100,2,16,132300,3.0,True,0.16870391368865967,0.24929064512252808,0.096142578125,1383.8368187890292,1354.168450121192
sound_14.wav,ambulance,516.9,94f0dd7ab9ad22da191580f1395186cf,44100,2,16,132300,3.0,True,0.04908648505806923,0.2666029930114746,0.08834510216346154,2069.7005892764582,2283.3825117472543
sound_140.wav,ambulance,516.9,bcb0efe3327b4ef301e21c735883e701,44100,2,16,132300,3.0,True,0.17541389167308807,0.2806122303009033,0.10095402644230769,1499.5744774103819,1438.0826358443114
sound_141.wav,ambulance,516.9,214f05e9579d5adfe67dd3572c6a14d4,44100,2,16,132300,3.0,True,0.20420756936073303,0.26919078826904297,0.11722506009615384,1802.7138644594488,1630.5249893356015
sound_142.wav,ambulance,516.9,92bad6f6b7124b7f4521831a887f4f6c,44100,2,16,132300,3.0,True,0.2237033247947693,0.2978687882423401,0.11336763822115385,1766.5783837588756,1598.4141226898303
sound_143.wav,ambulance,516.9,3f2687687b42704333bd2f13b5cbdfd4,44100,2,16,132300,3.0,True,0.2318619191646576,0.2879941463470459,0.10898061899038461,1746.6358025141446,1664.5082314560623
sound_144.wav,ambulance,516.9,ab2744407af7983ee4c83a7da2883594,44100,2,16,132300,3.0,True,0.25438350439071655,0.3037663996219635,0.09506084735576924,1608.780582254531,1590.1592433521998
sound_145.wav,ambulance,516.9,85a452c4e2b9ad9c4664d72ab7abe150,44100,2,16,132300,3.0,True,0.2266882061958313,0.29038697481155396,0.09745342548076923,1799.0937948987334,1803.7083351456822
sound_146.wav,ambulance,516.9,ae23aed627950994486ed961af0bf289,44100,2,16,132300,3.0,True,0.23711451888084412,0.3110945522785187,0.11478365384615384,1765.8862584737499,1581.740147024072
sound_147.wav,ambulance,516.9,46e279de88b51ce9e6cb22b0e6391428,44100,2,16,132300,3.0,True,0.23352240025997162,0.27916252613067627,0.11287935697115385,1791.0544087002202,1570.2427831021103
sound_148.wav,ambulance,516.9,1a5d516f0a2af1b66e976906f3b1ad8a,44100,2,16,132300,3.0,True,0.2591249942779541,0.3242475390434265,0.11938852163461539,1870.5121006065692,1447.109708108049
sound_149.wav,ambulance,516.9,aa0fd389891e28bad3db92be80a21029,44100,2,16,132300,3.0,True,0.20683155953884125,0.2648276686668396,0.10104041466346154,1679.7442300905107,1539.700699881265
sound_15.wav,ambulance,516.9,6b6868a80ac7e0dcf93f437eb90ca49a,44100,2,16,132300,3.0,True,0.050514496862888336,0.23902525007724762,0.09993614783653847,2011.7860103081393,2079.237439335359
sound_150.wav,ambulance,516.9,c12f20cb6176f23336e9b24a9c290c41,44100,2,16,132300,3.0,True,0.17735406756401062,0.2523742616176605,0.10588566706730769,1772.9236296750828,1681.2011826360254
sound_151.wav,ambulance,562.6,6ca01d5f833870deb4a85a725837d985,48000,2,16,144000,3.0,True,0.2087235450744629,0.3413548171520233,0.11126427283653846,1634.045267920444,1433.4793200657846
sound_152.wav,ambulance,562.6,96d46464bf0fe4de4dd857710e4c244c,48000,2,16,144000,3.0,True,0.2078990638256073,0.3580498993396759,0.11039663461538461,1625.9576756262672,1502.8430712425172
sound_153.wav,ambulance,562.6,8d3957eb82ddd8503fb5caab9d70f230,48000,2,16,144000,3.0,True,0.26374632120132446,0.4286946952342987,0.09652944711538461,1417.4886386228295,1275.3526253734397
sound_154.wav,ambulance,516.9,513d9bc239c1e3ec3fd6c60f8eb75ae7,44100,2,16,132300,3.0,True,0.340236634016037,0.43048736453056335,0.12477463942307693,2020.037369398192,1699.2038271074766
sound_155.wav,ambulance,516.9,86e0dc31a0aa73a95d8069ab353248e4,44100,2,16,132300,3.0,True,0.2929512858390808,0.37132927775382996,0.10161884014423077,1921.2893284891272,1827.8081855090488
sound_156.wav,ambulance,516.9,49e741065ee5d671ef23a48fb36499ca,44100,2,16,132300,3.0,True,0.23162713646888733,0.3058222830295563,0.11272160456730769,1780.0198555450586,1752.0291890078936
sound_157.wav,ambulance,516.9,0b0ebb570e829db27d3bbecab5fc4a58,44100,2,16,132300,3.0,True,0.2025984227657318,0.2731557786464691,0.09363356370192308,1676.2988378071586,1888.2389929819383
sound_158.wav,ambulance,516.9,1ca21de060617530f365054445db882f,44100,2,16,132300,3.0,True,0.22681061923503876,0.31090012192726135,0.1096942608173077,1653.781101107405,1735.5271784728463
sound_159.wav,ambulance,516.9,8840bc6bbbbfd3be9363877fd145f212,44100,2,16,132300,3.0,True,0.24183838069438934,0.3205719590187073,0.10478515625,1649.3675687152431,1663.2942618194234
sound_16.wav,ambulance,516.9,5b931a81cc33520b600ae49cee284312,44100,2,16,132300,3.0,True,0.1721092164516449,0.31552112102508545,0.09953049879807692,1823.879851751154,1520.0474279044913
sound_160.wav,ambulance,516.9,667185975ad0891b74a6637565ffac32,44100,2,16,132300,3.0,True,0.22936472296714783,0.28803813457489014,0.1163799579326923,1412.5723701112895,1203.943441232798
sound_161.wav,ambulance,564.1,dd4c6ae3acdbfd160d8c7a09e452dc32,48000,2,16,144384,3.008,True,0.4751245677471161,0.5212518572807312,0.09815204326923077,1513.3176292779654,1164.8706667723416
sound_162.wav,ambulance,564.1,fa098762fc18524e394d4b9489bdb15d,48000,2,16,144384,3.008,True,0.2301160842180252,0.24920320510864258,0.12735877403846155,2079.2633186910275,1758.2121844710532
sound_163.wav,ambulance,564.1,fb898ca79d8bedaf17e5a7990229b1eb,48000,2,16,144384,3.008,True,0.42930522561073303,0.44578176736831665,0.12430513822115384,1684.9829282736966,1226.2810533695044
sound_164.wav,ambulance,564.1,bf2c0cf6e2e0d7d671821cf9bdbdb087,48000,2,16,144384,3.008,True,0.40740761160850525,0.442645788192749,0.12269756610576923,1972.9406279473585,1524.5991020611339
sound_165.wav,ambulance,564.1,384c364705a442cedacf4718dd5869c9,48000,2,16,144384,3.008,True,0.1505562961101532,0.31107866764068604,0.15274939903846155,2890.319687471655,2326.9865239846504
sound_166.wav,ambulance,564.1,5df26f5b68086837c8aac32f0811e7c4,48000,2,16,144384,3.008,True,0.4360368251800537,0.48073500394821167,0.1327448918269231,1668.795950372997,1454.8072805425127
sound_167.wav,ambulance,564.1,0974dde032ba758c36dc572369e78fcf,48000,2,16,144384,3.008,True,0.19813308119773865,0.18004615604877472,0.12510892427884615,2019.1274071826724,1698.7745114399013
sound_168.wav,ambulance,564.1,edddd69ec17c3bd18f1be218fc65f984,48000,2,16,144384,3.008,True,0.49594351649284363,0.5412211418151855,0.12425631009615384,1795.601389240851,1304.489243919666
sound_169.wav,ambulance,564.1,0a1f94af916b698e0c4a8d6febdd5ef4,48000,2,16,144384,3.008,True,0.41043201088905334,0.4382266104221344,0.12216421274038461,2206.9444942754853,1853.386542517417
sound_17.wav,ambulance,516.9,d37ea25d32d4cf9c816d8df5d25b726f,44100,2,16,132300,3.0,True,0.1629791408777237,0.359144002199173,0.11006234975961539,1985.084942956315,1702.949026659265
sound_170.wav,ambulance,564.1,8f653e914f1b8714981ac7cae48dddba,48000,2,16,144384,3.008,True,0.20106512308120728,0.26630014181137085,0.11378831129807693,1490.7528396943394,1383.1168562472
sound_171.wav,ambulance,564.1,a0d695b60c5941c516f4db5b4111d9f7,48000,2,16,144384,3.008,True,0.40215003490448,0.4127044379711151,0.1304236778846154,1956.172307572117,1618.159497225678
sound_172.wav,ambulance,564.1,9f91088af7d32c780016f696427b1a66,48000,2,16,144384,3.008,True,0.2540307343006134,0.2829602360725403,0.10987079326923077,1681.120181147131,1754.0059794284743
sound_173.wav,ambulance,564.1,840a7cdeb48b8dae9ad18d6db5cdbf6f,48000,2,16,144384,3.008,True,0.4164435863494873,0.4535621106624603,0.10382361778846154,2165.793233538585,1852.8224766941337
sound_174.wav,ambulance,564.1,18ea3fb0a50d5ce0cdf28d2d0e43a47d,48000,2,16,144384,3.008,True,0.04254121705889702,0.1142653077840805,0.10968674879807692,1844.295978406161,1801.6889866752863
sound_175.wav,ambulance,564.1,9321de687b8a4a06ae727a98298898a6,48000,2,16,144384,3.008,True,0.12819263339042664,0.23594117164611816,0.13196739783653846,1667.055184483645,1510.92178085741
sound_176.wav,ambulance,564.1,22d48ea5af9e9b34999f8b3a9cedde04,48000,2,16,144384,3.008,True,0.41528910398483276,0.43850255012512207,0.14066256009615385,1909.5475325102875,1497.5132804756447
sound_177.wav,ambulance,564.1,2d1301f535164668097c27b7bc0230d2,48000,2,16,144384,3.008,True,0.38942933082580566,0.40394431352615356,0.13446514423076922,2482.4578781861883,2117.8946127283048
sound_178.wav,ambulance,564.1,54ec03992ed19e3e84873e3c6df821c2,48000,2,16,144384,3.008,True,0.16583842039108276,0.30399057269096375,0.11776592548076924,2383.457347388477,1977.478982269548
sound_179.wav,ambulance,564.1,dfdfff5048e9fdf661fc58f91aa4f64e,48000,2,16,144384,3.008,True,0.40082088112831116,0.38872677087783813,0.12763671875,1877.3296725384864,1539.2773844988228
sound_18.wav,ambulance,516.9,9b6d2d0bfc943516e94b92b58bbdec2d,44100,2,16,132300,3.0,True,0.19337721168994904,0.38473230600357056,0.09488807091346153,1878.0735089311345,1652.1909136251923
sound_180.wav,ambulance,564.1,905c72ee0af46d3ae1a7670aa77b351b,48000,2,16,144384,3.008,True,0.2419751137495041,0.270906537771225,0.10682091346153846,1841.6920484042923,1884.2096031790566
sound_181.wav,ambulance,564.1,44d0ee2ba9ec757041ddb7c156dc2b39,48000,2,16,144384,3.008,True,0.3341575264930725,0.3594469130039215,0.16640625,2204.773038493807,1649.5393826548
sound_182.wav,ambulance,564.1,54a042db92d50700c8b2f1c8b954d3b8,48000,2,16,144384,3.008,True,0.39656805992126465,0.42487651109695435,0.11891902043269231,2144.004685082451,1770.8347168121954
sound_183.wav,ambulance,564.1,325a7f3902d8acafec1702d473cd8246,48000,2,16,144384,3.008,True,0.39934906363487244,0.4194754958152771,0.11968524639423077,2098.6297921895844,1858.4622903520394
sound_184.wav,ambulance,564.1,86b1db5e8d35d17fab24c734780202c6,48000,2,16,144384,3.008,True,0.2461065948009491,0.24820327758789062,0.15248647836538462,2393.577258802834,1899.7566159743633
sound_185.wav,ambulance,564.1,c1cf451ab1a36aff4684eade592ddfa2,48000,2,16,144384,3.008,True,0.3525751233100891,0.365244597196579,0.12831280048076923,1701.8996372830584,1475.9624625784413
sound_186.wav,ambulance,564.1,dbf78925b569fdff24e401ceb148d28e,48000,2,16,144384,3.008,True,0.3921326994895935,0.4234796464443207,0.10204326923076923,1681.6148824221714,1584.4252429763987
sound_187.wav,ambulance,564.1,7274a156c5176d8977675afabf43b73c,48000,2,16,144384,3.008,True,0.43772241473197937,0.4793784022331238,0.09663461538461539,1662.964373173037,1535.1061537553835
sound_188.wav,ambulance,564.1,d2daf99515b851d5f964b85d849edc39,48000,2,16,144384,3.008,True,0.37839460372924805,0.42135298252105713,0.11417893629807692,2192.981379969436,1989.9062665997858
sound_189.wav,ambulance,564.1,4f3d7d95c64643849bf7cc96d97e2247,48000,2,16,144384,3.008,True,0.22503717243671417,0.2194305956363678,0.12633338341346154,1508.4804166761294,1300.9231427191878
sound_19.wav,ambulance,258.5,ae00400bf0244a0aa4f5d9c005dd72e3,44100,1,16,132300,3.0,True,0.0383782684803009,0.23949697613716125,0.08008563701923077,1150.8132340962452,816.7702939876654
sound_190.wav,ambulance,564.1,cb2fae74cd3c16a03c2a0979289e21d7,48000,2,16,144384,3.008,True,0.42367398738861084,0.4616491496562958,0.13292518028846154,1863.444156840046,1467.289056692707
sound_191.wav,ambulance,564.1,45fa1b96142082542549eb0cdc7f75b7,48000,2,16,144384,3.008,True,0.3606906235218048,0.3700416684150696,0.12676908052884617,1833.7895409113496,1427.0763576199752
sound_192.wav,ambulance,564.1,6afbca5ecef9856f8f53082b1eb91d41,48000,2,16,144384,3.008,True,0.4116530120372772,0.4416287839412689,0.12255859375,1618.159728642057,1254.534468570401
sound_193.wav,ambulance,564.1,1ef00cad89e1bb9712251289686ea0bc,48000,2,16,144384,3.008,True,0.417889803647995,0.44548356533050537,0.10758338341346153,1617.8452936373408,1335.5882963527315
sound_194.wav,ambulance,564.1,fff72179593663f8f68659e50c294332,48000,2,16,144384,3.008,True,0.376923143863678,0.4057161808013916,0.1431903545673077,1985.582052072379,1472.9782706344965
sound_195.wav,ambulance,564.1,db9810378e519915af5fb2f53dbe6af1,48000,2,16,144384,3.008,True,0.2340088188648224,0.244055837392807,0.12210411658653846,1439.3881761628304,1007.7122225623748
sound_196.wav,ambulance,520.1,d1baf8101c4e2148788de842f48cd21a,44100,2,16,133120,3.01859410430839,True,0.25721457600593567,0.292845219373703,0.10349684495192307,1444.405952379485,921.3998240798593
sound_197.wav,ambulance,520.1,bd8fea48292919044a4df4b5579adb3e,44100,2,16,133120,3.01859410430839,True,0.2472301721572876,0.3273334801197052,0.10785381610576923,1593.3173220753013,1120.869059281438
sound_198.wav,ambulance,520.1,3c4835fff0734a7ca35a0a35cb4cccba,44100,2,16,133120,3.01859410430839,True,0.2368343472480774,0.2669653594493866,0.12145057091346154,1653.2239569198791,1025.3353699486481
sound_199.wav,ambulance,520.1,308476fbfd10475549c08c5bc9ad652b,44100,2,16,133120,3.01859410430839,True,0.2684939503669739,0.2842848598957062,0.12898137019230768,1723.3067079765046,951.5376747471757
sound_2.wav,ambulance,516.9,7b7bedb0faf9919afa6542bee366990a,44100,2,16,132300,3.0,True,0.01546611450612545,0.16090866923332214,0.10325646033653846,1589.7860514545714,1087.941253417065
sound_20.wav,ambulance,258.5,9c60cf0c5c90dd178be96f3920e7a192,44100,1,16,132300,3.0,True,0.03699299693107605,0.2720721364021301,0.06611703725961539,1122.8527141704735,855.5988848805895
sound_200.wav,ambulance,520.1,6b730ed45c48226fa3c226552ca4396b,44100,2,16,133120,3.01859410430839,True,0.252730131149292,0.25984469056129456,0.11974534254807692,1756.1988132310807,1107.6980656581106
sound_21.wav,ambulance,258.5,38a15942dde6c3671c7b2200b44037a0,44100,1,16,132300,3.0,True,0.035706233233213425,0.2897527813911438,0.09237154447115385,1223.6451105045696,789.1346699142605
sound_22.wav,ambulance,516.9,6fe77e6b240603962375b5784dfe8d89,44100,2,16,132300,3.0,True,0.021978043019771576,0.2090453952550888,0.14146634615384615,2112.8781233738096,1539.7824695226727
sound_23.wav,ambulance,516.9,506d82f4627a3a03f3d9e946687462a8,44100,2,16,132300,3.0,True,0.017432313412427902,0.154964417219162,0.10492037259615385,1635.5375399718805,1157.810318148074
sound_24.wav,ambulance,516.9,c55edd84e2e2cffe0f80a4666833f39a,44100,2,16,132300,3.0,True,0.047215282917022705,0.17920370399951935,0.1326397235576923,1841.76255230979,1121.6048461694318
sound_25.wav,ambulance,516.9,2efa181d5b02d48fd6771c2d477404b5,44100,2,16,132300,3.0,True,0.4626714289188385,0.4470912516117096,0.115478515625,1823.256371230123,1466.566059707235
sound_26.wav,ambulance,516.9,c6189396d02cf5aadd5537cf1fd6d869,44100,2,16,132300,3.0,True,0.4187543988227844,0.4013512134552002,0.0961162860576923,1577.8612296098916,1340.3426691888415
sound_27.wav,ambulance,516.9,74c64ad6b6e26d0be76f5e2dc45d458b,44100,2,16,132300,3.0,True,0.21864904463291168,0.21669064462184906,0.110498046875,1803.3938438657854,1545.6589856382607
sound_28.wav,ambulance,516.9,56c5f689491284184c9da52d59f3241b,44100,2,16,132300,3.0,True,0.10630753636360168,0.22141186892986298,0.10413912259615385,1361.4257971109168,1430.4187858417456
sound_29.wav,ambulance,516.9,1076a50cb29eb0badcd63e6021932ee3,44100,2,16,132300,3.0,True,0.1146993488073349,0.23451608419418335,0.07842548076923077,1265.4041966549999,1516.1051916861998
sound_3.wav,ambulance,516.9,f98b109c9d4fd85214db942c60d75828,44100,2,16,132300,3.0,True,0.03916744142770767,0.18341363966464996,0.132275390625,1820.9386912363884,1090.2268576852382
sound_30.wav,ambulance,516.9,77d483ad31c0bb67c82ccde12fd22f05,44100,2,16,132300,3.0,True,0.09025879949331284,0.22529159486293793,0.08893103966346154,1375.4517603323884,1548.8258347144883
sound_31.wav,ambulance,516.9,4129350dc4edd9e061c39f8c38a16416,44100,2,16,132300,3.0,True,0.012922846712172031,0.19216938316822052,0.107763671875,1647.0356702739937,1144.681836866556
sound_32.wav,ambulance,516.9,5cd8b2927921d677f05f9414bf97533e,44100,2,16,132300,3.0,True,0.03761536255478859,0.1703013777732849,0.13295147235576923,1818.4976728844508,1107.2527153254653
sound_33.wav,ambulance,516.9,4c15135b3b3dfbef0b4cd67a30d5ced1,44100,2,16,132300,3.0,True,0.048947080969810486,0.21585115790367126,0.11107647235576923,1614.6325676912877,1115.0667935336278
sound_34.wav,ambulance,516.9,f152ae010a6e74e4613d8ae94da081f5,44100,2,16,132300,3.0,True,0.018135633319616318,0.2163112610578537,0.13082181490384615,1930.253253042208,1374.2348014939407
sound_35.wav,ambulance,516.9,b44ede0cdccea8f2c14e0cd02edeaec3,44100,2,16,132300,3.0,True,0.015463467687368393,0.1608782559633255,0.10322265625,1589.8806261631958,1088.1243054749166
sound_36.wav,ambulance,516.9,df5b4a1980d251d32896e61dd48b0ead,44100,2,16,132300,3.0,True,0.03915638476610184,0.18336495757102966,0.13230919471153846,1820.7517779116997,1090.3961602719817
sound_37.wav,ambulance,516.9,2d279e156f36bf30a9d0102a87a266b8,44100,2,16,132300,3.0,True,0.17714419960975647,0.21963098645210266,0.09571439302884616,1272.8769367608518,1405.3400803289107
sound_38.wav,ambulance,516.9,26b00eaf091ea5de251292249df335e7,44100,2,16,132300,3.0,True,0.1912880539894104,0.2349560409784317,0.09438100961538462,1343.9711105421666,1447.2286348493685
sound_39.wav,ambulance,516.9,b045e02c8c894610898c3854b2a34adb,44100,2,16,132300,3.0,True,0.17999404668807983,0.2776336371898651,0.11084735576923077,1416.8195048649568,1442.879705698367
sound_4.wav,ambulance,516.9,b5d8aac0971de5e28db2fd7efbb884c7,44100,2,16,132300,3.0,True,0.3011988401412964,0.4511569142341614,0.07901141826923076,1237.816804463107,946.2280706535357
sound_40.wav,ambulance,516.9,6d04b03ef3b4e4ed7f89afe56eaa5dc2,44100,2,16,132300,3.0,True,0.10774035006761551,0.1747865527868271,0.11894906850961538,1747.3096997786522,1508.9133881356615
sound_41.wav,ambulance,516.9,651ff8550e9ced413c9de378eb770dd0,44100,2,16,132300,3.0,True,0.13330815732479095,0.28467512130737305,0.11844951923076923,1862.311356580604,1704.1935189042918
sound_42.wav,ambulance,516.9,8741e266b38d22cc7aafee828c14d205,44100,2,16,132300,3.0,True,0.13342741131782532,0.3075600862503052,0.12201397235576923,2067.4268928908455,1891.8498554007508
sound_43.wav,ambulance,516.9,6da6583b70ab0a477d8587c0a7244703,44100,2,16,132300,3.0,True,0.21149960160255432,0.2807299494743347,0.12232196514423077,1575.7881351523554,1609.8134650132306
sound_44.wav,ambulance,516.9,b9ed67cf9233dd2f3c7d2679276cbc40,44100,2,16,132300,3.0,True,0.2570969760417938,0.34742969274520874,0.10110426682692308,1451.9066048897969,1406.2098353073409
sound_45.wav,ambulance,516.9,a9a172e2312ea39035ae866645293b35,44100,2,16,132300,3.0,True,0.2840343117713928,0.3889932334423065,0.10422551081730769,1480.0403205123503,1364.9754292756993
sound_46.wav,ambulance,516.9,6c32d8a6cdea813bdfe708e3058a7182,44100,2,16,132300,3.0,True,0.06272648274898529,0.2595013380050659,0.11708984375,1728.1844453836563,1538.76287443197
sound_47.wav,ambulance,516.9,a99498edaa86d547efc312a82b626bf8,44100,2,16,132300,3.0,True,0.06680301576852798,0.24615176022052765,0.10650165264423077,1617.5467112780686,1470.6517194767653
sound_48.wav,ambulance,516.9,203607e665702bb9899859f3ca6f928b,44100,2,16,132300,3.0,True,0.10701712220907211,0.38062262535095215,0.09875300480769231,1588.4301727388663,1308.6208561425017
sound_49.wav,ambulance,516.9,99036a97b562bc2e7b1f01a6ae1403d8,44100,2,16,132300,3.0,True,0.15948975086212158,0.2538495659828186,0.10069110576923077,1755.2734861881847,1864.9734667030718
sound_5.wav,ambulance,516.9,60a99ba730962cc4365096ef4e0c9102,44100,2,16,132300,3.0,True,0.2543644905090332,0.4245055615901947,0.06674053485576924,1271.8374676452377,1223.3577745894468
sound_50.wav,ambulance,516.9,fe0304c32428d09874fb04b17892febe,44100,2,16,132300,3.0,True,0.1816207468509674,0.32286712527275085,0.11828801081730769,1833.957317915442,1872.0390220328488
sound_51.wav,ambulance,516.9,93064a44969fa79489668674d8acb76b,44100,2,16,132300,3.0,True,0.19522249698638916,0.3147859275341034,0.10783879206730769,1693.2844118206228,1744.0722666527654
sound_52.wav,ambulance,516.9,3d3c2283e35ed412d556ef8ab4ac3ae1,44100,2,16,132300,3.0,True,0.16415902972221375,0.22054076194763184,0.11185021033653846,1628.2816996114302,1496.174366380714
sound_53.wav,ambulance,516.9,bface8a28a7861b8885d10eac5254128,44100,2,16,132300,3.0,True,0.18669523298740387,0.2152441143989563,0.11678936298076924,1620.0467922530124,1467.5532592542374
sound_54.wav,ambulance,516.9,26646e5b3a38a9786715c8e81b4bd419,44100,2,16,132300,3.0,True,0.20432907342910767,0.2578517496585846,0.10923227163461538,1705.722154292114,1525.8528931557926
sound_55.wav,ambulance,516.9,02d8403aa8f2c4d9114a3749bdc5014a,44100,2,16,132300,3.0,True,0.2819291949272156,0.33528202772140503,0.12175480769230769,1806.5490536632265,1548.908021910641
sound_56.wav,ambulance,516.9,c90e7177eb1bf87bfba192bb795d6f84,44100,2,16,132300,3.0,True,0.30490434169769287,0.3611180782318115,0.12030498798076923,1765.3654530503813,1464.0717528531861
sound_57.wav,ambulance,516.9,8dd781285c3a3cf9bdf0850cfaf2c533,44100,2,16,132300,3.0,True,0.2968730032444,0.3600148856639862,0.09915865384615384,1631.0042246046476,1451.1387334846381
sound_58.wav,ambulance,516.9,7ac290abd20cf3ce4144cb7686cdfed8,44100,2,16,132300,3.0,True,0.09331797063350677,0.2428520917892456,0.08504732572115385,1527.861866737521,1784.5441360947825
sound_59.wav,ambulance,516.9,3ef954b242a4e4ef4400d094cba4edc5,44100,2,16,132300,3.0,True,0.13280871510505676,0.2643584609031677,0.0840106670673077,1723.027757841197,2015.1831032892148
sound_6.wav,ambulance,516.9,0b5c0827543e99c7e8e2e998147dd54b,44100,2,16,132300,3.0,True,0.3260989189147949,0.5236113667488098,0.08454402043269231,1193.2612527791184,884.7698913877151
sound_60.wav,ambulance,516.9,0cbaae89251e1002072a8f16eeff1177,44100,2,16,132300,3.0,True,0.182438462972641,0.2848318815231323,0.09726186899038461,1981.7936999716153,2212.925706098319
sound_61.wav,ambulance,516.9,a85ae60d3de4eff96d317ab9b46c50a1,44100,2,16,132300,3.0,True,0.12096501141786575,0.37398993968963623,0.08497596153846154,1771.7313380141982,941.8583953250078
sound_62.wav,ambulance,516.9,904963356b0edd931ac993015ae09294,44100,2,16,132300,3.0,True,0.19372306764125824,0.6401459574699402,0.05504056490384615,611.4251452769782,285.7845994877263
sound_63.wav,ambulance,516.9,7c71dc517e194cbbea5331728d476c47,44100,2,16,132300,3.0,True,0.15547041594982147,0.5780292749404907,0.09066256009615385,971.2599857205756,315.89982582897954
sound_64.wav,ambulance,129.3,86b8190b7454c1f912acd64a55ad274a,22050,1,16,66150,3.0,True,0.16853129863739014,0.2932133674621582,0.10840594951923077,1475.9431129851062,997.6202250047863
sound_65.wav,ambulance,129.3,e5cbdecd06f2b8bcd59fc8745acf76b5,22050,1,16,66150,3.0,True,0.20157110691070557,0.25435107946395874,0.09373121995192307,1385.1863363331784,1034.2677086973317
sound_66.wav,ambulance,129.3,409b793eef8e247a06f0ed4434f4478d,22050,1,16,66150,3.0,True,0.17109501361846924,0.2890443801879883,0.11513296274038462,1514.3810330294327,1014.1110506435399
sound_67.wav,ambulance,129.3,900dc451e0e39e32d3cb8990766fbc5c,22050,1,16,66150,3.0,True,0.18036122620105743,0.1542929857969284,0.1711688701923077,2231.1312010500715,1200.2577244161073
sound_68.wav,ambulance,129.3,c54b27fe9129467367b981bf72600c2e,22050,1,16,66150,3.0,True,0.23122772574424744,0.2133009284734726,0.12654371995192307,1852.1253625552729,1165.4885135024097
sound_69.wav,ambulance,129.3,de081509e310235db546c13baf2fbe2f,22050,1,16,66150,3.0,True,0.1475452035665512,0.17507889866828918,0.18818734975961537,2264.5413936851214,1164.1142691053508
sound_7.wav,ambulance,516.9,8776a6706d845ca9107cc820a770bae6,44100,2,16,132300,3.0,True,0.11359246075153351,0.19289177656173706,0.11137319711538461,1632.1273631192303,1595.1211848553078
sound_70.wav,ambulance,516.9,a373cb34da2fb1f5743ea6ee51d27d19,44100,2,16,132300,3.0,True,0.07952865958213806,0.24932843446731567,0.08557692307692308,1306.2633844516615,1081.272217431543
sound_71.wav,ambulance,516.9,643074854198551123232f57afc59ada,44100,2,16,132300,3.0,True,0.07350592315196991,0.2692752480506897,0.0655987079326923,1182.9952766225645,1040.6637029550388
sound_72.wav,ambulance,516.9,4e288e0b3da2ee35a8bcdb22d09294a3,44100,2,16,132300,3.0,True,0.07118094712495804,0.28422811627388,0.09329176682692308,1303.7050307236707,1005.0504844091389
sound_73.wav,ambulance,516.9,143a68a520c65a55f367c113042badf0,44100,2,16,132300,3.0,True,0.1671876311302185,0.24707315862178802,0.07997295673076923,1402.7697615982042,1278.6317473348374
sound_74.wav,ambulance,516.9,889d829b26678967685de366f0645780,44100,2,16,132300,3.0,True,0.17471610009670258,0.24815350770950317,0.07782827524038462,1353.124222368668,1362.0225501957657
sound_75.wav,ambulance,516.9,813ab111b2230a2becd7823b44902a86,44100,2,16,132300,3.0,True,0.16367019712924957,0.24621303379535675,0.08872821514423077,1535.7331613813,1493.6987382949237
sound_76.wav,ambulance,516.9,143a68a520c65a55f367c113042badf0,44100,2,16,132300,3.0,True,0.1671876311302185,0.24707315862178802,0.07997295673076923,1402.7697615982042,1278.6317473348374
sound_77.wav,ambulance,516.9,889d829b26678967685de366f0645780,44100,2,16,132300,3.0,True,0.17471610009670258,0.24815350770950317,0.07782827524038462,1353.124222368668,1362.0225501957657
sound_78.wav,ambulance,516.9,813ab111b2230a2becd7823b44902a86,44100,2,16,132300,3.0,True,0.16367019712924957,0.24621303379535675,0.08872821514423077,1535.7331613813,1493.6987382949237
sound_79.wav,ambulance,516.9,18ac0f195c17e6216cf88721fae7aa3b,44100,2,16,132300,3.0,True,0.0008548598852939904,0.14644503593444824,0.13766150841346153,1900.1462308038836,1896.0312586410887
sound_8.wav,ambulance,516.9,8cc4c6db4764cd50b5fa851483f031eb,44100,2,16,132300,3.0,True,0.2119055688381195,0.31291481852531433,0.08571213942307693,1541.1681844620236,1676.6049466635818
sound_80.wav,ambulance,516.9,f93f55055065236585390943a42848f2,44100,2,16,132300,3.0,True,0.00272107170894742,0.2101718634366989,0.08094576322115385,1406.1563462214506,1613.1137077883056
sound_81.wav,ambulance,516.9,dbdb3e87e8e330af995d1fb097d97aa5,44100,2,16,132300,3.0,True,0.002983248792588711,0.24318911135196686,0.08501727764423077,1406.2797569644615,1555.4699506235881
sound_82.wav,ambulance,562.6,f0aa363d93eeaa23f63a355b46db85b9,48000,2,16,144000,3.0,True,0.014962198212742805,0.14522936940193176,0.12683668870192308,1739.7976717157644,1202.8807554996256
sound_83.wav,ambulance,562.6,e6c1fbf170b4792d55d2dfb3cae92903,48000,2,16,144000,3.0,True,0.05015753209590912,0.17162561416625977,0.12139798677884615,1680.3573370490483,1072.762335015785
sound_84.wav,ambulance,562.6,3126b56de28404fec8f71ba66bb392d5,48000,2,16,144000,3.0,True,0.07224640995264053,0.21572637557983398,0.11456204927884615,1613.833927470092,1065.1763789917852
sound_85.wav,ambulance,516.9,b99634c767b29a06c14495c7fc8a5e31,44100,2,16,132300,3.0,True,0.0695292130112648,0.11998465657234192,0.12035006009615384,2408.9526570052712,2485.55005848997
sound_86.wav,ambulance,516.9,741a5c64d750e7f513645e7477d763a4,44100,2,16,132300,3.0,True,0.11993081122636795,0.2531408667564392,0.10160381610576923,2055.5135574123465,2223.4675560231985
sound_87.wav,ambulance,516.9,f33981bd4f35a61f19feeb16276b9bf2,44100,2,16,132300,3.0,True,0.12535914778709412,0.24227066338062286,0.09027944711538462,2128.8014780617304,2320.972837422992
sound_88.wav,ambulance,562.6,20eca53c9093236bf6b68ddbbc954b3d,48000,2,16,144000,3.0,True,0.05495349317789078,0.19402073323726654,0.11500525841346154,1825.5837325488378,1860.2466963720717
sound_89.wav,ambulance,562.6,58617b1a60f783c669113b09acc0aa8c,48000,2,16,144000,3.0,True,0.07681287080049515,0.19784797728061676,0.10190805288461538,1592.0201455153226,1543.285720456366
sound_9.wav,ambulance,516.9,b6a32e2973a410266cd7bfebbcd277be,44100,2,16,132300,3.0,True,0.19716589152812958,0.28864604234695435,0.11430288461538461,1521.3328291966334,1317.4166344286843
sound_90.wav,ambulance,562.6,27275e914702aa63c046119331b33927,48000,2,16,144000,3.0,True,0.09314657002687454,0.22455084323883057,0.10032677283653846,1603.656853985589,1489.0308676578848
sound_91.wav,ambulance,516.9,6a16211e8e303c15a3f670d8a0d4d3b2,44100,2,16,132300,3.0,True,0.20258218050003052,0.4620332717895508,0.12494741586538462,1901.01725779189,1302.7759873453524
sound_92.wav,ambulance,516.9,3943a1eae63d49ec7dcb29e19dfcf80e,44100,2,16,132300,3.0,True,0.18451565504074097,0.39183443784713745,0.12777569110576922,2055.6958028669073,1466.1704604967445
sound_93.wav,ambulance,516.9,87d2a1736cbdbcb1590d1ad31ffd1a8e,44100,2,16,132300,3.0,True,0.14454156160354614,0.3388320207595825,0.10605844350961538,1842.7011274916235,1488.1848058601001
sound_94.wav,ambulance,516.9,96500c2f63dba9d241ac267f1b9a31ce,44100,2,16,132300,3.0,True,0.19415049254894257,0.4573727250099182,0.1172137920673077,1669.6651730204037,1443.7521263918168
sound_95.wav,ambulance,516.9,183ab49b0c9b6804670da2bba9e5235c,44100,2,16,132300,3.0,True,0.17291076481342316,0.41038256883621216,0.1050555889423077,1655.633036599538,1317.07280318876
sound_96.wav,ambulance,516.9,c6f84f6c5a41e13bee302a7224cb1d9b,44100,2,16,132300,3.0,True,0.1406475156545639,0.2880054712295532,0.10203951322115384,1637.209363092885,1287.4419373867079
sound_97.wav,ambulance,516.9,23a14ce428a63c636eb5f19288511a81,44100,2,16,132300,3.0,True,0.13509896397590637,0.32308682799339294,0.10732421875,1558.2959127095082,1287.5605490083365
sound_98.wav,ambulance,516.9,2182fd1df36982e9382baf200674bc1b,44100,2,16,132300,3.0,True,0.149094358086586,0.35109031200408936,0.1150653545673077,1552.1762789917102,1316.7107466722216
sound_99.wav,ambulance,516.9,2ce718ce295e766581d12cb74a387d9f,44100,2,16,132300,3.0,True,0.11978359520435333,0.28324297070503235,0.09998873197115385,1592.5451056749155,1618.474338936444
sound_201.wav,firetruck,516.9,ac8123416a9927916a1b1d2e3642b709,44100,2,16,132300,3.0,True,0.2250913381576538,0.32414326071739197,0.09268704927884615,1522.4182918747292,1319.770206949007
sound_202.wav,firetruck,516.9,e62914ac9d53107c97e35d401b9c8ffc,44100,2,16,132300,3.0,True,0.221925750374794,0.3000815212726593,0.10485276442307692,1655.2414927163068,1356.4756872969215
sound_203.wav,firetruck,516.9,32aebeb4c52dfc4e986aff4c905f5ae4,44100,2,16,132300,3.0,True,0.22837640345096588,0.3239504396915436,0.11543719951923077,2143.7512182846212,1722.184426798044
sound_204.wav,firetruck,516.9,1c8cf966bd9b7d8b29d240d49fb02c1d,44100,2,16,132300,3.0,True,0.1891525834798813,0.2736676037311554,0.11192908653846154,1940.9558645045886,1819.7688118379554
sound_205.wav,firetruck,516.9,b2612c49f9d39acf7b4bfaba0b9a3da9,44100,2,16,132300,3.0,True,0.18677805364131927,0.27441394329071045,0.09443734975961539,1474.3927413917336,1562.5583212852302
sound_206.wav,firetruck,516.9,782f937d6d4b7f2a3a2de931575e5c41,44100,2,16,132300,3.0,True,0.19709180295467377,0.2997405529022217,0.09698016826923077,1505.4292505778355,1345.8320200602377
sound_207.wav,firetruck,516.9,a798d5c9725bff76f3d078bad2ba44f0,44100,2,16,132300,3.0,True,0.19503462314605713,0.2955838143825531,0.10888296274038461,1635.5724603576175,1517.9620304886298
sound_208.wav,firetruck,516.9,946ac8cdc46834c29aea8806bb373cfb,44100,2,16,132300,3.0,True,0.20091146230697632,0.29137447476387024,0.10849233774038461,1652.3545914142758,1465.2029913182048
sound_209.wav,firetruck,516.9,4b73180f7b68f9534e00e766c26df941,44100,2,16,132300,3.0,True,0.2053210288286209,0.3055250346660614,0.12151442307692308,1716.3687033426452,1483.1687111924962
sound_210.wav,firetruck,516.9,92e28b43bf4e9f418a3948fab1d4e96c,44100,2,16,132300,3.0,True,0.23153629899024963,0.3020724952220917,0.09050856370192308,1633.3736928650105,1488.8037630601223
sound_211.wav,firetruck,516.9,c8c0c157080d4f878c62a9c4dc2b4aae,44100,2,16,132300,3.0,True,0.21212276816368103,0.28708383440971375,0.09643930288461539,1718.43988016809,1546.6946659264547
sound_212.wav,firetruck,516.9,3dd9ae322864ff9a0866b4872e0f7ebd,44100,2,16,132300,3.0,True,0.20463314652442932,0.29000693559646606,0.10824819711538461,1866.3000460688365,1728.6589361591177
sound_213.wav,firetruck,516.9,55724bef1a806390708b71c0ea5f4879,44100,2,16,132300,3.0,True,0.15643037855625153,0.24417519569396973,0.20765099158653846,3169.9931942256085,2404.5423868723
sound_214.wav,firetruck,516.9,4471e747d1f929be4cdcbdf6959b087c,44100,2,16,132300,3.0,True,0.15296117961406708,0.26143893599510193,0.20204702524038462,3246.2042504195097,2452.1735170648612
sound_215.wav,firetruck,516.9,f9bfcc3d31a84f5f11bb5c89891fbcaf,44100,2,16,132300,3.0,True,0.1384962946176529,0.23942232131958008,0.2462853064903846,3435.032584795242,2476.079085907618
sound_216.wav,firetruck,516.9,6ad7daa931104406457fa97be9ced00d,44100,2,16,132300,3.0,True,0.19294248521327972,0.26981887221336365,0.12607797475961538,2602.0178257169455,2192.2560540823624
sound_217.wav,firetruck,516.9,a385fbe190f1fd3d686d8b652d0f9450,44100,2,16,132300,3.0,True,0.1844823658466339,0.2848203778266907,0.1370868389423077,2663.517219103612,2161.97288653282
sound_218.wav,firetruck,516.9,9e578e8d2cdf605504febff15cbd967d,44100,2,16,132300,3.0,True,0.17128154635429382,0.2545529901981354,0.12039513221153846,2387.1598144884006,1996.9514295222225
sound_219.wav,firetruck,516.9,efc0a749d700c908a6321691ab31e0ce,44100,2,16,132300,3.0,True,0.15408749878406525,0.24927681684494019,0.13224158653846155,2289.1946621015704,2209.445239276587
sound_220.wav,firetruck,516.9,00c14b88052b533910a65a353d0e8b58,44100,2,16,132300,3.0,True,0.1962970495223999,0.26835334300994873,0.13450270432692307,2531.9967449579167,2444.609949024131
sound_221.wav,firetruck,516.9,b389c88b073e2d2550d5127a409161eb,44100,2,16,132300,3.0,True,0.17041334509849548,0.2752450704574585,0.14359224759615385,2293.134902988001,2129.2447203581705
sound_222.wav,firetruck,516.9,1b4351c92d323fc646000438ed1e0366,44100,2,16,132300,3.0,True,0.18346230685710907,0.2709845304489136,0.12410982572115385,2353.5282278814557,1988.4950919429716
sound_223.wav,firetruck,516.9,f52352a01b9dd4ea7cd560e8469d6e74,44100,2,16,132300,3.0,True,0.18146739900112152,0.2711382210254669,0.13211012620192308,2344.0267659163005,1955.7229203787517
sound_224.wav,firetruck,516.9,d901cdc82b161c410d35f0e93b4c2691,44100,2,16,132300,3.0,True,0.16160878539085388,0.2945308983325958,0.12209284855769231,2175.5881205670976,1766.8639014790265
sound_225.wav,firetruck,516.9,e7ff94c6f4efd63da6d329d41e1e2b75,44100,2,16,132300,3.0,True,0.16292783617973328,0.27897197008132935,0.13572716346153846,1947.5414441026885,1665.216829691521
sound_226.wav,firetruck,516.9,544b1ff8665fbd8308675bd4c57022e4,44100,2,16,132300,3.0,True,0.15802375972270966,0.24073445796966553,0.12170973557692308,1881.632629270197,1751.4690746631768
sound_227.wav,firetruck,516.9,02fdc419b4c2e7c436e66ee0ac188655,44100,2,16,132300,3.0,True,0.15093405544757843,0.23367802798748016,0.15116811899038463,2146.404048302424,1942.6668942096826
sound_228.wav,firetruck,516.9,8e9fd3e13caeef9ee03041ed79092bd2,44100,2,16,132300,3.0,True,0.15385228395462036,0.24946635961532593,0.20226487379807692,2569.0800403515423,1902.7782089727777
sound_229.wav,firetruck,516.9,d583174de873e42089368d760ad28c8e,44100,2,16,132300,3.0,True,0.1934834122657776,0.27916887402534485,0.13005183293269232,1797.115151920212,1496.7576099797434
sound_230.wav,firetruck,516.9,6a8781fd10446fa32f605d73da0274d0,44100,2,16,132300,3.0,True,0.17923575639724731,0.2741823196411133,0.1427509014423077,2075.491404090665,1708.4756035057972
sound_231.wav,firetruck,516.9,be2814c951d21fded1dd136016c1e69c,44100,2,16,132300,3.0,True,0.2292146384716034,0.3226397633552551,0.09578575721153847,1652.147716210533,1625.3796377783171
sound_232.wav,firetruck,516.9,136fd3897e686a7885f470fe7484313f,44100,2,16,132300,3.0,True,0.22606587409973145,0.29297879338264465,0.10284705528846154,1707.159229257487,1581.034459165845
sound_233.wav,firetruck,516.9,190435cd883addb5d031a8989d5ab6a2,44100,2,16,132300,3.0,True,0.22958746552467346,0.3244202136993408,0.13302659254807692,1908.9341866314758,1476.3067805208211
sound_234.wav,firetruck,516.9,5f33209d2f46dc8db06cef9b98a61793,44100,2,16,132300,3.0,True,0.09176228195428848,0.2615087032318115,0.09878305288461539,1924.3900947444413,1910.5927809320256
sound_235.wav,firetruck,516.9,ac1302aaab0d4b339de03be3c6c2daae,44100,2,16,132300,3.0,True,0.09059163182973862,0.2533937394618988,0.11728140024038461,1819.5553900040932,1725.521201828849
sound_236.wav,firetruck,516.9,4d2638886bef9e736c0ecbedf7bd42ce,44100,2,16,132300,3.0,True,0.0942474976181984,0.27253976464271545,0.09498572716346154,1896.6906298493968,1944.7396762167396
sound_237.wav,firetruck,516.9,7a6a6729a1c67d25a49f27bb62fc792b,44100,2,16,132300,3.0,True,0.09613264352083206,0.27850088477134705,0.10689603365384616,2271.659623498164,2214.5661265193817
sound_238.wav,firetruck,516.9,2c22cb17b7e333949ce2af4d53282a16,44100,2,16,132300,3.0,True,0.08777657151222229,0.2615843415260315,0.16625600961538461,2321.0502426854364,1969.2964771108252
sound_239.wav,firetruck,516.9,abad6c04e09b83f56178da1244c1742a,44100,2,16,132300,3.0,True,0.13014532625675201,0.35111039876937866,0.13346604567307693,2103.6376759407303,1701.7262012968754
sound_240.wav,firetruck,516.9,117e4759d04fa7a596300ace7e11889e,44100,2,16,132300,3.0,True,0.12096664309501648,0.2612208425998688,0.1477989783653846,2455.093904984444,1990.070651468697
sound_241.wav,firetruck,516.9,66bef2ea1c2558a0dee27e100eed03c6,44100,2,16,132300,3.0,True,0.13903947174549103,0.2816467881202698,0.1210674579326923,2375.090008922773,2178.9749441732984
sound_242.wav,firetruck,516.9,cefa86e4ca51e8e7bf3d0c0c8f7656f5,44100,2,16,132300,3.0,True,0.09651822596788406,0.2224246710538864,0.11565880408653846,2192.002155716506,2435.0241263771936
sound_243.wav,firetruck,516.9,eda0c7dfa51574460fbdf5f3cabdc1a5,44100,2,16,132300,3.0,True,0.08514272421598434,0.2621985971927643,0.1375751201923077,2689.137316373861,2473.026126637441
sound_244.wav,firetruck,516.9,a06c1920ff6bc57908a15706ae41bf72,44100,2,16,132300,3.0,True,0.0906071811914444,0.24603046476840973,0.12317457932692308,2642.934987430048,2493.065364586734
sound_245.wav,firetruck,516.9,5afc8a31f0625ef773249700aa76d11b,44100,2,16,132300,3.0,True,0.08620042353868484,0.2186633199453354,0.085400390625,1948.2786636358915,2206.945477901213
sound_246.wav,firetruck,516.9,3b6b8b9b125b0782402523284c865921,44100,2,16,132300,3.0,True,0.1755111962556839,0.24533306062221527,0.142529296875,2379.0836033277033,1923.4497188262328
sound_247.wav,firetruck,516.9,24c0afd3dd11b2855b2c2dda39a5d563,44100,2,16,132300,3.0,True,0.1486387848854065,0.25339624285697937,0.16706730769230768,2602.5331282684524,2214.9878884227646
sound_248.wav,firetruck,516.9,c2d0e047fea47c052f8e0d7350d36b6e,44100,2,16,132300,3.0,True,0.1736139953136444,0.2671934962272644,0.16232346754807692,2553.676967497924,1998.302245940414
sound_249.wav,firetruck,516.9,2012f495bffa3cee30f395a282db7a8c,44100,2,16,132300,3.0,True,0.24110038578510284,0.29646065831184387,0.13720703125,2424.244742930984,2043.507861421704
sound_250.wav,firetruck,516.9,ae03668184eee0522d51c748f584eb83,44100,2,16,132300,3.0,True,0.20517344772815704,0.1856420934200287,0.16659405048076922,3171.7708983363987,2526.2858332966357
sound_251.wav,firetruck,516.9,def5cbfc0a01d2c30528a0a8b56b010d,44100,2,16,132300,3.0,True,0.27859166264533997,0.2521705627441406,0.13894606370192308,2759.103188848792,2493.2272176663946
sound_252.wav,firetruck,516.9,2c47722339867bc0208f67cc9e6b2e30,44100,2,16,132300,3.0,True,0.19367991387844086,0.23230230808258057,0.12403470552884616,2425.4036912996025,2362.108570470198
sound_253.wav,firetruck,516.9,dbf7ae756db893011b0972312eb071f8,44100,2,16,132300,3.0,True,0.19393952190876007,0.24497783184051514,0.12434645432692308,2354.5052046857813,2307.1178873360936
sound_254.wav,firetruck,516.9,1305322fb18922bd3cc445b8328c6eb8,44100,2,16,132300,3.0,True,0.18765591084957123,0.24696464836597443,0.11770958533653846,2428.459960725909,2374.9597138062527
sound_255.wav,firetruck,516.9,998bde8d3cbb80f43cce9e848f570671,44100,2,16,132300,3.0,True,0.19999459385871887,0.24758699536323547,0.16478365384615384,2959.258916191421,2496.8307758104597
sound_256.wav,firetruck,516.9,aec304ee6686fdc89b7b668b1a3a831c,44100,2,16,132300,3.0,True,0.20938101410865784,0.25161102414131165,0.10707256610576923,2159.3722962939996,2297.2493346884266
sound_257.wav,firetruck,516.9,8b123e889575b5b30d36f30526764a4a,44100,2,16,132300,3.0,True,0.20212876796722412,0.2293929159641266,0.10670447716346154,2203.662428186559,2346.5711971196038
sound_258.wav,firetruck,516.9,6fad629049dc981e281721bde0985ad6,44100,2,16,132300,3.0,True,0.16516707837581635,0.2017165720462799,0.11052433894230769,1640.3363108920628,1495.2468917090278
sound_259.wav,firetruck,516.9,5a999647de19eed6af8a75da0f54af6c,44100,2,16,132300,3.0,True,0.19312439858913422,0.22707900404930115,0.12421499399038462,2122.427031717527,1873.7310327355794
sound_260.wav,firetruck,516.9,eda70faadaa7f406f9efcaaca26d3933,44100,2,16,132300,3.0,True,0.1996113806962967,0.21014286577701569,0.13208759014423077,2276.355600516096,1979.3892730053215
sound_261.wav,firetruck,562.6,0ea5a185fadd9bdf086796461a3dcbb6,48000,2,16,144000,3.0,True,0.26947683095932007,0.258338987827301,0.14559044471153845,2946.9098942696814,2344.8950138161567
sound_262.wav,firetruck,562.6,de5a40a761a2f4d2cf10a95e4ee40031,48000,2,16,144000,3.0,True,0.2246686816215515,0.2195289134979248,0.1615948016826923,2992.5514947315605,2298.2805621888024
sound_263.wav,firetruck,562.6,929defbdb9379cdd1800522dc23c8857,48000,2,16,144000,3.0,True,0.4520205557346344,0.4422839879989624,0.11283804086538461,1524.711660930029,1369.824945224984
sound_264.wav,firetruck,562.6,22cede353924147dd6a20c1d11522e92,48000,2,16,144000,3.0,True,0.24499157071113586,0.26513513922691345,0.1560734675480769,2590.141373062738,2143.2197627634464
sound_265.wav,firetruck,562.6,aa87992c24526bf249d8e15520ccd7a1,48000,2,16,144000,3.0,True,0.2772567868232727,0.3170308768749237,0.11386343149038461,1896.2949534129682,1812.9886636088634
sound_266.wav,firetruck,562.6,141710184aeef8ea329fe965c7484393,48000,2,16,144000,3.0,True,0.22812962532043457,0.25800323486328125,0.11354041466346154,2213.5801443360306,2145.0334950560195
sound_267.wav,firetruck,562.6,6917f9e03d26c882b8bc8e0af19d9e11,48000,2,16,144000,3.0,True,0.18869970738887787,0.21089962124824524,0.122607421875,2572.6972739293465,2155.1759353967273
sound_268.wav,firetruck,562.6,2ba6e0e074bc904e0f6f2477394ddcc5,48000,2,16,144000,3.0,True,0.1922910511493683,0.20884239673614502,0.11334510216346154,2467.5699352141014,2227.60995379758
sound_269.wav,firetruck,562.6,a7bd762b2eaea9cd363e032fda563287,48000,2,16,144000,3.0,True,0.1943548023700714,0.251665323972702,0.0979266826923077,1779.8430691354715,1816.9637627851657
sound_270.wav,firetruck,516.9,bd780b9f6c09115aaae64038ec6fe18c,44100,2,16,132300,3.0,True,0.1895589828491211,0.22942274808883667,0.12053786057692308,2354.560011659619,2250.9476424879113
sound_271.wav,firetruck,516.9,b548518d11269defae2045eda581e3c8,44100,2,16,132300,3.0,True,0.1971116065979004,0.21851888298988342,0.1341571514423077,2560.2557050888613,2374.2225649268753
sound_272.wav,firetruck,516.9,5d28c32ed4a154d2751632e213ed7343,44100,2,16,132300,3.0,True,0.18286040425300598,0.2397627830505371,0.11136568509615384,2005.306806163377,1904.286428333794
sound_273.wav,firetruck,516.9,d0d5fddd9f0c2b113a2d687cc62d1168,44100,2,16,132300,3.0,True,0.18260672688484192,0.2007596492767334,0.12365159254807692,2343.3001656302326,2199.121671888725
sound_274.wav,firetruck,516.9,508f15a23bf7162875c633d90f8bf94e,44100,2,16,132300,3.0,True,0.12962189316749573,0.18930989503860474,0.09805063100961539,1560.9521974552874,1679.464872019335
sound_275.wav,firetruck,516.9,ed15c2943783e262ee53da7f758052bb,44100,2,16,132300,3.0,True,0.1279929280281067,0.21658556163311005,0.09676231971153847,1663.6991403783854,1786.5666482812546
sound_276.wav,firetruck,516.9,837f342e8d2a0034fb15536473ce2dc3,44100,2,16,132300,3.0,True,0.18192170560359955,0.23656493425369263,0.12866586538461539,2199.8586997926486,2004.5055576347372
sound_277.wav,firetruck,516.9,b4878ef2f1fa03ea37a360cf30b82973,44100,2,16,132300,3.0,True,0.18013642728328705,0.22595952451229095,0.10848858173076924,1925.3290403025646,1805.9160621338192
sound_278.wav,firetruck,516.9,ba469bd17a3063cbbf67c4d7dee57f1d,44100,2,16,132300,3.0,True,0.2008104920387268,0.2521439790725708,0.10617112379807692,1716.6007780088037,1639.922020982098
sound_279.wav,firetruck,516.9,ed9b8f10c2100412f63a9df7908cab5f,44100,2,16,132300,3.0,True,0.20891173183918,0.24799080193042755,0.11383338341346154,1919.3066801089508,1861.9138765961775
sound_280.wav,firetruck,516.9,1530f95d23f4c3aad1bda1b3dc910d59,44100,2,16,132300,3.0,True,0.22065547108650208,0.24779671430587769,0.11361177884615385,2321.248406234543,2155.4857544260617
sound_281.wav,firetruck,516.9,db189d309207770ee8e86e86c8f53aeb,44100,2,16,132300,3.0,True,0.3335142433643341,0.30908745527267456,0.14477914663461539,2922.3576683868264,2550.1314936095437
sound_282.wav,firetruck,516.9,23355887368833aa5637a3bdbfe8b7ad,44100,2,16,132300,3.0,True,0.2301633507013321,0.2239001989364624,0.12053786057692308,2211.773069744956,2038.2343962415341
sound_283.wav,firetruck,516.9,fe5b7b6d56c241c1d5acdb30807baf9d,44100,2,16,132300,3.0,True,0.19332048296928406,0.20479248464107513,0.11976787860576923,2146.998985072647,1764.6263068795943
sound_284.wav,firetruck,516.9,47e423e624256702ccf423f3c7988aa3,44100,2,16,132300,3.0,True,0.28586599230766296,0.2700703740119934,0.15234750600961539,2669.2062044989984,2306.6624437188075
sound_285.wav,firetruck,516.9,cdf8289a5ffb340946fae3bc5432fd72,44100,2,16,132300,3.0,True,0.20924919843673706,0.19997477531433105,0.13771409254807693,2559.2087550376345,2211.5046427319458
sound_286.wav,firetruck,516.9,f55349e5a3cc7ae7c9ced54b86fda13f,44100,2,16,132300,3.0,True,0.23646636307239532,0.18094441294670105,0.1542743389423077,2834.5990985966923,2251.650724736388
sound_287.wav,firetruck,516.9,9bfe7715421a065711782336f36dd36c,44100,2,16,132300,3.0,True,0.2780759036540985,0.2536180317401886,0.16947490985576924,3056.223841311193,2348.364947612424
sound_288.wav,firetruck,516.9,154090598d8bf9420530b54ccf167338,44100,2,16,132300,3.0,True,0.1977260708808899,0.30620574951171875,0.116943359375,1893.367460122976,1941.1131821085007
sound_289.wav,firetruck,516.9,89c42c45771f374bc588951703ce38e8,44100,2,16,132300,3.0,True,0.1991092711687088,0.16775572299957275,0.12459435096153847,2204.524605188902,2142.9026073971627
sound_290.wav,firetruck,516.9,5260d1c8b911e5c1a930a9853349fe8a,44100,2,16,132300,3.0,True,0.19976134598255157,0.18386700749397278,0.13114858774038463,2758.6373051476744,2461.387003525868
sound_291.wav,firetruck,516.9,950097f40741317c5f687bb80b9f4be3,44100,2,16,132300,3.0,True,0.1992523968219757,0.2529137134552002,0.12264873798076924,2161.4840975160882,1938.8738773129185
sound_292.wav,firetruck,516.9,6eff524d9cc41a16ee7802a314e7658c,44100,2,16,132300,3.0,True,0.21089714765548706,0.24199019372463226,0.12351637620192307,2481.4156599826333,2222.1609853557247
sound_293.wav,firetruck,516.9,f95b6088ed561371350e3e73e00a6d01,44100,2,16,132300,3.0,True,0.2907823920249939,0.2617354989051819,0.15516451322115385,3322.2977925976043,2613.8370942478227
sound_294.wav,firetruck,516.9,cba65d72bde0ccbe0eb743b846a4a7c4,44100,2,16,132300,3.0,True,0.2158765345811844,0.19384537637233734,0.1590069110576923,2927.515662108464,2443.8535160025035
sound_295.wav,firetruck,516.9,8e61bbf350aa8edcc3f71b584ea9e379,44100,2,16,132300,3.0,True,0.2090051919221878,0.2154356688261032,0.1911846454326923,3479.462253629011,2590.5090648315095
sound_296.wav,firetruck,516.9,df64873621773b3d7bae76866577c3f2,44100,2,16,132300,3.0,True,0.19648578763008118,0.2061442732810974,0.1550969050480769,2915.765897597217,2488.5709161077457
sound_297.wav,firetruck,516.9,9f06f6321514d508f1c431ef9cc37b27,44100,2,16,132300,3.0,True,0.2559721767902374,0.2778811454772949,0.13619290865384615,2645.705166723505,2294.098516185132
sound_298.wav,firetruck,516.9,8ed5229436d5ace41dea4796ea6690b2,44100,2,16,132300,3.0,True,0.4426397681236267,0.3912687599658966,0.16173001802884615,3086.808390715843,2586.630553328271
sound_299.wav,firetruck,516.9,71487e52f80a71d80c894e79caceed7f,44100,2,16,132300,3.0,True,0.17038235068321228,0.22123777866363525,0.15190054086538463,2578.3376647594305,2307.8736360051535
sound_300.wav,firetruck,516.9,3d42babf77a761d6ce6f2201df63e530,44100,2,16,132300,3.0,True,0.1779770702123642,0.1654329150915146,0.13396935096153847,2119.9422480805542,1793.0874489280059
sound_301.wav,firetruck,516.9,0e233c1472739f69ae69bae7b6a0259b,44100,2,16,132300,3.0,True,0.21871334314346313,0.24119465053081512,0.10308743990384615,1567.2068579968773,1343.6069013959002
sound_302.wav,firetruck,516.9,7495fb7bdb3dda6f39dbae3332a395ac,44100,2,16,132300,3.0,True,0.22323402762413025,0.3409024775028229,0.104296875,1512.1557292401858,1281.4383774917958
sound_303.wav,firetruck,516.9,ded1aa15d7d60015116abea33a8a9883,44100,2,16,132300,3.0,True,0.06404503434896469,0.24969324469566345,0.07460186298076923,1403.03545681015,1722.9094429374354
sound_304.wav,firetruck,516.9,c25e7663bc4f3b8fd097f70c58a400bb,44100,2,16,132300,3.0,True,0.07303494215011597,0.17273369431495667,0.07786959134615384,1532.3080170098092,1764.5772718166183
sound_305.wav,firetruck,516.9,98c308995afd14e302608ea13cbde0d3,44100,2,16,132300,3.0,True,0.09347058087587357,0.20323239266872406,0.09260817307692308,1799.93770099111,1850.6332168298181
sound_306.wav,firetruck,516.9,3b22cf2c12def0d77bd5723f2b6e9683,44100,2,16,132300,3.0,True,0.08075186610221863,0.27344810962677,0.06803635817307692,1299.3747181034623,1670.0321009164488
sound_307.wav,firetruck,516.9,e9051ebc9956157af7304cf6acc74730,44100,2,16,132300,3.0,True,0.13376152515411377,0.12511178851127625,0.11462590144230769,2013.1304503315498,1959.278589559894
sound_308.wav,firetruck,516.9,0ba8d86489ab917d0e0a4376ab47e7a1,44100,2,16,132300,3.0,True,0.18187037110328674,0.16147330403327942,0.12108248197115384,2370.9291671458104,2115.362580525684
sound_309.wav,firetruck,516.9,14415ed380cc8ed847350f288f7c0ea1,44100,2,16,132300,3.0,True,0.1786366105079651,0.1785285621881485,0.10922100360576924,2130.0709234908745,1936.07157440467
sound_310.wav,firetruck,516.9,d4ca74b5cc419717f38caef3c1975072,44100,2,16,132300,3.0,True,0.2264624536037445,0.3276042640209198,0.10739933894230769,1353.6928892036358,1409.6272200050553
sound_311.wav,firetruck,516.9,c5e6153ad8b60df616115e2fd5f34253,44100,2,16,132300,3.0,True,0.19514808058738708,0.23921987414360046,0.12353515625,1814.4054704700543,1800.9817235494927
sound_312.wav,firetruck,516.9,2aea7e620548c3b198e82ddac2a3a53a,44100,2,16,132300,3.0,True,0.06163724139332771,0.23978182673454285,0.09176307091346154,1648.5065629102514,1954.4115961644852
sound_313.wav,firetruck,516.9,20470275cc68c7b97cfe351e620a2442,44100,2,16,132300,3.0,True,0.10494770854711533,0.13552850484848022,0.10757962740384615,1936.4241136551486,1933.7798038409785
sound_314.wav,firetruck,516.9,1aa437b41673a7ad44446884c8837cca,44100,2,16,132300,3.0,True,0.1829882264137268,0.21508073806762695,0.12177358774038462,2436.950227180182,2329.4279371518337
sound_315.wav,firetruck,516.9,95278f7d24b016205d584893688d4ed4,44100,2,16,132300,3.0,True,0.16759921610355377,0.15721529722213745,0.1518291766826923,2574.2893687277738,2135.4238202698607
sound_316.wav,firetruck,516.9,e14c68ad3e523a0d48575c1cb532959c,44100,2,16,132300,3.0,True,0.14443860948085785,0.14884497225284576,0.12261493389423077,2214.2518020015627,2060.8225186058703
sound_317.wav,firetruck,516.9,f39bf61ecc52a2e31112443dc7ecf374,44100,2,16,132300,3.0,True,0.20495884120464325,0.20265637338161469,0.1605243389423077,2967.7384934015454,2482.703669060685
sound_318.wav,firetruck,516.9,f93e245b671b54b13127dc079037d281,44100,2,16,132300,3.0,True,0.12135341018438339,0.2385084331035614,0.13701171875,1807.030154293489,1766.973262054879
sound_319.wav,firetruck,516.9,c82c698cb85a989d7f8afdb0ae91027f,44100,2,16,132300,3.0,True,0.15589693188667297,0.1511824131011963,0.1385779747596154,2036.6736814043918,1847.6423665751456
sound_320.wav,firetruck,516.9,759d4e5841a102bda40b69708f746e65,44100,2,16,132300,3.0,True,0.17464086413383484,0.1555403172969818,0.14921875,2488.3921094749767,2132.2627646092574
sound_321.wav,firetruck,516.9,e6e10e2f263514c1d9ef88f156787fb2,44100,2,16,132300,3.0,True,0.17342957854270935,0.2677217423915863,0.16735276442307692,2604.8418514426207,1956.5240026345498
sound_322.wav,firetruck,516.9,2652cf935772676029cfbe586d1583a2,44100,2,16,132300,3.0,True,0.16840144991874695,0.2514605224132538,0.1728290264423077,2705.0504658006375,2029.7012959198807
sound_323.wav,firetruck,516.9,07ff42ce7e53a422eb3cebfde63ea9c5,44100,2,16,132300,3.0,True,0.16798296570777893,0.2596800625324249,0.1707744891826923,2865.421983232383,2098.645253606925
sound_324.wav,firetruck,516.9,2489ec986d186fa759e447cd087d1913,44100,2,16,132300,3.0,True,0.15882806479930878,0.24290026724338531,0.17683668870192307,2940.58144134929,2160.111616797243
sound_325.wav,firetruck,516.9,c756aed0716af4d050cb02a93b3acc2c,44100,2,16,132300,3.0,True,0.17342394590377808,0.2692021131515503,0.13316556490384615,2633.8282001779103,2223.134057408147
sound_326.wav,firetruck,516.9,0f6d5f2d4075b689e9a1539a0ce5940b,44100,2,16,132300,3.0,True,0.17676249146461487,0.28378260135650635,0.13660606971153846,2371.2991295382644,1991.4633214488126
sound_327.wav,firetruck,516.9,f0247f02dccd887528461614fab48f25,44100,2,16,132300,3.0,True,0.17880964279174805,0.2727695107460022,0.1373985877403846,2282.2294870101787,1922.5284133519556
sound_328.wav,firetruck,516.9,cd79807f0ee148962bc37bfbaf689d47,44100,2,16,132300,3.0,True,0.1737338900566101,0.2597966194152832,0.14551156850961539,2412.5816280208155,2019.8542068353513
sound_329.wav,firetruck,516.9,b9ab158c2f06d8d368e05c05aeb9562c,44100,2,16,132300,3.0,True,0.17531493306159973,0.27668190002441406,0.14304762620192307,2353.451506381498,1939.903375303645
sound_330.wav,firetruck,516.9,56d3ddde6f928323460ae695a25fad30,44100,2,16,132300,3.0,True,0.17050780355930328,0.2477359175682068,0.1527644230769231,2580.5564749054574,2067.631993826962
sound_331.wav,firetruck,516.9,a73415c52fadd12c35f3910ad93c5b7a,44100,2,16,132300,3.0,True,0.13545659184455872,0.20195822417736053,0.2131610576923077,3249.8723869358764,2197.648177223584
sound_332.wav,firetruck,516.9,8c5d8ff552ee44b9853e3f0d2c04b276,44100,2,16,132300,3.0,True,0.1814126819372177,0.26681840419769287,0.21632737379807693,3472.460056001859,2391.915128853175
sound_333.wav,firetruck,516.9,7f41a54f5f565ac6eadc730248385f4b,44100,2,16,132300,3.0,True,0.10383069515228271,0.16286912560462952,0.16444185697115385,2817.8664415413728,2253.6444315424333
sound_334.wav,firetruck,516.9,cce166de1c137982e6c8863976b2ea28,44100,2,16,132300,3.0,True,0.07657353579998016,0.24372722208499908,0.10283203125,2225.7057780748232,2129.987284993047
sound_335.wav,firetruck,516.9,d3b269075ce78a6d6d99314acb2c537e,44100,2,16,132300,3.0,True,0.10760136693716049,0.18929560482501984,0.15169396033653845,2635.810967214943,2423.7633475710863
sound_336.wav,firetruck,516.9,3784a98269acda60d23db0f1be735096,44100,2,16,132300,3.0,True,0.18696102499961853,0.2776317000389099,0.15433067908653847,2248.35101979064,1786.3167822500034
sound_337.wav,firetruck,516.9,9525e55ae1027f2544f44ffd61b6edcf,44100,2,16,132300,3.0,True,0.16686128079891205,0.23792243003845215,0.15980694110576923,2730.212600644337,2137.727665817589
sound_338.wav,firetruck,516.9,5bd74d2840a299f5086b561f5825a433,44100,2,16,132300,3.0,True,0.18177586793899536,0.2604421079158783,0.12269756610576923,1977.9791541852182,1694.4381685466255
sound_339.wav,firetruck,516.9,781d645f7da3c0e2c1918ab22e9f1d59,44100,2,16,132300,3.0,True,0.23568719625473022,0.32718023657798767,0.11921950120192308,1745.6299578859869,1353.4171485398992
sound_340.wav,firetruck,516.9,1af11a22372a8bd521a14c58f60f895c,44100,2,16,132300,3.0,True,0.20368437469005585,0.3056170642375946,0.13374399038461537,2512.752685031171,2138.7264050505664
sound_341.wav,firetruck,516.9,f5b9bc8e7194c622342190d8929a3b1e,44100,2,16,132300,3.0,True,0.09584496170282364,0.21215184032917023,0.12592022235576922,1985.5728037027302,1909.3470464563125
sound_342.wav,firetruck,516.9,914d7d267961f741ad257664ab1b95d6,44100,2,16,132300,3.0,True,0.18956567347049713,0.3075615465641022,0.15792893629807692,2074.8340989339104,1670.1803131655593
sound_343.wav,firetruck,516.9,f042559d23c77062734ec2341230eac9,44100,2,16,132300,3.0,True,0.18944820761680603,0.2796776592731476,0.12971379206730768,2009.4484387066318,1747.425752135111
sound_344.wav,firetruck,516.9,5ef67aca220be4b1b872f75259c0d1d0,44100,2,16,132300,3.0,True,0.17607185244560242,0.26946428418159485,0.10193810096153846,1725.4458516902773,1710.7632122149253
sound_345.wav,firetruck,516.9,0765e801cacfc3beaed2211ca9f79c21,44100,2,16,132300,3.0,True,0.15523472428321838,0.21061360836029053,0.12280649038461539,1880.6445536059057,1644.6430493029052
sound_346.wav,firetruck,516.9,46140d87121064af6db54ebafd6b754c,44100,2,16,132300,3.0,True,0.23599088191986084,0.3390251696109772,0.09679236778846154,1756.0534313904695,1346.417799490019
sound_347.wav,firetruck,516.9,85c0244073260a88550319485bb0bad0,44100,2,16,132300,3.0,True,0.22687877714633942,0.31770583987236023,0.09621018629807693,1894.2105108472877,1504.0678936189363
sound_348.wav,firetruck,516.9,1561a7e950f08c5cef45c6617131a23e,44100,2,16,132300,3.0,True,0.12048229575157166,0.14778944849967957,0.15123197115384615,2431.0648028241117,2074.7816871732093
sound_349.wav,firetruck,516.9,cc0659099478d26d19cf6b0a18a3e71f,44100,2,16,132300,3.0,True,0.13871048390865326,0.20111635327339172,0.13977614182692308,2495.163048527553,2383.632073078549
sound_350.wav,firetruck,516.9,a1e5659eb9fed040f7c2741a4fc091b3,44100,2,16,132300,3.0,True,0.15354189276695251,0.24876545369625092,0.15717022235576922,2601.5295889838067,2212.1499388867087
sound_351.wav,firetruck,564.1,d46cd20a9a7c31c0998464ed68880815,48000,2,16,144384,3.008,True,0.2115081250667572,0.2658166289329529,0.13431865985576924,2766.5417816619865,2079.2270470293274
sound_352.wav,firetruck,564.1,cf67fae7683819d02f904d74f604b01d,48000,2,16,144384,3.008,True,0.195241779088974,0.21571886539459229,0.1282414362980769,2264.7603672062414,2102.094150505439
sound_353.wav,firetruck,564.1,f87b40b8faa6010a7ca40e7ce779c20a,48000,2,16,144384,3.008,True,0.19796590507030487,0.2451157569885254,0.13544170673076922,2903.399712826287,2537.5334212506978
sound_354.wav,firetruck,564.1,c3b9b3218b05349a6debadc77eed620d,48000,2,16,144384,3.008,True,0.2049148976802826,0.20550507307052612,0.15401893028846153,3281.7169403060857,2703.4087613148063
sound_355.wav,firetruck,564.1,5d4b950e161dbb15654ca1b3db00e5ac,48000,2,16,144384,3.008,True,0.2214512825012207,0.20469242334365845,0.14808819110576923,2893.322177513793,2579.712158754965
sound_356.wav,firetruck,564.1,bd85cfc2431a05f45bcf968492bf48ad,48000,2,16,144384,3.008,True,0.19875219464302063,0.17263169586658478,0.10754206730769231,2084.9701496043604,2147.5744217920465
sound_357.wav,firetruck,564.1,99aef10e53c6288c09ab2dfd1ecb880d,48000,2,16,144384,3.008,True,0.414872944355011,0.3996450901031494,0.13336087740384617,2464.7453629003817,2063.8106210146925
sound_358.wav,firetruck,564.1,ca66e92ebd4d9775bbf80d2042ab6b12,48000,2,16,144384,3.008,True,0.462522029876709,0.4426717758178711,0.12948467548076922,2356.7633777813626,2101.1933137731016
sound_359.wav,firetruck,564.1,0e13463e3f4addc2a1f2998d3c47e16c,48000,2,16,144384,3.008,True,0.13881023228168488,0.18226759135723114,0.1422100360576923,2460.115097833055,2214.6758126477116
sound_360.wav,firetruck,564.1,e54da2538cc652c895e75b1a7cbf6de2,48000,2,16,144384,3.008,True,0.18332813680171967,0.2169787436723709,0.1438514122596154,2749.0675216136538,2437.377903904695
sound_361.wav,firetruck,564.1,b4cee3cad82ece6731f97cd9f21c6fea,48000,2,16,144384,3.008,True,0.28020521998405457,0.25996914505958557,0.15783128004807692,2736.0787038737467,2241.7622901189447
sound_362.wav,firetruck,564.1,836e61a124a99aa1a16d1094fc5970ba,48000,2,16,144384,3.008,True,0.3638630509376526,0.3309595584869385,0.140576171875,2817.466005088115,2528.9622409919994
sound_363.wav,firetruck,564.1,5548817ac74eab1dfc5ea63335c16029,48000,2,16,144384,3.008,True,0.31123772263526917,0.29153940081596375,0.12147686298076923,2196.852689871297,2147.849703591825
sound_364.wav,firetruck,564.1,860dd9a289936c95c0c0ca5c5aee9d32,48000,2,16,144384,3.008,True,0.20921607315540314,0.21288515627384186,0.124267578125,2452.2392398023508,2229.3358313636604
sound_365.wav,firetruck,564.1,8c54365677592bbf7aba438a299cca88,48000,2,16,144384,3.008,True,0.22663234174251556,0.2100744992494583,0.14758864182692308,2305.6845039912596,1752.2587026541255
sound_366.wav,firetruck,564.1,117ca1d7fc6b9c931cc0cf7bc34e1da4,48000,2,16,144384,3.008,True,0.3963215947151184,0.3633153736591339,0.1154033954326923,2541.2636670157626,2468.8255002309843
sound_367.wav,firetruck,564.1,3b84a298694a11d8f8d5986d52583021,48000,2,16,144384,3.008,True,0.1860046535730362,0.17009194195270538,0.15307992788461539,2676.1610527670514,2275.517801218998
sound_368.wav,firetruck,564.1,2cfc1c5bfc175e4d19198230b937a9da,48000,2,16,144384,3.008,True,0.2035338580608368,0.19033555686473846,0.15958909254807693,2465.695217349917,1878.4807746520328
sound_369.wav,firetruck,564.1,8f29b513758c737a61d34d9184e9c688,48000,2,16,144384,3.008,True,0.2033882588148117,0.19518119096755981,0.12085336538461539,2279.761175044704,2092.098128163512
sound_370.wav,firetruck,564.1,36c7e6636f8c4c596af9f1470bc3d8e6,48000,2,16,144384,3.008,True,0.16091005504131317,0.17793229222297668,0.13525015024038461,2569.8274319376264,2391.1188113250005
sound_371.wav,firetruck,564.1,f53d9121af52ccd4035ce0023d3d3194,48000,2,16,144384,3.008,True,0.21853533387184143,0.23200371861457825,0.12879732572115385,2364.7308307677113,2191.6826878136353
sound_372.wav,firetruck,564.1,f301eee378779aeb8782076138158de7,48000,2,16,144384,3.008,True,0.1832127720117569,0.18856169283390045,0.14222881610576923,2931.012615443995,2488.8947062172774
sound_373.wav,firetruck,564.1,33914a725c4a698eec0b53d2ec1f542e,48000,2,16,144384,3.008,True,0.15537741780281067,0.20346461236476898,0.1301983173076923,2608.3858918858227,2422.28921411266
sound_374.wav,firetruck,564.1,ad2192d0258ff008b3c4d8d0bb3a8368,48000,2,16,144384,3.008,True,0.2676922082901001,0.2488059401512146,0.16352914663461537,2913.425269328133,2309.4261062722217
sound_375.wav,firetruck,564.1,f52a5f28ed961db026bd2c78ed5ddd39,48000,2,16,144384,3.008,True,0.2844977378845215,0.2638814449310303,0.10804912860576923,1964.7363428145754,1837.2942202567335
sound_376.wav,firetruck,564.1,5de035fe33873f703d9b4a76d7e81b7c,48000,2,16,144384,3.008,True,0.26449504494667053,0.2544315755367279,0.13116361177884617,2514.9284494076587,2174.10629280983
sound_377.wav,firetruck,564.1,2da59b69bc067437102884a4c894adb3,48000,2,16,144384,3.008,True,0.33356407284736633,0.295840322971344,0.14271334134615385,2457.9175100057246,2088.761100960372
sound_378.wav,firetruck,564.1,fd2b614f2d0a0ab73d7496ea6545c1a6,48000,2,16,144384,3.008,True,0.32704636454582214,0.28090187907218933,0.1724158653846154,2714.4553305631507,1986.532116365183
sound_379.wav,firetruck,564.1,60925bd07b6af6628154898b8d7ddc88,48000,2,16,144384,3.008,True,0.35675233602523804,0.3250465393066406,0.12660006009615385,1898.7843838936603,1561.8566905843122
sound_380.wav,firetruck,564.1,edb50f00105e90d61d5d4421b299f714,48000,2,16,144384,3.008,True,0.18983712792396545,0.179362952709198,0.15765099158653847,2386.86356027267,1909.8873132784574
sound_381.wav,firetruck,564.1,888b4d46b4c0970d603dfb06d84c6c34,48000,2,16,144384,3.008,True,0.19236792623996735,0.18571555614471436,0.15419170673076923,2752.169717027659,2393.12007661841
sound_382.wav,firetruck,564.1,d92b7a47b460302eb0d36c15ccb2f93d,48000,2,16,144384,3.008,True,0.21792064607143402,0.20029789209365845,0.16297701322115385,2773.8272093437567,2300.888490723206
sound_383.wav,firetruck,564.1,2bd71829b7b013e7b3635d181784800d,48000,2,16,144384,3.008,True,0.2903589606285095,0.26489341259002686,0.18648587740384615,3005.317134839088,2205.2545932846183
sound_384.wav,firetruck,564.1,5b76975eb7abf3b12600e77608b9a18a,48000,2,16,144384,3.008,True,0.20431815087795258,0.18086746335029602,0.10342923677884615,2550.831334196148,2499.8425488615794
sound_385.wav,firetruck,564.1,d3de2fae291c699baeeefa17d0b2f183,48000,2,16,144384,3.008,True,0.18843477964401245,0.16334788501262665,0.11453575721153846,2004.2483970996332,1662.317631802218
sound_386.wav,firetruck,564.1,1e3050e0b2d4ee776aa018eb14b62202,48000,2,16,144384,3.008,True,0.19587598741054535,0.18103227019309998,0.12290414663461538,2508.1784419057335,2215.1406323716396
sound_387.wav,firetruck,564.1,801cdd60936c3e38b3866671f2329094,48000,2,16,144384,3.008,True,0.17175546288490295,0.1566493958234787,0.12422250600961539,2071.8994592792824,1791.145412963841
sound_388.wav,firetruck,564.1,c6674f1eafb07ffb072439ee411a68f3,48000,2,16,144384,3.008,True,0.21138283610343933,0.3194506764411926,0.14228515625,2697.2932348584773,2201.73847668776
sound_389.wav,firetruck,564.1,5409e45e00297a655223a4f161707a20,48000,2,16,144384,3.008,True,0.40946465730667114,0.4437903165817261,0.1144268329326923,2063.950261005339,2018.9097069403308
sound_390.wav,firetruck,564.1,65ebcb743befd81a7f9f613227a603dd,48000,2,16,144384,3.008,True,0.23519735038280487,0.29318922758102417,0.1399639423076923,3007.1318567865383,2467.328464353431
sound_391.wav,firetruck,564.1,9e603847c3fa7f48d1dcf4fb6bd47fbd,48000,2,16,144384,3.008,True,0.296514630317688,0.3585740923881531,0.13386793870192307,2837.254126404563,2592.3555605851634
sound_392.wav,firetruck,564.1,50b75fa2b96ea5e17a6f2bc098ce6e90,48000,2,16,144384,3.008,True,0.2821842133998871,0.2677295506000519,0.15046950120192307,2822.033504105451,2337.067334715474
sound_393.wav,firetruck,564.1,fe9887217da401e56f1edb75cde297e4,48000,2,16,144384,3.008,True,0.2148706465959549,0.209187313914299,0.14534630408653845,2812.583890464654,2369.8573269600183
sound_394.wav,firetruck,564.1,1d54bc5bbf31e39ed10530a66fcccf40,48000,2,16,144384,3.008,True,0.2012646496295929,0.2711311876773834,0.15169396033653845,2828.4948059499775,2278.1150738914544
sound_395.wav,firetruck,564.1,9dd0ac17b1352811f1fd04021bddccad,48000,2,16,144384,3.008,True,0.378287672996521,0.3596647083759308,0.09710787259615385,1645.4134158954798,1453.8357554448858
sound_396.wav,firetruck,564.1,4ba72b090008ec87de6ab976a8f7f652,48000,2,16,144384,3.008,True,0.1998596042394638,0.20027193427085876,0.1280536358173077,2371.382661510737,2072.9534750731864
sound_397.wav,firetruck,564.1,d2b677709290b4112a743f4791b1e97a,48000,2,16,144384,3.008,True,0.37972182035446167,0.3233242928981781,0.13350360576923076,2429.120179824023,2056.228416684627
sound_398.wav,firetruck,564.1,008d29a872062fd25987c7f546f34181,48000,2,16,144384,3.008,True,0.0641380324959755,0.23929817974567413,0.07605168269230769,1731.6893902694444,2164.1077745693415
sound_399.wav,firetruck,564.1,9207af0ac48afa500e6db33358dc87cb,48000,2,16,144384,3.008,True,0.2030971795320511,0.21153752505779266,0.11385216346153847,1812.7344942666305,1889.4798105529949
sound_400.wav,firetruck,564.1,47c8b7fac66bfaec8426d821f48a8430,48000,2,16,144384,3.008,True,0.4390527009963989,0.42784225940704346,0.1300067608173077,1734.922195329007,1500.8402690477346
sound_401.wav,traffic,516.8,f8fb00157eb50fd392d325a7f050c3ba,44100,2,16,132300,3.0,True,0.09067085385322571,0.21911464631557465,0.04096304086538462,973.6427055806497,1328.1764096031256
sound_402.wav,traffic,516.8,90896c3b2a7c61a75d110d2d224ab111,44100,2,16,132300,3.0,True,0.08794393390417099,0.2331847995519638,0.04176307091346154,1043.1496190320292,1488.6424727885465
sound_403.wav,traffic,516.8,0d97b96b536aef1a7ba751d38e060837,44100,2,16,132300,3.0,True,0.07218673080205917,0.25698575377464294,0.04700270432692308,1061.433288294752,1445.8998828035883
sound_404.wav,traffic,516.8,323388dd3812f8116f2fcac950847b8f,44100,2,16,132300,3.0,True,0.09034232795238495,0.18467508256435394,0.08129131610576923,1365.421680195824,1567.409425252004
sound_405.wav,traffic,516.8,ef810e7588a86c93620d24c854ca811d,44100,2,16,132300,3.0,True,0.05303182825446129,0.24809207022190094,0.055187049278846156,1105.751691352876,1412.7709159021435
sound_406.wav,traffic,516.8,73c2a8a11c64ac8067f78069729cd6b2,44100,2,16,132300,3.0,True,0.06595821678638458,0.18834596872329712,0.05821439302884615,1172.5654542184873,1482.8417636813385
sound_407.wav,traffic,516.8,f8a0868c7d9946f165be4d13af95097c,44100,2,16,132300,3.0,True,0.0786529928445816,0.22926652431488037,0.058860426682692306,1185.50527131732,1526.0322246821838
sound_408.wav,traffic,516.8,7afc8aff85c4ce74ee7be85f13fc4390,44100,2,16,132300,3.0,True,0.0687396377325058,0.22328242659568787,0.050270432692307694,1084.4998286612288,1444.414977424342
sound_409.wav,traffic,516.8,56a6def1caad377599bf73d19e039db1,44100,2,16,132300,3.0,True,0.0928533524274826,0.2199499011039734,0.035738431490384616,1016.3674066443983,1497.5922189394903
sound_410.wav,traffic,516.8,8d6f37220c1ea7d332e51d8cfe8d1728,44100,2,16,132300,3.0,True,0.11348021030426025,0.23537981510162354,0.03395432692307692,1051.8050003988524,1573.9844314871352
sound_411.wav,traffic,516.8,f675b097630e25c69a4a7fddfc0e592c,44100,2,16,132300,3.0,True,0.11672383546829224,0.24714118242263794,0.03880333533653846,1025.437887726241,1537.3843925507024
sound_412.wav,traffic,516.8,41152a2684e1e164c68133ded2280da3,44100,2,16,132300,3.0,True,0.09678053855895996,0.19112490117549896,0.04017427884615385,946.1962027424128,1362.4738207384128
sound_413.wav,traffic,516.8,3a65e0f453783890ac567762e5b23d02,44100,2,16,132300,3.0,True,0.10087739676237106,0.26707756519317627,0.03429612379807692,901.440069561893,1301.0217895761252
sound_414.wav,traffic,516.8,ea3e380598b3890b8a32331697ac3be1,44100,2,16,132300,3.0,True,0.1059252992272377,0.25267598032951355,0.03325946514423077,880.2075300099998,1310.7838428335597
sound_415.wav,traffic,516.8,5e13c2f59901e99723f9f0a2923ee1f7,44100,2,16,132300,3.0,True,0.08663090318441391,0.2298223376274109,0.04296123798076923,966.317855839297,1379.1040856027412
sound_416.wav,traffic,516.8,04585b6fa836306fcbf029f9fa3b4db1,44100,2,16,132300,3.0,True,0.08712157607078552,0.23125998675823212,0.04045597956730769,993.1719415636643,1429.5158085955643
sound_417.wav,traffic,516.8,901f85ec06f0394f83c42091d3f60e81,44100,2,16,132300,3.0,True,0.1009376272559166,0.2499580979347229,0.036328125,900.9529289308797,1335.096388570912
sound_418.wav,traffic,516.8,8452a9d9c28fe1990419ae8c4d4977ee,44100,2,16,132300,3.0,True,0.0808536633849144,0.2586120069026947,0.04058368389423077,965.2900062197474,1342.9071028992198
sound_419.wav,traffic,516.8,2c4665394f842578f5a26e1cc530be80,44100,2,16,132300,3.0,True,0.05966847389936447,0.2160850167274475,0.053771033653846154,1075.450123672639,1403.677855701918
sound_420.wav,traffic,516.8,1fbd345347bdd15463fd8990edc8bc8d,44100,2,16,132300,3.0,True,0.06252578645944595,0.2578231692314148,0.05383488581730769,1116.930108479641,1444.3829236091294
sound_421.wav,traffic,516.8,9987b0f8675fc7395e04b94ce9d68c56,44100,2,16,132300,3.0,True,0.061109818518161774,0.2210877388715744,0.07729867788461539,1275.1595644454408,1624.5895209880018
sound_422.wav,traffic,516.8,cd1b256e3a2567ec2eda7c80ab142346,44100,2,16,132300,3.0,True,0.0624326728284359,0.23436614871025085,0.056020883413461536,1097.9708447151315,1426.5453226613283
sound_423.wav,traffic,516.8,fcec467eb620d7d9d580ebbeba97ea35,44100,2,16,132300,3.0,True,0.07733303308486938,0.2127637416124344,0.04189453125,1035.4014121212647,1449.411397690414
sound_424.wav,traffic,516.8,f2a45e85177609f2141b5f3a3f5b3457,44100,2,16,132300,3.0,True,0.08342581242322922,0.24223530292510986,0.04541766826923077,1128.8167458266594,1607.2725380633485
sound_425.wav,traffic,516.8,2aa06f960430efe354df9754fcb2f6e9,44100,2,16,132300,3.0,True,0.08827033638954163,0.238359272480011,0.04725435697115385,1109.631889244069,1548.6597545105624
sound_426.wav,traffic,516.8,9c4bb14aa514843391c09495738b5632,44100,2,16,132300,3.0,True,0.10876485705375671,0.2053903192281723,0.04169170673076923,987.120363857238,1409.8775877699936
sound_427.wav,traffic,516.8,35a640269a28840e1aa9400ff7c9cb10,44100,2,16,132300,3.0,True,0.09503360837697983,0.12009388953447342,0.04468524639423077,990.8174129338197,1360.0610280736075
sound_428.wav,traffic,516.8,57e4587566d7a4f57f8f2adf97a091f2,44100,2,16,132300,3.0,True,0.08649478107690811,0.23402142524719238,0.04134990985576923,1023.8735130239645,1442.268526164632
sound_429.wav,traffic,516.8,d6ad960d9bdd73785975f7416664e3b2,44100,2,16,132300,3.0,True,0.09677408635616302,0.26825079321861267,0.03609149639423077,982.0398969159916,1408.3792188369973
sound_430.wav,traffic,516.8,d2460ef78e49c76b1a241f728dd6b3f0,44100,2,16,132300,3.0,True,0.07007235288619995,0.2504368722438812,0.045477764423076925,1038.8453589032868,1441.1138241555527
sound_431.wav,traffic,516.8,e272ae09ba178bf8d85c34054ee3b5a7,44100,2,16,132300,3.0,True,0.05794114992022514,0.2423773556947708,0.057042518028846155,1188.012391606812,1575.1407236662044
sound_432.wav,traffic,516.8,66c6e402112ef7b8cf348f7793900f17,44100,2,16,132300,3.0,True,0.05705643445253372,0.21153858304023743,0.055307241586538464,1136.7019313228911,1475.6945902038092
sound_433.wav,traffic,516.8,769f42c28bb83baa0d8c9228417bd9ad,44100,2,16,132300,3.0,True,0.07176239043474197,0.22783108055591583,0.046814903846153846,975.8910138061968,1323.2709125766196
sound_434.wav,traffic,516.8,61a010032905720b13b93d042719b02b,44100,2,16,132300,3.0,True,0.09124860912561417,0.22251328825950623,0.05100661057692308,1000.1189143851989,1376.6689107852392
sound_435.wav,traffic,516.8,83c782d8a1539af1dda8dabdd393cc57,44100,2,16,132300,3.0,True,0.06740037351846695,0.24499432742595673,0.05126201923076923,1086.4546475335485,1415.3564593087008
sound_436.wav,traffic,516.8,158c98e5b1fb99b2fcc3b82be0fdd9d5,44100,2,16,132300,3.0,True,0.10560593008995056,0.18556785583496094,0.03423227163461538,908.5242933554013,1307.440522375805
sound_437.wav,traffic,516.8,2a88579f3e9792cb06b3c1a647c91a46,44100,2,16,132300,3.0,True,0.13979429006576538,0.24916698038578033,0.027753155048076922,810.9047659186342,1196.7549110064567
sound_438.wav,traffic,516.8,dbafaa9faf5908f0ba01686933894693,44100,2,16,132300,3.0,True,0.13604822754859924,0.18751107156276703,0.03805213341346154,860.6526815099686,1220.2669999552236
sound_439.wav,traffic,516.8,f5f899d95765603396b305cf5400bbe9,44100,2,16,132300,3.0,True,0.10175110399723053,0.15944302082061768,0.042566856971153845,1077.6497204080226,1546.267789372165
sound_440.wav,traffic,516.8,fe6b89c0e7731db44386bb8c2d9f6a9f,44100,2,16,132300,3.0,True,0.06854548305273056,0.23633748292922974,0.042874849759615384,1080.5958947306813,1551.9380818947523
sound_441.wav,traffic,516.8,8dbb7782e5a356b9bc5070f3d11659e6,44100,2,16,132300,3.0,True,0.059417061507701874,0.13344421982765198,0.05415414663461538,1124.8718187882282,1503.5937777908596
sound_442.wav,traffic,516.8,0dddbad405ca05766b775a87dd63795a,44100,2,16,132300,3.0,True,0.05324169248342514,0.236321821808815,0.05457857572115385,1148.573680585861,1520.5312787925848
sound_443.wav,traffic,516.8,f4a3b92fe644b91c7f21758dfec12dda,44100,2,16,132300,3.0,True,0.07006971538066864,0.22704778611660004,0.04348332331730769,1041.4401027074398,1450.9043654448494
sound_444.wav,traffic,516.8,c109f20509f3148f753945cccccd885c,44100,2,16,132300,3.0,True,0.07948232442140579,0.25166210532188416,0.04136493389423077,987.6274180025367,1379.32060868782
sound_445.wav,traffic,516.8,f76ff2df076f4ee526ea6af77472ddf5,44100,2,16,132300,3.0,True,0.0904335156083107,0.24350036680698395,0.04342322716346154,1074.4841074645458,1500.3840639499829
sound_446.wav,traffic,516.8,8eddc539e3ec1db7a6269191830b6fb3,44100,2,16,132300,3.0,True,0.08397100865840912,0.22533422708511353,0.04973332331730769,1103.838772564754,1480.505308933861
sound_447.wav,traffic,516.8,ffdb4dd73055070674dac04b8faeb840,44100,2,16,132300,3.0,True,0.08092894405126572,0.23135490715503693,0.046698467548076925,1064.2246071398013,1444.7124321965468
sound_448.wav,traffic,516.8,9fc8521e8949c7ebf1481034821200e7,44100,2,16,132300,3.0,True,0.07983434945344925,0.25012898445129395,0.05017277644230769,1057.6331209684458,1449.9324375263443
sound_449.wav,traffic,516.8,e53e7493e84b214c05cceb27b9a043d8,44100,2,16,132300,3.0,True,0.09048964083194733,0.2711600065231323,0.04422701322115385,1008.3968674201278,1428.9012555224353
sound_450.wav,traffic,516.8,d73d44f4ad9a7726349532b04816fe66,44100,2,16,132300,3.0,True,0.07904014736413956,0.2659507691860199,0.04292743389423077,981.5681367143333,1397.0979160881914
sound_451.wav,traffic,516.8,ef63af8635a17890bc64525198dc706a,44100,2,16,132300,3.0,True,0.07518191635608673,0.2278764694929123,0.04318284254807692,979.6238198446305,1401.6910336045605
sound_452.wav,traffic,516.8,de07b417016fd76893fe010e2a402b33,44100,2,16,132300,3.0,True,0.08296187222003937,0.2409825623035431,0.039156400240384616,1009.4237235745437,1473.8737909162626
sound_453.wav,traffic,516.8,f5b7f108b37632a523c1f0ab0ca605f0,44100,2,16,132300,3.0,True,0.06377889961004257,0.2363397479057312,0.05409405048076923,1141.3251332800162,1552.6344721380751
sound_454.wav,traffic,516.8,a0517ddeaaa9a1079f804ef6fdf1ce0e,44100,2,16,132300,3.0,True,0.0625520646572113,0.2632003128528595,0.05362079326923077,1111.1757184182084,1451.6665493148585
sound_455.wav,traffic,516.8,aff853ca5895568da83e83e455acf9ac,44100,2,16,132300,3.0,True,0.06400490552186966,0.22912055253982544,0.052501502403846156,1040.4725496332294,1369.6359754486027
sound_456.wav,traffic,516.8,196864f98b5105cd869c73d2b64e7d7e,44100,2,16,132300,3.0,True,0.0863695740699768,0.23806580901145935,0.045740685096153845,1087.3566724967682,1554.12224642765
sound_457.wav,traffic,516.8,35a729c1aec180a51ef4929aec1865ce,44100,2,16,132300,3.0,True,0.09463132917881012,0.26136481761932373,0.04284480168269231,1085.981278012393,1602.3826750764442
sound_458.wav,traffic,516.8,27646a6116d03d13f7b31abfd32f797e,44100,2,16,132300,3.0,True,0.1004304364323616,0.21243228018283844,0.04618013822115385,988.6530678264909,1395.5399534735318
sound_459.wav,traffic,516.8,764177b82d60f7f9f1a99cb09475c7c0,44100,2,16,132300,3.0,True,0.0770944207906723,0.22346825897693634,0.04587965745192308,983.4440319859376,1372.1579603867333
sound_460.wav,traffic,516.8,1acc69b878a22a986235d71f5b9ce6f5,44100,2,16,132300,3.0,True,0.0770740807056427,0.23821578919887543,0.04234149639423077,1006.3704177537212,1376.0779901067524
sound_461.wav,traffic,516.8,9485fe6c172af4d1c3abbe0a14dbdf37,44100,2,16,132300,3.0,True,0.09115134179592133,0.22341760993003845,0.03950946514423077,938.7593769195696,1305.1341240330569
sound_462.wav,traffic,516.8,76addc447e46f75a9ab4df11ef1d8064,44100,2,16,132300,3.0,True,0.08796762675046921,0.24666941165924072,0.04201847956730769,1042.1363765781102,1489.7860258163512
sound_463.wav,traffic,516.8,d13cd16b3c28897ca2a0a12847a08b87,44100,2,16,132300,3.0,True,0.07229205965995789,0.26088276505470276,0.04736328125,1060.9617260667405,1444.5010084567864
sound_464.wav,traffic,516.8,b9e2fe49640b1a3b7527bd669361b9d4,44100,2,16,132300,3.0,True,0.09040326625108719,0.18242137134075165,0.08120868389423076,1364.310170344288,1568.8712377096388
sound_465.wav,traffic,516.8,f613b9c139f7176eec9d022e0540760e,44100,2,16,132300,3.0,True,0.05305495485663414,0.2494102418422699,0.05588942307692308,1106.7299726493325,1412.4005156676074
sound_466.wav,traffic,516.8,f3bff4a27c323fb9f70719dbd131676a,44100,2,16,132300,3.0,True,0.06612346321344376,0.1916067898273468,0.05822566105769231,1170.6035196946782,1481.0606820427406
sound_467.wav,traffic,516.8,70431a7838b39a329bedbd7c06ab0bf6,44100,2,16,132300,3.0,True,0.07867547124624252,0.2289571911096573,0.05820688100961539,1182.6997884026514,1522.4088980227664
sound_468.wav,traffic,516.8,24b3c2cb9c49cefe753d2941c57f32cf,44100,2,16,132300,3.0,True,0.0687585175037384,0.21969425678253174,0.04951923076923077,1083.9663629636852,1444.437759447166
sound_469.wav,traffic,516.8,a85db59fc1a5bb2ec4360dd7dc6c36a6,44100,2,16,132300,3.0,True,0.09290812164545059,0.21970567107200623,0.03657602163461538,1015.544705103867,1496.26160576545
sound_470.wav,traffic,516.8,b8843a63140d9e91b96892cd46202c9f,44100,2,16,132300,3.0,True,0.11340921372175217,0.23860400915145874,0.033214393028846156,1052.0431989290921,1574.5807608912794
sound_471.wav,traffic,516.8,bbd356f24bf4873a31e949b68feed81a,44100,2,16,132300,3.0,True,0.11661183089017868,0.23843124508857727,0.03820988581730769,1029.1456497039985,1542.4181652274847
sound_472.wav,traffic,516.8,4be7fbf51b87f4c12a2a4caac66a9251,44100,2,16,132300,3.0,True,0.09678032994270325,0.18589898943901062,0.039490685096153846,946.0844413372414,1361.2031084847958
sound_473.wav,traffic,516.8,2c90753794512eb476219a97bf75c68d,44100,2,16,132300,3.0,True,0.1009448915719986,0.2689031660556793,0.03494215745192308,902.2845274063301,1302.6210152306073
sound_474.wav,traffic,516.8,a20fd8f85ebdfbdd9c095d87f007ad0d,44100,2,16,132300,3.0,True,0.10595391690731049,0.25168755650520325,0.03286884014423077,881.8450721173612,1313.3438029108538
sound_475.wav,traffic,516.8,b7a7e9a782895b8e5e231e483751b3bc,44100,2,16,132300,3.0,True,0.08660043776035309,0.2281246781349182,0.04286733774038461,966.909109260789,1381.334176109647
sound_476.wav,traffic,516.8,0867b42ef9fc029f299b8e2fc94a653b,44100,2,16,132300,3.0,True,0.08721134066581726,0.23250339925289154,0.040696364182692304,993.1817452448138,1430.0686407142282
sound_477.wav,traffic,516.8,52a299236e79b9a1ee74d2e294b7b274,44100,2,16,132300,3.0,True,0.10109730809926987,0.24676407873630524,0.03625300480769231,901.9410121712364,1336.3510680938587
sound_478.wav,traffic,516.8,ea73837f2796bc53ea5095f5f01b0fa9,44100,2,16,132300,3.0,True,0.08080843836069107,0.2641791105270386,0.041237229567307694,965.5298397265749,1342.3890454913758
sound_479.wav,traffic,516.8,d5d0f7a20912e8bd13f2fc140ccce2b2,44100,2,16,132300,3.0,True,0.0597308874130249,0.22768640518188477,0.05408278245192308,1074.500286758356,1400.0069212373182
sound_480.wav,traffic,516.8,4c4a8aebaad93f45c2d542aa84ea7925,44100,2,16,132300,3.0,True,0.06263770163059235,0.25172141194343567,0.054052734375,1116.6536474829163,1441.514806780002
sound_481.wav,traffic,516.8,321b453733484cb9180f122a7bc6af95,44100,2,16,132300,3.0,True,0.06114012002944946,0.22196544706821442,0.077783203125,1275.6033428593723,1623.5801660578518
sound_482.wav,traffic,516.8,ee11600b3ceee9535cf82173d94d6ad1,44100,2,16,132300,3.0,True,0.06229700520634651,0.2389139086008072,0.05629507211538461,1100.0426559541008,1427.3685616904506
sound_483.wav,traffic,516.8,92a8729e095a211eb9bd9f6495279408,44100,2,16,132300,3.0,True,0.07730572670698166,0.21570619940757751,0.04212740384615385,1036.341965640975,1452.1627611248746
sound_484.wav,traffic,516.8,298096ae3ee27d7f42a9226efcc2e33f,44100,2,16,132300,3.0,True,0.08342501521110535,0.2397349625825882,0.045470252403846154,1128.1635397341104,1607.4404297515428
sound_485.wav,traffic,516.8,1cc19c1d3260ee93b8b8b090dc4f79b4,44100,2,16,132300,3.0,True,0.08829453587532043,0.23598235845565796,0.04738206129807692,1111.1132451752944,1549.8289602204159
sound_486.wav,traffic,516.8,4631507d6b43b6148092103a7f3f229e,44100,2,16,132300,3.0,True,0.10887090116739273,0.214447483420372,0.041932091346153846,986.5372898269111,1411.5868826122764
sound_487.wav,traffic,516.8,eda116dfa871e52b3b9c02a0b370ab15,44100,2,16,132300,3.0,True,0.09484247118234634,0.1213454082608223,0.04488807091346154,989.6227400658903,1357.3126479023988
sound_488.wav,traffic,516.8,76c59bf4a01df68892e36b10e9d399db,44100,2,16,132300,3.0,True,0.08643639087677002,0.2390979379415512,0.04197340745192308,1024.4779895432446,1443.6991925034895
sound_489.wav,traffic,516.8,801b4734eae586ee2e116306daad8f09,44100,2,16,132300,3.0,True,0.09689843654632568,0.2704635560512543,0.03577974759615385,980.9199653280201,1406.514915348663
sound_490.wav,traffic,516.8,82682cfe8e733b8df01672ed3772ffde,44100,2,16,132300,3.0,True,0.07009062170982361,0.23908239603042603,0.04582707331730769,1040.3889384753345,1441.5432665430053
sound_491.wav,traffic,516.8,e241cecb28a1b18c33ef7e568e421dee,44100,2,16,132300,3.0,True,0.05797579884529114,0.24559947848320007,0.0564453125,1186.633591338792,1575.3510900870424
sound_492.wav,traffic,516.8,d4f078581cd819e455ca2b1e58a7f191,44100,2,16,132300,3.0,True,0.05708322301506996,0.21580681204795837,0.05528094951923077,1137.1903291402398,1477.350306411588
sound_493.wav,traffic,516.8,69b9367992ed895fdc8239ef52bdbf59,44100,2,16,132300,3.0,True,0.07176010310649872,0.2167792171239853,0.04732947716346154,975.4080261239469,1324.5436914400302
sound_494.wav,traffic,516.8,03970602fad0cdc8d93a03634b7c0977,44100,2,16,132300,3.0,True,0.09125536680221558,0.22274497151374817,0.050289212740384615,1000.066852132319,1376.8901207938034
sound_495.wav,traffic,516.8,a894be281489f76133dcb4f0003fa2cd,44100,2,16,132300,3.0,True,0.06746252626180649,0.2470819056034088,0.05207331730769231,1086.6887864990003,1415.7825351599931
sound_496.wav,traffic,516.8,9215c3c25d73ee0002f65e470f7c3419,44100,2,16,132300,3.0,True,0.10564059019088745,0.18576356768608093,0.03360126201923077,906.849513026565,1303.674608162195
sound_497.wav,traffic,516.8,4cfdee8f63340e7d7c122808f54325ff,44100,2,16,132300,3.0,True,0.13982108235359192,0.2502412796020508,0.027783203125,810.2559308158881,1196.9291757100668
sound_498.wav,traffic,516.8,456a4aef603df2ee8010502973d6fbb3,44100,2,16,132300,3.0,True,0.13576503098011017,0.18920311331748962,0.03830003004807692,862.4581808354285,1223.3864041815987
sound_499.wav,traffic,516.8,4770ba79f1396d460b39bd50f99eee27,44100,2,16,132300,3.0,True,0.10180481523275375,0.1590694785118103,0.042630709134615384,1075.7121172488573,1543.9118379093143
sound_500.wav,traffic,516.8,45d6cb95916621e89915269958b454d3,44100,2,16,132300,3.0,True,0.06846171617507935,0.23939478397369385,0.04337439903846154,1079.9809933162396,1548.771180756211
sound_501.wav,traffic,516.8,caee796141b1defcab235312fb5136d9,44100,2,16,132300,3.0,True,0.0593438558280468,0.13190560042858124,0.05367713341346154,1125.2817764158656,1504.3296200701807
sound_502.wav,traffic,516.8,70f74466769d66fb5afa37e8bed82667,44100,2,16,132300,3.0,True,0.05318053066730499,0.23873737454414368,0.05426307091346154,1150.672515678816,1523.2434816539628
sound_503.wav,traffic,516.8,b4c50a4c141beb63f35c9b87b2d725ca,44100,2,16,132300,3.0,True,0.07012134045362473,0.22672101855278015,0.04340444711538462,1040.868129336327,1449.008774519704
sound_504.wav,traffic,516.8,c403c8730955eae90a0a187f3d45c333,44100,2,16,132300,3.0,True,0.0793924406170845,0.248967707157135,0.04161283052884615,987.9991815077188,1379.642708350802
sound_505.wav,traffic,516.8,15267e7970cc5dcff05f1d55316388de,44100,2,16,132300,3.0,True,0.09040756523609161,0.2509174644947052,0.042889873798076926,1075.1278796049082,1502.8054269748404
sound_506.wav,traffic,516.8,97461a93086fef090b34bbcf84042647,44100,2,16,132300,3.0,True,0.08401978760957718,0.22641627490520477,0.050214092548076926,1102.1635085959463,1477.9561683321192
sound_507.wav,traffic,516.8,bf524f7f5a3226f1bf620fcebaa2ae9f,44100,2,16,132300,3.0,True,0.08105733245611191,0.233539879322052,0.04662334735576923,1064.0823192244713,1442.1429994677726
sound_508.wav,traffic,516.8,347da886c96e59960a2f0b8259aa48ad,44100,2,16,132300,3.0,True,0.07964648306369781,0.24760763347148895,0.050856370192307696,1058.4303313189996,1450.1774796913749
sound_509.wav,traffic,516.8,a2f3086d10758cd8838eb8622896cd96,44100,2,16,132300,3.0,True,0.09045267105102539,0.2692631483078003,0.043949068509615385,1009.2105176995219,1428.895075239303
sound_510.wav,traffic,516.8,0aa8ca12c7726ea9430ce79c43e45f51,44100,2,16,132300,3.0,True,0.07904183119535446,0.2634422779083252,0.04307391826923077,980.3421856041568,1393.4588919359292
sound_511.wav,traffic,516.8,6ca5c8cde26b628065709eb98f4cac9c,44100,2,16,132300,3.0,True,0.07507653534412384,0.2326160967350006,0.04304011418269231,980.9293446858295,1403.2609882409827
sound_512.wav,traffic,516.8,199b37fd327aa1950947043e44b3c80a,44100,2,16,132300,3.0,True,0.08285940438508987,0.2385907620191574,0.03881084735576923,1008.9639533657348,1472.814514285643
sound_513.wav,traffic,516.8,ce349dc39f518821b7644a6b739d71e7,44100,2,16,132300,3.0,True,0.06374043226242065,0.23717302083969116,0.05396259014423077,1141.0473691822974,1554.5704581243622
sound_514.wav,traffic,516.8,8054dd54ad49c0e89f0297bae27172ba,44100,2,16,132300,3.0,True,0.062407806515693665,0.26292479038238525,0.05304987980769231,1111.6415449055382,1455.3356585595452
sound_515.wav,traffic,516.8,7ba3ea39064079687ee0f24b8abb94b8,44100,2,16,132300,3.0,True,0.06381432712078094,0.2311016172170639,0.051923076923076926,1042.9874790766382,1372.9598063943054
sound_516.wav,traffic,516.8,7dd5addf8353d60fa13895679de4ebac,44100,2,16,132300,3.0,True,0.08622406423091888,0.2251897007226944,0.04571814903846154,1088.0312661636178,1555.7194322136934
sound_517.wav,traffic,516.8,5b4a10f66c05b10170c69f1621b34ae7,44100,2,16,132300,3.0,True,0.0946120023727417,0.25806036591529846,0.04270582932692308,1084.3831378191608,1600.4472886971307
sound_518.wav,traffic,516.8,5a1f57061da98caac6ea0b4eeec55dfd,44100,2,16,132300,3.0,True,0.1004333570599556,0.21174894273281097,0.04601862980769231,987.5982084090878,1394.1822541917581
sound_519.wav,traffic,516.8,dcbe83d21178c8bbaf0974334072d4c2,44100,2,16,132300,3.0,True,0.07705806195735931,0.2262793779373169,0.045263671875,983.9658905057556,1373.4146426723114
sound_520.wav,traffic,516.8,c230655af67f05e7067c47f1556c5e5b,44100,2,16,132300,3.0,True,0.07700168341398239,0.23984569311141968,0.04237905649038461,1005.6695428779753,1375.9674332665768
sound_521.wav,traffic,516.8,8a99bc49e6eb0d344bdbd4211783d11d,44100,2,16,132300,3.0,True,0.09108465909957886,0.22376975417137146,0.03873572716346154,939.1510585116843,1303.429541496698
sound_522.wav,traffic,516.8,f0fe2856c35f351bf114d19483e3e0e5,44100,2,16,132300,3.0,True,0.08794018626213074,0.2372024804353714,0.04193960336538462,1041.4929089007821,1486.8603769534436
sound_523.wav,traffic,516.8,43eefef86fc2fe062cedd93f67bee82f,44100,2,16,132300,3.0,True,0.07214454561471939,0.25929689407348633,0.04763371394230769,1060.0641550367907,1442.5779604995716
sound_524.wav,traffic,516.8,7bb5aba85a8debe6f7964c7d2ff51bea,44100,2,16,132300,3.0,True,0.09040720760822296,0.18473701179027557,0.08115609975961538,1365.0476957245294,1569.3091629200521
sound_525.wav,traffic,516.8,1c0807b226b575538902f3ce2f9feb32,44100,2,16,132300,3.0,True,0.052977412939071655,0.2534928023815155,0.05554387019230769,1106.1211786622562,1412.2440033563457
sound_526.wav,traffic,516.8,b5880dd0cc975acd8a2645d572ca9069,44100,2,16,132300,3.0,True,0.0661405548453331,0.1913011223077774,0.058030348557692304,1171.7725422916972,1482.6384807512916
sound_527.wav,traffic,516.8,d11c01498a79b0160794029d5c42a43e,44100,2,16,132300,3.0,True,0.0786624401807785,0.22579318284988403,0.05865009014423077,1182.136705372388,1521.2413351659775
sound_528.wav,traffic,516.8,be1732f7089e43cbbb480d3ea129ce23,44100,2,16,132300,3.0,True,0.06877382099628448,0.2250487506389618,0.049620643028846154,1082.1904796899305,1441.3724078756393
sound_529.wav,traffic,516.8,9014fece3648addec6b5b92efd089ba3,44100,2,16,132300,3.0,True,0.09298683702945709,0.2127419114112854,0.035475510817307696,1016.9953434459783,1497.3115544339853
sound_530.wav,traffic,516.8,01f5f7bc6859177c9a4e282b94242e1c,44100,2,16,132300,3.0,True,0.11359088867902756,0.23604050278663635,0.03411583533653846,1052.1962080518376,1575.5022251005294
sound_531.wav,traffic,516.8,fc828bce0796dd0db1268366635c5c4c,44100,2,16,132300,3.0,True,0.11660794168710709,0.2378615140914917,0.03872821514423077,1025.7510391476185,1536.678843698195
sound_532.wav,traffic,516.8,d231e0c5bdcc1e93e4823f3f59bccaf8,44100,2,16,132300,3.0,True,0.09678151458501816,0.19250822067260742,0.039618389423076925,946.3514203629638,1361.9430971227569
sound_533.wav,traffic,516.8,9c586452ddff7ce6bcec32fe8df174c6,44100,2,16,132300,3.0,True,0.10094092786312103,0.2630515396595001,0.034491436298076925,899.5463556789509,1300.5273579934544
sound_534.wav,traffic,516.8,0bab4b96393544d5d6f436c9c9c908da,44100,2,16,132300,3.0,True,0.10600964725017548,0.2508430480957031,0.033695162259615385,880.1126555272933,1311.0867821163524
sound_535.wav,traffic,516.8,78cee7d6b4f1b2d9c60cf2d2d79d5dea,44100,2,16,132300,3.0,True,0.08658239245414734,0.22880584001541138,0.04302133413461538,965.9388796556835,1377.1059128612078
sound_536.wav,traffic,516.8,e26557989398671ad705549a3b8a9ca2,44100,2,16,132300,3.0,True,0.08720822632312775,0.23813726007938385,0.040966796875,992.5457961291866,1429.412791440143
sound_537.wav,traffic,516.8,87f5dfa79ed3eb2fba24724c68c40f67,44100,2,16,132300,3.0,True,0.10115605592727661,0.24947987496852875,0.03649338942307692,901.4396022607614,1335.0496005700386
sound_538.wav,traffic,516.8,8c0a9ac770d98c3dc8bffb41bcc02369,44100,2,16,132300,3.0,True,0.08098950982093811,0.265108197927475,0.041128305288461536,966.104654373184,1343.2819422352354
sound_539.wav,traffic,516.8,9d60748b65ddb9c9657f8818c4122fa4,44100,2,16,132300,3.0,True,0.05986052006483078,0.22398047149181366,0.052847055288461536,1073.7227700621097,1400.8493392935395
sound_540.wav,traffic,516.8,09824e2dc1618114d5a297e7908fbec5,44100,2,16,132300,3.0,True,0.0626460388302803,0.25599923729896545,0.05341796875,1116.4115467372148,1443.6698027957102
sound_541.wav,traffic,516.8,9cbff1fe022c9c51a8298c400c79f251,44100,2,16,132300,3.0,True,0.06117324158549309,0.22389769554138184,0.0765625,1274.1549492373051,1623.53576452602
sound_542.wav,traffic,516.8,b511633763fe0624e37fba0d41953913,44100,2,16,132300,3.0,True,0.0622619092464447,0.24463820457458496,0.05578801081730769,1099.9272859418863,1427.2940142945029
sound_543.wav,traffic,516.8,84706f532a8747f8664a10e80c5f860f,44100,2,16,132300,3.0,True,0.07729089260101318,0.2157602459192276,0.041823167067307696,1035.8474124665995,1451.8465689420834
sound_544.wav,traffic,516.8,184a72eef4a74d4b347879e339ffe7db,44100,2,16,132300,3.0,True,0.08341982960700989,0.22990375757217407,0.04582707331730769,1128.6145456601064,1607.5608023295256
sound_545.wav,traffic,516.8,e483dd1f2777c93c7792a8028f622ac1,44100,2,16,132300,3.0,True,0.08830749243497849,0.2374865561723709,0.04719050480769231,1109.7124696308767,1550.0638857005124
sound_546.wav,traffic,516.8,c5a9678d85a2b710e13b060329e63e32,44100,2,16,132300,3.0,True,0.10874161124229431,0.20735608041286469,0.04196589543269231,986.4431415502634,1409.041073965451
sound_547.wav,traffic,516.8,7e02eb8faf523eb64bdf5a020beeaf07,44100,2,16,132300,3.0,True,0.0950375646352768,0.12111056596040726,0.044508713942307696,988.3869351505051,1356.5956278494366
sound_548.wav,traffic,516.8,b69b7094bdcc81359d42a34386417ee8,44100,2,16,132300,3.0,True,0.08648558706045151,0.2399653047323227,0.04187199519230769,1024.407492570401,1441.797291035283
sound_549.wav,traffic,516.8,c1689445ce972efaebb127755cca92cb,44100,2,16,132300,3.0,True,0.09677627682685852,0.2741107642650604,0.03611778846153846,980.6420770379008,1407.894095147432
sound_550.wav,traffic,516.8,41140899e95aabaaec265ba25d52f982,44100,2,16,132300,3.0,True,0.07007861882448196,0.2423226535320282,0.045658052884615385,1039.6646115960568,1443.1980496001484
sound_551.wav,traffic,516.8,544686f24d4900f12ce3b32efb3cc9ba,44100,2,16,132300,3.0,True,0.057942211627960205,0.2490336149930954,0.05675706129807692,1188.7616323304148,1576.5184890580413
sound_552.wav,traffic,516.8,dabf4b6d52acd1a06084676b86ee2c81,44100,2,16,132300,3.0,True,0.05712147057056427,0.21641528606414795,0.05542743389423077,1135.8404874851296,1476.036505769345
sound_553.wav,traffic,516.8,257cfb0c273e0e6cc9bb002e0f5bce56,44100,2,16,132300,3.0,True,0.07169903069734573,0.20957136154174805,0.046705979567307696,974.6246737135771,1320.4002724244963
sound_554.wav,traffic,516.8,5a45103a529cdc55b68348a9afdace07,44100,2,16,132300,3.0,True,0.0913228839635849,0.22174696624279022,0.05072490985576923,999.1852042616334,1374.7455376474531
sound_555.wav,traffic,516.8,dce572351aa02144d81879b27ba223b6,44100,2,16,132300,3.0,True,0.06730395555496216,0.24616752564907074,0.05132211538461538,1086.2845738918493,1416.0126053993367
sound_556.wav,traffic,516.8,12759236dc48b0ea2e026e6b81d51164,44100,2,16,132300,3.0,True,0.10557159036397934,0.18583253026008606,0.03388296274038462,909.1784592395388,1308.2546835515018
sound_557.wav,traffic,516.8,f6f3fc65a15399539548f9765c81eb8e,44100,2,16,132300,3.0,True,0.13966597616672516,0.2478829026222229,0.02772686298076923,809.6459022257394,1194.3956767054501
sound_558.wav,traffic,516.8,75cb073983e5bd266714a6f3e37d1142,44100,2,16,132300,3.0,True,0.13583433628082275,0.18908022344112396,0.03745868389423077,862.4912192230572,1224.9937362166174
sound_559.wav,traffic,516.8,5f51fea2ad50cde6f9a420b68b6fd31d,44100,2,16,132300,3.0,True,0.10153770446777344,0.16244086623191833,0.04234525240384615,1077.3213139444654,1544.1172656667513
sound_560.wav,traffic,516.8,fb42788d200f1e3fbdaf164e4c8d41bd,44100,2,16,132300,3.0,True,0.0684334933757782,0.2420402318239212,0.04196589543269231,1080.0079948499051,1549.9931357489763
sound_561.wav,traffic,516.8,c474537776ebddb62a76793419187635,44100,2,16,132300,3.0,True,0.059349000453948975,0.1317364126443863,0.05372971754807692,1125.3709937529522,1506.358868182301
sound_562.wav,traffic,516.8,e3085ec41ce2f150237288c4aa925cdb,44100,2,16,132300,3.0,True,0.05311709642410278,0.23634305596351624,0.05448091947115385,1152.6069800490343,1526.6281249914707
sound_563.wav,traffic,516.8,be8e149e4ce65419bd552ad2e838f16e,44100,2,16,132300,3.0,True,0.07009066641330719,0.22498200833797455,0.042882361778846155,1041.7222954157673,1450.9933917614987
sound_564.wav,traffic,516.8,b4bfd5d3cb479a82d1d76d64d80e7b6c,44100,2,16,132300,3.0,True,0.07941094785928726,0.2515749931335449,0.04132361778846154,988.2826767675646,1381.5291518657832
sound_565.wav,traffic,516.8,c398a3bf3168a178fe1560e54b3e6de9,44100,2,16,132300,3.0,True,0.09057100117206573,0.24570156633853912,0.04276216947115385,1074.3902585581957,1501.6095134039865
sound_566.wav,traffic,516.8,91f6232775d6e460b42e5e2d99acefdb,44100,2,16,132300,3.0,True,0.0840669721364975,0.2282164990901947,0.04969576322115385,1103.898738907341,1479.8248730674295
sound_567.wav,traffic,516.8,89404a9f43317c0ba077f5dad409b72d,44100,2,16,132300,3.0,True,0.08087962120771408,0.23387594521045685,0.04617262620192308,1065.2848461937556,1443.705346049072
sound_568.wav,traffic,516.8,47e992d69431f80b0d9d1e8c2411c2eb,44100,2,16,132300,3.0,True,0.07990416139364243,0.24595412611961365,0.0494140625,1058.145673694807,1452.3278825682562
sound_569.wav,traffic,516.8,bb7c9c4e69dc54ce0d3dcfa804f381cd,44100,2,16,132300,3.0,True,0.09037016332149506,0.2708912193775177,0.04424579326923077,1010.7253840479465,1431.3273471756695
sound_570.wav,traffic,516.8,b62d217a8edd805606fad0bec428541c,44100,2,16,132300,3.0,True,0.07892921566963196,0.264767587184906,0.04325796274038462,983.4206645789545,1398.6258430010914
sound_571.wav,traffic,516.8,302af5e8b4a4860af3b2b8ec4e2c2057,44100,2,16,132300,3.0,True,0.07507163286209106,0.22557397186756134,0.043622295673076926,981.647355440471,1404.1422909928033
sound_572.wav,traffic,516.8,71fa008f12c94aa7ab8ea68fc842726c,44100,2,16,132300,3.0,True,0.08274867385625839,0.23576942086219788,0.03926156850961538,1009.5632187532315,1474.2367234149808
sound_573.wav,traffic,516.8,cdeb538625e3b3cae9f4872883eed07e,44100,2,16,132300,3.0,True,0.06388546526432037,0.23375314474105835,0.053868689903846155,1141.5782013313074,1552.5704898840524
sound_574.wav,traffic,516.8,9480ff6a98c683f600176a96222957eb,44100,2,16,132300,3.0,True,0.06243498623371124,0.25859561562538147,0.053057391826923074,1112.2913807529467,1452.7589423824832
sound_575.wav,traffic,516.8,67368364befd684e4f4f28d65d78a376,44100,2,16,132300,3.0,True,0.06391861289739609,0.22554220259189606,0.051844200721153845,1041.8915947460114,1373.3599908851315
sound_576.wav,traffic,516.8,48b5379fc82e0dc72d16a4ab1a8a8cc9,44100,2,16,132300,3.0,True,0.08652769774198532,0.23687437176704407,0.04599609375,1085.6007671416683,1552.1760550050915
sound_577.wav,traffic,516.8,346ff9407436c96398f6697e59f0752e,44100,2,16,132300,3.0,True,0.09463198482990265,0.2654796540737152,0.043055138221153845,1084.8571105977112,1600.5461063559787
sound_578.wav,traffic,516.8,62a8ddeca2f0c27442c387ea07a40046,44100,2,16,132300,3.0,True,0.10032635182142258,0.21147173643112183,0.04596980168269231,988.0011953879175,1394.1828408289243
sound_579.wav,traffic,516.8,f2791989299a595e41a774f8dc8ec954,44100,2,16,132300,3.0,True,0.07708431780338287,0.2216241955757141,0.04551156850961539,983.9418051271579,1373.6466513844296
sound_580.wav,traffic,516.8,82fb6d46f3147f2582497a392ec90331,44100,2,16,132300,3.0,True,0.07707028836011887,0.23958176374435425,0.04195462740384615,1006.110657911057,1376.6405806524272
sound_581.wav,traffic,516.8,b79592dfe1f42c5467b1b6753810db08,44100,2,16,132300,3.0,True,0.09119118750095367,0.223497211933136,0.038423978365384616,939.0455956151818,1305.5517358334525
sound_582.wav,traffic,516.8,0bcf9d6813bc1b77f9ea91ceb3bd3476,44100,2,16,132300,3.0,True,0.08800146728754044,0.23719467222690582,0.04210111177884615,1042.9933546550187,1489.3757929695917
sound_583.wav,traffic,516.8,6467a3e1ff26f1c257dfa343743784b3,44100,2,16,132300,3.0,True,0.07213898003101349,0.25992825627326965,0.04711162860576923,1060.7386329765504,1444.042261580805
sound_584.wav,traffic,516.8,5792a280aaa1161d44607a5fdeaf0175,44100,2,16,132300,3.0,True,0.09033719450235367,0.18615102767944336,0.0810809795673077,1367.0105064584593,1571.7283829299922
sound_585.wav,traffic,516.8,6f548c64c0565bd8892b260e88a9fdae,44100,2,16,132300,3.0,True,0.05304333195090294,0.24863572418689728,0.055397385817307694,1106.8259888230134,1411.9810340926745
sound_586.wav,traffic,516.8,eb1411b12fbb2716066c402c25f18b38,44100,2,16,132300,3.0,True,0.06614399701356888,0.19144201278686523,0.058082932692307694,1170.244213057382,1481.3304737005599
sound_587.wav,traffic,516.8,82a52b0f1b8a613f4336b23afcd5b67e,44100,2,16,132300,3.0,True,0.07872500270605087,0.22592277824878693,0.05824068509615385,1182.0001029501673,1519.911320041903
sound_588.wav,traffic,516.8,6b962cedf28a2384231f1f5214ce566c,44100,2,16,132300,3.0,True,0.06877880543470383,0.2214362919330597,0.04933143028846154,1081.9096812805583,1441.7468534502295
sound_589.wav,traffic,516.8,45197a453f834d8f23839f015053e368,44100,2,16,132300,3.0,True,0.09297221153974533,0.21747346222400665,0.036038912259615384,1015.1840422611343,1495.299656800796
sound_590.wav,traffic,516.8,328e7d0f8ca2de5764cc2cd038d21ce0,44100,2,16,132300,3.0,True,0.11348388344049454,0.23789505660533905,0.03366135817307692,1053.1481191250034,1576.6273579026442
sound_591.wav,traffic,516.8,640f983fb5a943489f0c2656a991f8d5,44100,2,16,132300,3.0,True,0.11666956543922424,0.2537716329097748,0.03856670673076923,1027.8929509694951,1541.644823826437
sound_592.wav,traffic,516.8,e1997bbda22a57a3951bd37aa7a6d087,44100,2,16,132300,3.0,True,0.09671082347631454,0.1881054937839508,0.03985126201923077,946.299290698685,1361.2479969610545
sound_593.wav,traffic,516.8,0e0d04a64d86fbf730bcfb657db92869,44100,2,16,132300,3.0,True,0.10101611912250519,0.2739203870296478,0.03419471153846154,901.470453396294,1303.7043923154417
sound_594.wav,traffic,516.8,6f7ca5b6a72863edb8dc0e8073c0cd46,44100,2,16,132300,3.0,True,0.10581463575363159,0.25512272119522095,0.033804086538461536,882.7377730134339,1314.1984733660172
sound_595.wav,traffic,516.8,0f9f31692485fa4eb6fee22617a4a510,44100,2,16,132300,3.0,True,0.08653128147125244,0.2271084189414978,0.043280498798076925,966.7223589617506,1379.018056710676
sound_596.wav,traffic,516.8,048cf7c1bdf5034b1508d3854dd212c4,44100,2,16,132300,3.0,True,0.08712441474199295,0.23775476217269897,0.040748948317307694,992.2912744784726,1431.242465625664
sound_597.wav,traffic,516.8,a87bf6a2d4432e0443ed2fd627bfa837,44100,2,16,132300,3.0,True,0.10101733356714249,0.24591757357120514,0.03599008413461539,901.6897242228264,1334.9652241511915
sound_598.wav,traffic,516.8,ba6025843026aa2bf819a1d7dade3e90,44100,2,16,132300,3.0,True,0.08104388415813446,0.2631937563419342,0.04098557692307692,965.7347163689553,1345.7242382311836
sound_599.wav,traffic,516.8,169f47e02731b5bf2c8b5c199f521157,44100,2,16,132300,3.0,True,0.059820350259542465,0.21593542397022247,0.05318509615384615,1073.7148217968804,1402.017633194816
sound_600.wav,traffic,516.8,5d263b68bd630e9372b0214069749f5c,44100,2,16,132300,3.0,True,0.0625777319073677,0.2516939043998718,0.05398888221153846,1115.5493356147726,1443.241671381101
