filename,stem,label,size_kb,md5,sample_rate,channels,bit_depth,n_frames,duration,readable,name_pattern,source_id,rms,zcr,centroid,bandwidth
mixed_sound_1.wav,mixed_sound_1,ambulance,516.8,6f5302ea3a07ca704aeb9e17f67fa3f0,44100,2,16,132300,3.0,True,mixed_sound_#,ambulance_1,0.565723717212677,0.09334435096153847,2277.244895395186,2453.7241942340193
mixed_sound_10.wav,mixed_sound_10,ambulance,516.8,5b12062876f4d298ee0f9a0fbda188d1,44100,2,16,132300,3.0,True,mixed_sound_#,ambulance_10,0.5252611637115479,0.10589693509615385,2132.9708820330584,2220.613905579109
mixed_sound_100.wav,mixed_sound_100,ambulance,516.8,f172dd145c771d664238f600e607a435,44100,2,16,132300,3.0,True,mixed_sound_#,ambulance_100,0.5780694484710693,0.05733548677884615,1615.2312149249044,2047.139777981854
mixed_sound_100_1.wav,mixed_sound_100_1,ambulance,516.8,81b989f38734e7231a39b04a087ff6ef,44100,2,16,132300,3.0,True,mixed_sound_#_#,ambulance_100,0.5762465000152588,0.10561147836538462,2295.464415830934,2346.890306866085
mixed_sound_101.wav,mixed_sound_101,ambulance,516.8,cc3cb9f204bbb24f46e1e58854817b2b,44100,2,16,132300,3.0,True,mixed_sound_#,ambulance_101,0.5877566933631897,0.0754131610576923,1435.8428839586966,1749.345358971745
mixed_sound_101_1.wav,mixed_sound_101_1,ambulance,516.8,b28fe1588bf5d88c0b665c02269fb063,44100,2,16,132300,3.0,True,mixed_sound_#_#,ambulance_101,0.4880863428115845,0.09682241586538462,1639.4442344571119,1866.5191371367484
mixed_sound_102.wav,mixed_sound_102,ambulance,516.8,05fcabd7908a43f284ae8c40383fcca6,44100,2,16,132300,3.0,True,mixed_sound_#,ambulance_102,0.4328964948654175,0.18935546875,2951.2838657481248,2490.1352719456054
mixed_sound_102_1.wav,mixed_sound_102_1,ambulance,516.8,55fb58496ae2cb13a61c6f01fbc17e99,44100,2,16,132300,3.0,True,mixed_sound_#_#,ambulance_102,0.6074140667915344,0.06390850360576923,1400.6527197531577,1725.9449659730506
mixed_sound_103.wav,mixed_sound_103,ambulance,516.8,6db7ef688a2c8296e4b78376d84f1e85,44100,2,16,132300,3.0,True,mixed_sound_#,ambulance_103,0.5614171624183655,0.08645582932692308,2137.81334520194,2359.8104620776494
mixed_sound_103_1.wav,mixed_sound_103_1,ambulance,516.8,51489bc4a898f3242d235c8f427f1caa,44100,2,16,132300,3.0,True,mixed_sound_#_#,ambulance_103,0.47004348039627075,0.09844501201923077,2101.199355084424,2281.6125267632437
mixed_sound_104.wav,mixed_sound_104,ambulance,516.8,54dbc6f9659315f236b7944d8989210d,44100,2,16,132300,3.0,True,mixed_sound_#,ambulance_104,0.5161617398262024,0.13011568509615384,2360.9929471712103,2340.57578011715
mixed_sound_104_1.wav,mixed_sound_104_1,ambulance,516.8,e452a678d23b7d2e65a6dae0e5a24d9d,44100,2,16,132300,3.0,True,mixed_sound_#_#,ambulance_104,0.5665444135665894,0.06746544471153847,1411.2274748512782,1733.1091153817324
mixed_sound_105.wav,mixed_sound_105,ambulance,516.8,2ad9d6a7bd137f84a84d7c340eff7619,44100,2,16,132300,3.0,True,mixed_sound_#,ambulance_105,0.6157544851303101,0.055506310096153845,1231.6776652877797,1623.18854094366
mixed_sound_105_1.wav,mixed_sound_105_1,ambulance,516.8,5d6d0a023074388a6f821f106538b79f,44100,2,16,132300,3.0,True,mixed_sound_#_#,ambulance_105,0.5398798584938049,0.11451697716346154,2256.210490076409,2273.726764545846
mixed_sound_106.wav,mixed_sound_106,ambulance,516.8,eb95d5d2bb68b04f570ff17653959757,44100,2,16,132300,3.0,True,mixed_sound_#,ambulance_106,0.3878878057003021,0.12499248798076923,2327.2184444420623,2365.4054373390613
mixed_sound_106_1.wav,mixed_sound_106_1,ambulance,516.8,d0a6161411b496c8606c371d2c66089f,44100,2,16,132300,3.0,True,mixed_sound_#_#,ambulance_106,0.5967788696289062,0.05617863581730769,1424.9021170001324,1782.984694136293
mixed_sound_107.wav,mixed_sound_107,ambulance,516.8,55c7673d2fce67db35fb7619602d74b4,44100,2,16,132300,3.0,True,mixed_sound_#,ambulance_107,0.5632575750350952,0.07454552283653847,1600.5446977613121,1953.8905521171425
mixed_sound_107_1.wav,mixed_sound_107_1,ambulance,516.8,6997e5c297cde36298bb983b3beb26dd,44100,2,16,132300,3.0,True,mixed_sound_#_#,ambulance_107,0.5530659556388855,0.06746168870192308,1625.3326466793076,2009.0942006894154
mixed_sound_108.wav,mixed_sound_108,ambulance,516.8,daf4c19d0ebff22ec8045d9bb934219c,44100,2,16,132300,3.0,True,mixed_sound_#,ambulance_108,0.500007152557373,0.16127554086538462,2594.697859887601,2498.3198167341893
mixed_sound_108_1.wav,mixed_sound_108_1,ambulance,516.8,7bbff495ed138d9f69c9b34a5a2dd2f2,44100,2,16,132300,3.0,True,mixed_sound_#_#,ambulance_108,0.6012471318244934,0.06511418269230769,1465.7496548104405,1798.194815642646
mixed_sound_109.wav,mixed_sound_109,ambulance,516.8,7568be570b5c0c709b35f69f9a0b5fa7,44100,2,16,132300,3.0,True,mixed_sound_#,ambulance_109,0.620135486125946,0.05278695913461538,1069.1484493372363,1405.569312778576
mixed_sound_109_1.wav,mixed_sound_109_1,ambulance,516.8,b7b41f352732500fc0b4524ed8a33b5f,44100,2,16,132300,3.0,True,mixed_sound_#_#,ambulance_109,0.5994688868522644,0.06044170673076923,1389.6906856180005,1794.2162829121696
mixed_sound_10_1.wav,mixed_sound_10_1,ambulance,516.8,30921ca15167c4147d7129b7b41aad9d,44100,2,16,132300,3.0,True,mixed_sound_#_#,ambulance_10,0.5666179656982422,0.062488731971153844,1363.6509600907634,1719.427897012234
mixed_sound_11.wav,mixed_sound_11,ambulance,516.8,09d311922298fb2c72fed34ad9be3dde,44100,2,16,132300,3.0,True,mixed_sound_#,ambulance_11,0.5061169862747192,0.18406700721153846,2768.034097385927,2518.651909865025
mixed_sound_110.wav,mixed_sound_110,ambulance,516.8,e1a220b4dd95f60866a36eecc94b6be4,44100,2,16,132300,3.0,True,mixed_sound_#,ambulance_110,0.6208855509757996,0.05137469951923077,1173.4604542799864,1505.1232614867547
mixed_sound_110_1.wav,mixed_sound_110_1,ambulance,516.8,ed8c6893d5d7f999c50402dba15c1f70,44100,2,16,132300,3.0,True,mixed_sound_#_#,ambulance_110,0.6181003451347351,0.05848482572115385,1365.8684874218213,1702.1367714203748
mixed_sound_111.wav,mixed_sound_111,ambulance,516.8,b9817ccf7a8adc8ef1b587aec0378238,44100,2,16,132300,3.0,True,mixed_sound_#,ambulance_111,0.5221849679946899,0.08320688100961539,1459.5588895849517,1716.7008764569966
mixed_sound_111_1.wav,mixed_sound_111_1,ambulance,516.8,e612bd97869b535352ab1c94265f1f9a,44100,2,16,132300,3.0,True,mixed_sound_#_#,ambulance_111,0.57445228099823,0.06811147836538461,1476.1476427998632,1798.7379154756002
mixed_sound_112.wav,mixed_sound_112,ambulance,516.8,aa193fa7450ea358fbe0e46644bc1d00,44100,2,16,132300,3.0,True,mixed_sound_#,ambulance_112,0.5696550607681274,0.07244966947115385,1341.0289297477045,1612.4567514011324
mixed_sound_112_1.wav,mixed_sound_112_1,ambulance,516.8,4a19e2b03ae5bccaf1f18102258f1573,44100,2,16,132300,3.0,True,mixed_sound_#_#,ambulance_112,0.5603132247924805,0.10697866586538461,2148.983529068285,2232.7118283658424
mixed_sound_113.wav,mixed_sound_113,ambulance,516.8,3091c526a1911240109fa9877481d161,44100,2,16,132300,3.0,True,mixed_sound_#,ambulance_113,0.5947521924972534,0.05148362379807692,1254.6396884891335,1642.297528546131
mixed_sound_113_1.wav,mixed_sound_113_1,ambulance,516.8,9d1ee5c85a4e478def8cc7a9f9589aee,44100,2,16,132300,3.0,True,mixed_sound_#_#,ambulance_113,0.4836505055427551,0.10800030048076924,2153.3880719176464,2239.0633882093134
mixed_sound_114.wav,mixed_sound_114,ambulance,516.8,24b958bd44744edd5fe6c0caafef774c,44100,2,16,132300,3.0,True,mixed_sound_#,ambulance_114,0.5546086430549622,0.06147085336538462,1365.173160827489,1786.3935009165211
mixed_sound_114_1.wav,mixed_sound_114_1,ambulance,516.8,1169d73065db769a8a332520e06067cb,44100,2,16,132300,3.0,True,mixed_sound_#_#,ambulance_114,0.5536214113235474,0.0659930889423077,1507.0719097854383,1883.9271740325044
mixed_sound_115.wav,mixed_sound_115,ambulance,516.8,1067e677cd60fb955b20d74d0f3264b4,44100,2,16,132300,3.0,True,mixed_sound_#,ambulance_115,0.43258994817733765,0.19351337139423078,2874.5199997607574,2514.8582539473427
mixed_sound_115_1.wav,mixed_sound_115_1,ambulance,516.8,ea8b5786ff3517dcd99ffafe7a6417f3,44100,2,16,132300,3.0,True,mixed_sound_#_#,ambulance_115,0.5528643131256104,0.12221304086538462,2285.595625250214,2302.829490510562
mixed_sound_116.wav,mixed_sound_116,ambulance,516.8,fbd244570844bb1b185461470776dfe9,44100,2,16,132300,3.0,True,mixed_sound_#,ambulance_116,0.5810227394104004,0.057542067307692304,1467.5090959052752,1847.5810438234566
mixed_sound_116_1.wav,mixed_sound_116_1,ambulance,516.8,d252d42c7be3a45b49e421bbeadc5984,44100,2,16,132300,3.0,True,mixed_sound_#_#,ambulance_116,0.45427682995796204,0.15148362379807692,2608.4029194026275,2446.850260642229
mixed_sound_117.wav,mixed_sound_117,ambulance,516.8,a45638bf2fba7e53ffc55df6079c4a7d,44100,2,16,132300,3.0,True,mixed_sound_#,ambulance_117,0.5531996488571167,0.07171349158653846,1653.9991823348194,2038.522871705771
mixed_sound_117_1.wav,mixed_sound_117_1,ambulance,516.8,b8f22554bb4d5f66f186ab83af4836ab,44100,2,16,132300,3.0,True,mixed_sound_#_#,ambulance_117,0.5818446278572083,0.072021484375,1668.448842478851,1987.5847164540412
mixed_sound_118.wav,mixed_sound_118,ambulance,516.8,b4b296c2048183e047ae46a6aebfddc1,44100,2,16,132300,3.0,True,mixed_sound_#,ambulance_118,0.4096800684928894,0.18084435096153847,2695.971401677465,2326.3768744725467
mixed_sound_118_1.wav,mixed_sound_118_1,ambulance,516.8,b83a09c86f36a44e2e6b9cd531c38277,44100,2,16,132300,3.0,True,mixed_sound_#_#,ambulance_118,0.5963208675384521,0.06915564903846154,1423.0114025227488,1728.6245441893545
mixed_sound_119.wav,mixed_sound_119,ambulance,516.8,9599a0be8fc3487f4a0aa079cad48252,44100,2,16,132300,3.0,True,mixed_sound_#,ambulance_119,0.4276852011680603,0.13742112379807692,2292.2196047881653,2275.2486368221294
mixed_sound_119_1.wav,mixed_sound_119_1,ambulance,516.8,3dd023e7ef4ee525c3763c4eb413c027,44100,2,16,132300,3.0,True,mixed_sound_#_#,ambulance_119,0.5772793292999268,0.0857421875,2182.675340270861,2414.2327420981455
mixed_sound_11_1.wav,mixed_sound_11_1,ambulance,516.8,81a3cbfe2efe4ebeb8467140c8ad95c5,44100,2,16,132300,3.0,True,mixed_sound_#_#,ambulance_11,0.5731893181800842,0.056881009615384615,1372.8468163997509,1736.3989770437477
mixed_sound_12.wav,mixed_sound_12,ambulance,516.8,29bc0ff83b6a3b5c74207dc3dbab05b0,44100,2,16,132300,3.0,True,mixed_sound_#,ambulance_12,0.4061005115509033,0.10062349759615384,2103.7552289302203,2291.593382769088
mixed_sound_120.wav,mixed_sound_120,ambulance,516.8,74e387fd174ccae4a6407853f7506a1e,44100,2,16,132300,3.0,True,mixed_sound_#,ambulance_120,0.5805310606956482,0.059251051682692304,1274.9093050958759,1609.9554479770147
mixed_sound_120_1.wav,mixed_sound_120_1,ambulance,516.8,c2549d3adde94e7bf03fbf238a29d629,44100,2,16,132300,3.0,True,mixed_sound_#_#,ambulance_120,0.5302712321281433,0.12654747596153845,2219.2300187489864,2250.8627834464996
mixed_sound_121.wav,mixed_sound_121,ambulance,516.8,912566efec66951a1a424db875abd32d,44100,2,16,132300,3.0,True,mixed_sound_#,ambulance_121,0.6065924167633057,0.05985201322115385,1264.719967521591,1569.7885566441553
mixed_sound_121_1.wav,mixed_sound_121_1,ambulance,516.8,6564900be3be4fcc6d0bbd377b16da56,44100,2,16,132300,3.0,True,mixed_sound_#_#,ambulance_121,0.576388955116272,0.061023888221153844,1392.612261779455,1751.694260617817
mixed_sound_122.wav,mixed_sound_122,ambulance,516.8,fa644172c387e6b7fa149476ef67b0ea,44100,2,16,132300,3.0,True,mixed_sound_#,ambulance_122,0.5382828116416931,0.07989408052884615,1461.897026083313,1751.1164763604293
mixed_sound_122_1.wav,mixed_sound_122_1,ambulance,516.8,5b469a626bf4153507c46a246bf75c0d,44100,2,16,132300,3.0,True,mixed_sound_#_#,ambulance_122,0.4816334545612335,0.10087515024038461,2259.639404394599,2383.1962723784454
mixed_sound_123.wav,mixed_sound_123,ambulance,516.8,053356940f2c61fdc0f932c7ec4b2351,44100,2,16,132300,3.0,True,mixed_sound_#,ambulance_123,0.5938788652420044,0.06399864783653846,1274.1765017411046,1599.6313239986978
mixed_sound_123_1.wav,mixed_sound_123_1,ambulance,516.8,af9306cc499f49efe2e6ccb8ceb39f49,44100,2,16,132300,3.0,True,mixed_sound_#_#,ambulance_123,0.44002091884613037,0.20641150841346154,2933.737301462362,2468.4346706630113
mixed_sound_124.wav,mixed_sound_124,ambulance,516.8,dbad99349c92b44b80d605a16330d2ab,44100,2,16,132300,3.0,True,mixed_sound_#,ambulance_124,0.6109448671340942,0.05839092548076923,1229.1569189956147,1578.2080487156768
mixed_sound_124_1.wav,mixed_sound_124_1,ambulance,516.8,7cfd8e8bee294039e37c850e19b73186,44100,2,16,132300,3.0,True,mixed_sound_#_#,ambulance_124,0.5187040567398071,0.11658278245192308,2234.684077840558,2333.215201348456
mixed_sound_125.wav,mixed_sound_125,ambulance,516.8,5c46502ca79b2c0e4d144207410c9013,44100,2,16,132300,3.0,True,mixed_sound_#,ambulance_125,0.5799975991249084,0.06890775240384615,1931.844735923079,2177.735567268518
mixed_sound_125_1.wav,mixed_sound_125_1,ambulance,516.8,50af9dae3ccaa65e94f22017695f555b,44100,2,16,132300,3.0,True,mixed_sound_#_#,ambulance_125,0.4761875569820404,0.08496469350961539,1585.2082952203841,1869.4948002855147
mixed_sound_126.wav,mixed_sound_126,ambulance,516.8,9e8a439583e32b6b39eb94ea9d7199f8,44100,2,16,132300,3.0,True,mixed_sound_#,ambulance_126,0.576694905757904,0.11003981370192308,2300.794849036862,2331.381780157167
mixed_sound_126_1.wav,mixed_sound_126_1,ambulance,516.8,3511af67979644ef77bdc004fc9f03c7,44100,2,16,132300,3.0,True,mixed_sound_#_#,ambulance_126,0.6194440126419067,0.058435997596153845,1374.8049328509778,1730.316260739529
mixed_sound_127.wav,mixed_sound_127,ambulance,516.8,707d74f9323805c5857a75f49f925097,44100,2,16,132300,3.0,True,mixed_sound_#,ambulance_127,0.5122610330581665,0.141845703125,2573.425271867118,2444.5668803577096
mixed_sound_127_1.wav,mixed_sound_127_1,ambulance,516.8,02c00d4ded118257f3842d036e728f34,44100,2,16,132300,3.0,True,mixed_sound_#_#,ambulance_127,0.5480491518974304,0.08566331129807692,1636.2959468783386,1934.6817848124185
mixed_sound_128.wav,mixed_sound_128,ambulance,516.8,5f5ff452b53921b4f420d7dac3fc13db,44100,2,16,132300,3.0,True,mixed_sound_#,ambulance_128,0.5525862574577332,0.10049579326923076,2266.2487535699206,2333.783327454778
mixed_sound_128_1.wav,mixed_sound_128_1,ambulance,516.8,dff5a3100a40e8cdcc4e32c1a1ffce69,44100,2,16,132300,3.0,True,mixed_sound_#_#,ambulance_128,0.4258859157562256,0.12495868389423077,2316.3931629282665,2290.699291297728
mixed_sound_129.wav,mixed_sound_129,ambulance,516.8,a459bc026e1ab7492921e5631f760d53,44100,2,16,132300,3.0,True,mixed_sound_#,ambulance_129,0.5910360217094421,0.08165564903846154,1528.0432004438405,1840.3314470610958
mixed_sound_129_1.wav,mixed_sound_129_1,ambulance,516.8,51cfa6a25c71fb8940d49f389afbc70a,44100,2,16,132300,3.0,True,mixed_sound_#_#,ambulance_129,0.6030965447425842,0.07021484375,1570.8219302184002,1913.128174605646
mixed_sound_12_1.wav,mixed_sound_12_1,ambulance,516.8,65274b4cec9fa2777cd4a91cab334239,44100,2,16,132300,3.0,True,mixed_sound_#_#,ambulance_12,0.5599225163459778,0.1063701923076923,2276.784161719875,2316.686367356696
mixed_sound_13.wav,mixed_sound_13,ambulance,516.8,ac765413248aee8fc2c0be03bef95e22,44100,2,16,132300,3.0,True,mixed_sound_#,ambulance_13,0.5097486972808838,0.1622596153846154,2771.723031055578,2482.9681209856903
mixed_sound_130.wav,mixed_sound_130,ambulance,516.8,497b9c1cdea65223cd1cd4b195456678,44100,2,16,132300,3.0,True,mixed_sound_#,ambulance_130,0.4839724600315094,0.21728515625,2960.3800261307133,2493.000643972456
mixed_sound_130_1.wav,mixed_sound_130_1,ambulance,516.8,77f4702663435242686e5cbbc5775e3b,44100,2,16,132300,3.0,True,mixed_sound_#_#,ambulance_130,0.5714542269706726,0.08345102163461539,1579.2403099581652,1887.2955650692206
mixed_sound_131.wav,mixed_sound_131,ambulance,516.8,e9cd0a4faa16a8539ce5029fd706f2b8,44100,2,16,132300,3.0,True,mixed_sound_#,ambulance_131,0.5972578525543213,0.07366661658653846,1561.5753501020106,1911.0717372728525
mixed_sound_131_1.wav,mixed_sound_131_1,ambulance,516.8,e494fc0d360f91b43c4294f0066fd9b7,44100,2,16,132300,3.0,True,mixed_sound_#_#,ambulance_131,0.5288370251655579,0.14151141826923078,2557.9760872451097,2526.3792520032166
mixed_sound_132.wav,mixed_sound_132,ambulance,516.8,f8f2d742eb9a6bafa323a94a358e68f3,44100,2,16,132300,3.0,True,mixed_sound_#,ambulance_132,0.5509734153747559,0.160302734375,2384.427769001064,2346.689915411713
mixed_sound_132_1.wav,mixed_sound_132_1,ambulance,516.8,3fc15197057d269d68e254999618d06d,44100,2,16,132300,3.0,True,mixed_sound_#_#,ambulance_132,0.5803540945053101,0.06416015625,1452.471945862326,1805.345089312745
mixed_sound_133.wav,mixed_sound_133,ambulance,516.8,383906b1c383e1785531beaa6c5de3ff,44100,2,16,132300,3.0,True,mixed_sound_#,ambulance_133,0.43638283014297485,0.13363506610576922,2272.7863511727573,2323.233228673589
mixed_sound_133_1.wav,mixed_sound_133_1,ambulance,516.8,20fb75583f27d2386ce07a6f50bb32c2,44100,2,16,132300,3.0,True,mixed_sound_#_#,ambulance_133,0.5992195010185242,0.054518479567307696,1337.5455389673198,1749.8731251981808
mixed_sound_134.wav,mixed_sound_134,ambulance,516.8,34aa7591591ed973b8191713ce0758d8,44100,2,16,132300,3.0,True,mixed_sound_#,ambulance_134,0.4989476203918457,0.12264498197115385,2534.193904172132,2600.4824324769843
mixed_sound_134_1.wav,mixed_sound_134_1,ambulance,516.8,7fc0d56029bb35afe69dd49c51374a1a,44100,2,16,132300,3.0,True,mixed_sound_#_#,ambulance_134,0.6006719470024109,0.06457331730769231,1405.8853479332545,1718.5682818660916
mixed_sound_135.wav,mixed_sound_135,ambulance,516.8,25df9ef2d921a8cced2cfb5bed1a1f18,44100,2,16,132300,3.0,True,mixed_sound_#,ambulance_135,0.5520931482315063,0.1111102764423077,2305.225294045433,2331.4378382827126
mixed_sound_135_1.wav,mixed_sound_135_1,ambulance,516.8,b7aa58822bd27667976f6de5b36bca40,44100,2,16,132300,3.0,True,mixed_sound_#_#,ambulance_135,0.5901517868041992,0.05910832331730769,1350.027257876271,1734.409176985567
mixed_sound_136.wav,mixed_sound_136,ambulance,516.8,54cfcdf438e9c7991c17f68544382e42,44100,2,16,132300,3.0,True,mixed_sound_#,ambulance_136,0.5530723929405212,0.056156099759615385,1179.8673817738706,1505.9974390928567
mixed_sound_136_1.wav,mixed_sound_136_1,ambulance,516.8,da56ccb1431e8d30cfa86a35d34a406d,44100,2,16,132300,3.0,True,mixed_sound_#_#,ambulance_136,0.554186999797821,0.061936598557692304,1360.9815657852214,1729.351517254916
mixed_sound_137.wav,mixed_sound_137,ambulance,516.8,ed650b57d54e93c6ca6bf1e6152bb09c,44100,2,16,132300,3.0,True,mixed_sound_#,ambulance_137,0.5460950136184692,0.061444561298076926,1254.7224312321073,1615.5121817397023
mixed_sound_137_1.wav,mixed_sound_137_1,ambulance,516.8,8e8fb9e154d4b2ae0a95a0e3772e71c4,44100,2,16,132300,3.0,True,mixed_sound_#_#,ambulance_137,0.4826510548591614,0.114892578125,2254.7167502057273,2309.6629496554638
mixed_sound_138.wav,mixed_sound_138,ambulance,516.8,dfb3143d6215fa6318ba8e0275b2afd7,44100,2,16,132300,3.0,True,mixed_sound_#,ambulance_138,0.4186047315597534,0.1445087139423077,2472.5401087292994,2361.658320640865
mixed_sound_138_1.wav,mixed_sound_138_1,ambulance,516.8,1c8d194a0feff7a4b07b320dcfd1e6b7,44100,2,16,132300,3.0,True,mixed_sound_#_#,ambulance_138,0.5645055770874023,0.08545673076923077,1949.8681942298238,2203.5203763617446
mixed_sound_139.wav,mixed_sound_139,ambulance,516.8,ce8b187c4501e680d178f704f879619d,44100,2,16,132300,3.0,True,mixed_sound_#,ambulance_139,0.5714234709739685,0.09826847956730769,2232.252649144594,2409.886463426708
mixed_sound_139_1.wav,mixed_sound_139_1,ambulance,516.8,25c496adbaf7f46a86fce66495a803ce,44100,2,16,132300,3.0,True,mixed_sound_#_#,ambulance_139,0.5268635749816895,0.11766451322115384,2252.45569662424,2220.3849446225795
mixed_sound_13_1.wav,mixed_sound_13_1,ambulance,516.8,519f1428c50fd3b27bc299b6b3f56d7c,44100,2,16,132300,3.0,True,mixed_sound_#_#,ambulance_13,0.6129191517829895,0.05516826923076923,1401.2710358283807,1813.5862769294288
mixed_sound_14.wav,mixed_sound_14,ambulance,516.8,8f92cfcb602e7cce67c8b9a17f84e47d,44100,2,16,132300,3.0,True,mixed_sound_#,ambulance_14,0.6193498969078064,0.048291015625,1280.2009995217045,1741.6997097223168
mixed_sound_140.wav,mixed_sound_140,ambulance,516.8,0df353e9a236a155995d857b9f31b6f3,44100,2,16,132300,3.0,True,mixed_sound_#,ambulance_140,0.5899713635444641,0.06083233173076923,1270.4139606762224,1616.1504554774585
mixed_sound_140_1.wav,mixed_sound_140_1,ambulance,516.8,5998cd53584a9f8ec350355ff4d5204a,44100,2,16,132300,3.0,True,mixed_sound_#_#,ambulance_140,0.5904937982559204,0.058680138221153845,1390.0018604984157,1764.916982073533
mixed_sound_141.wav,mixed_sound_141,ambulance,516.8,4f5a7008d1710acca6b8edc8f37e6f0c,44100,2,16,132300,3.0,True,mixed_sound_#,ambulance_141,0.5482796430587769,0.06453951322115385,1173.9980175750518,1475.2304978575492
mixed_sound_141_1.wav,mixed_sound_141_1,ambulance,516.8,340c514f7c7447abce7d8ae22f036f52,44100,2,16,132300,3.0,True,mixed_sound_#_#,ambulance_141,0.5853784680366516,0.06498647836538461,1412.8593794462947,1795.1131169572473
mixed_sound_142.wav,mixed_sound_142,ambulance,516.8,b2dd92f3c9d12a544955e6dd6edc3ac7,44100,2,16,132300,3.0,True,mixed_sound_#,ambulance_142,0.603142261505127,0.058236929086538464,1199.9543865295423,1532.815098882207
mixed_sound_142_1.wav,mixed_sound_142_1,ambulance,516.8,10ff3e37ee5db4a332a06907bd8b0175,44100,2,16,132300,3.0,True,mixed_sound_#_#,ambulance_142,0.4995570182800293,0.2124549278846154,3032.6706358729966,2504.7379234076384
mixed_sound_143.wav,mixed_sound_143,ambulance,516.8,f4e6d27db21966a81ebb3d98c9113039,44100,2,16,132300,3.0,True,mixed_sound_#,ambulance_143,0.5094382166862488,0.13087064302884616,2356.3216146389955,2294.531335999411
mixed_sound_143_1.wav,mixed_sound_143_1,ambulance,516.8,5562a9081607c802cb36c9b27f94e744,44100,2,16,132300,3.0,True,mixed_sound_#_#,ambulance_143,0.4727710485458374,0.08748497596153847,1959.1092290018776,2180.3527218171203
mixed_sound_144.wav,mixed_sound_144,ambulance,516.8,7d7d20cb782797606300b82f739a40f0,44100,2,16,132300,3.0,True,mixed_sound_#,ambulance_144,0.5724831223487854,0.08081430288461539,2373.2507403339323,2473.7558616841825
mixed_sound_144_1.wav,mixed_sound_144_1,ambulance,516.8,d7655e391c26ce6881d53d909bdb1dc1,44100,2,16,132300,3.0,True,mixed_sound_#_#,ambulance_144,0.45288464426994324,0.15514573317307692,2566.166478117096,2433.7480941035574
mixed_sound_145.wav,mixed_sound_145,ambulance,516.8,33e540ccad21561dc20572a00d8d6413,44100,2,16,132300,3.0,True,mixed_sound_#,ambulance_145,0.5714247226715088,0.058931790865384616,1178.342588185622,1530.4498497009251
mixed_sound_145_1.wav,mixed_sound_145_1,ambulance,516.8,210dfc5b9be4d134defdfd0674ccb578,44100,2,16,132300,3.0,True,mixed_sound_#_#,ambulance_145,0.47187745571136475,0.12666391225961537,2133.745668367192,2114.0559775337083
mixed_sound_146.wav,mixed_sound_146,ambulance,516.8,5230a2c197b1bd415966eb1ed9e4b8e5,44100,2,16,132300,3.0,True,mixed_sound_#,ambulance_146,0.5392734408378601,0.06787109375,1156.1442874010459,1480.940695742614
mixed_sound_146_1.wav,mixed_sound_146_1,ambulance,516.8,96791dad1c4b5715967dd88e5fcbb218,44100,2,16,132300,3.0,True,mixed_sound_#_#,ambulance_146,0.431908518075943,0.11679311899038461,2231.1788331019434,2302.790802318161
mixed_sound_147.wav,mixed_sound_147,ambulance,516.8,942b5d5cef5b211dcc5d5a616502bc85,44100,2,16,132300,3.0,True,mixed_sound_#,ambulance_147,0.5922459363937378,0.066162109375,1281.7809435771962,1566.966097816551
mixed_sound_147_1.wav,mixed_sound_147_1,ambulance,516.8,111c09aac141638fe888a545b61cbfbd,44100,2,16,132300,3.0,True,mixed_sound_#_#,ambulance_147,0.446178674697876,0.10249774639423077,2227.8892464951414,2355.2955029911964
mixed_sound_148.wav,mixed_sound_148,ambulance,516.8,c73ef18eb406184222bac4fa5852741e,44100,2,16,132300,3.0,True,mixed_sound_#,ambulance_148,0.6000673770904541,0.06307466947115385,1244.7123470443062,1596.56356624893
mixed_sound_148_1.wav,mixed_sound_148_1,ambulance,516.8,eefec76aa29b27b843fb9ac35045275b,44100,2,16,132300,3.0,True,mixed_sound_#_#,ambulance_148,0.5817731022834778,0.10413161057692308,2165.3933122203703,2244.131993885186
mixed_sound_149.wav,mixed_sound_149,ambulance,516.8,647f3d535319745dca7a0dcae0193e32,44100,2,16,132300,3.0,True,mixed_sound_#,ambulance_149,0.5018641352653503,0.11288686899038461,2550.7407043007374,2651.859569198702
mixed_sound_149_1.wav,mixed_sound_149_1,ambulance,516.8,c2c6f85370a71c82a4c7ffad81beafea,44100,2,16,132300,3.0,True,mixed_sound_#_#,ambulance_149,0.4137250781059265,0.08731595552884615,1543.3913997058085,1798.8542637083683
mixed_sound_14_1.wav,mixed_sound_14_1,ambulance,516.8,6fc288ba38f9e03a6ce2fb2aa3d0766f,44100,2,16,132300,3.0,True,mixed_sound_#_#,ambulance_14,0.45464080572128296,0.07955979567307692,1628.2344963215803,1955.1704346566528
mixed_sound_15.wav,mixed_sound_15,ambulance,516.8,cac298a863d81acf49243b1315fd4402,44100,2,16,132300,3.0,True,mixed_sound_#,ambulance_15,0.5780625343322754,0.05846604567307692,1287.0701800465647,1623.9497787440066
mixed_sound_150.wav,mixed_sound_150,ambulance,516.8,4e99403c220db5b4fac25ec704c59317,44100,2,16,132300,3.0,True,mixed_sound_#,ambulance_150,0.5350913405418396,0.08085561899038461,1449.1174880560948,1752.7754505823173
mixed_sound_150_1.wav,mixed_sound_150_1,ambulance,516.8,76444ac480709b4e3285644ff7b19214,44100,2,16,132300,3.0,True,mixed_sound_#_#,ambulance_150,0.5673209428787231,0.07075946514423077,1841.6712149558566,2173.6661891724984
mixed_sound_151.wav,mixed_sound_151,ambulance,516.8,2f1c2c2aa46b3e435253c9e7481beb6f,44100,2,16,132300,3.0,True,mixed_sound_#,ambulance_151,0.5014014840126038,0.17602163461538461,2733.657670123072,2496.488198778156
mixed_sound_151_1.wav,mixed_sound_151_1,ambulance,516.8,9e13b995b7c13875107d642832a5c6d0,44100,2,16,132300,3.0,True,mixed_sound_#_#,ambulance_151,0.6010125279426575,0.056798377403846155,1358.5112867002354,1701.2029297728782
mixed_sound_152.wav,mixed_sound_152,ambulance,516.8,6e36f0b450197f555b8479686bcb8a18,44100,2,16,132300,3.0,True,mixed_sound_#,ambulance_152,0.5936651825904846,0.06674053485576924,1223.8334872771838,1526.2524941199197
mixed_sound_152_1.wav,mixed_sound_152_1,ambulance,516.8,5618b049e21c92a346de6bf23bf6590f,44100,2,16,132300,3.0,True,mixed_sound_#_#,ambulance_152,0.5470598340034485,0.0814453125,1484.1087934192735,1708.2044974969738
mixed_sound_153.wav,mixed_sound_153,ambulance,516.8,543cb72c7bc2c032d169db66b429e06d,44100,2,16,132300,3.0,True,mixed_sound_#,ambulance_153,0.5299502015113831,0.15457857572115385,2556.4670713171668,2414.168736967114
mixed_sound_153_1.wav,mixed_sound_153_1,ambulance,516.8,591fff283a7ec4f84bb34f1224859152,44100,2,16,132300,3.0,True,mixed_sound_#_#,ambulance_153,0.5166329741477966,0.07773813100961538,1397.4785934751692,1701.5500994117688
mixed_sound_154.wav,mixed_sound_154,ambulance,516.8,ec5b61edb5a36e927ab01f99066c6e3d,44100,2,16,132300,3.0,True,mixed_sound_#,ambulance_154,0.5514175891876221,0.12730243389423077,2340.102770213764,2307.314169684602
mixed_sound_154_1.wav,mixed_sound_154_1,ambulance,516.8,5d5b06b8303039b8265cc2d2616e452c,44100,2,16,132300,3.0,True,mixed_sound_#_#,ambulance_154,0.6227076649665833,0.07204026442307693,1466.197914439186,1759.3205656119885
mixed_sound_155.wav,mixed_sound_155,ambulance,516.8,463ab61a43f83836c8693aba78b1c44f,44100,2,16,132300,3.0,True,mixed_sound_#,ambulance_155,0.559558093547821,0.107568359375,2219.7611259119135,2263.668793980433
mixed_sound_155_1.wav,mixed_sound_155_1,ambulance,516.8,dbf4d71518a6e8b989e12415f7ac5251,44100,2,16,132300,3.0,True,mixed_sound_#_#,ambulance_155,0.4558947682380676,0.14378004807692307,2559.2376068270614,2426.714907403375
mixed_sound_156.wav,mixed_sound_156,ambulance,516.8,7982d2938b7c3bb8d8f2c2a9296991d9,44100,2,16,132300,3.0,True,mixed_sound_#,ambulance_156,0.5559484362602234,0.09148137019230769,2137.910572301524,2339.3429869291363
mixed_sound_156_1.wav,mixed_sound_156_1,ambulance,516.8,35e74c190b1648bc912af3bd918498bf,44100,2,16,132300,3.0,True,mixed_sound_#_#,ambulance_156,0.546093761920929,0.11511418269230769,2273.6290905876035,2280.0312058188574
mixed_sound_157.wav,mixed_sound_157,ambulance,516.8,de3e7d47fde3e4aa516d5973a716d086,44100,2,16,132300,3.0,True,mixed_sound_#,ambulance_157,0.5439305305480957,0.15823317307692308,2360.3864542111332,2338.552507291317
mixed_sound_157_1.wav,mixed_sound_157_1,ambulance,516.8,bd2ec77525b5b3d6ab34899307849f8e,44100,2,16,132300,3.0,True,mixed_sound_#_#,ambulance_157,0.5821170806884766,0.053771033653846154,1424.8701294021885,1839.2771129232508
mixed_sound_158.wav,mixed_sound_158,ambulance,516.8,296d7f7c4b9801baf3e8d85252b8dcc7,44100,2,16,132300,3.0,True,mixed_sound_#,ambulance_158,0.45110630989074707,0.07857196514423077,1358.6396908678705,1641.693817179068
mixed_sound_158_1.wav,mixed_sound_158_1,ambulance,516.8,fcf753512d9aa1e86e61942914cbfcd3,44100,2,16,132300,3.0,True,mixed_sound_#_#,ambulance_158,0.5362738966941833,0.06921574519230769,1413.3138114209505,1747.4300181195658
mixed_sound_159.wav,mixed_sound_159,ambulance,516.8,c97c1153db48ef35e88edfe074732ae5,44100,2,16,132300,3.0,True,mixed_sound_#,ambulance_159,0.4922623336315155,0.17215294471153847,2688.8262221071127,2484.9930869129475
mixed_sound_159_1.wav,mixed_sound_159_1,ambulance,516.8,48a4a2e9203870781edbfc83488cdd99,44100,2,16,132300,3.0,True,mixed_sound_#_#,ambulance_159,0.585608959197998,0.06626727764423077,1454.2518792300616,1742.6005350136886
mixed_sound_15_1.wav,mixed_sound_15_1,ambulance,516.8,c71a7d2f688437112d3846c5847885da,44100,2,16,132300,3.0,True,mixed_sound_#_#,ambulance_15,0.5716517567634583,0.09951923076923076,2218.117392377204,2309.090742729818
mixed_sound_16.wav,mixed_sound_16,ambulance,516.8,f617cbf8942e8f5ca32ea178a3f18abf,44100,2,16,132300,3.0,True,mixed_sound_#,ambulance_16,0.5498107671737671,0.11935096153846154,2322.871073377337,2400.9816036043153
mixed_sound_160.wav,mixed_sound_160,ambulance,516.8,ff8843e289478c2616f334876305a15f,44100,2,16,132300,3.0,True,mixed_sound_#,ambulance_160,0.5010700225830078,0.14994365985576924,2581.1008284344402,2458.837478448516
mixed_sound_160_1.wav,mixed_sound_160_1,ambulance,516.8,c4b85bfdb5bdbd3cd554077f82550b5b,44100,2,16,132300,3.0,True,mixed_sound_#_#,ambulance_160,0.6206966638565063,0.05921724759615385,1352.3895246780223,1682.4610733493473
mixed_sound_161.wav,mixed_sound_161,ambulance,518.2,8994b4a9de57bf80b161d0f7598aa65d,44100,2,16,132652,3.007981859410431,True,mixed_sound_#,ambulance_161,0.5917096734046936,0.1042217548076923,2224.9651321346905,2243.390234820856
mixed_sound_161_1.wav,mixed_sound_161_1,ambulance,518.2,7b4db356c9738f1df6076d136b731480,44100,2,16,132652,3.007981859410431,True,mixed_sound_#_#,ambulance_161,0.5286886692047119,0.14428335336538461,2665.5745647052536,2483.40458350699
mixed_sound_162.wav,mixed_sound_162,ambulance,518.2,ca38663d446dde81923adc7b7b5d4782,44100,2,16,132652,3.007981859410431,True,mixed_sound_#,ambulance_162,0.5758730173110962,0.06451697716346154,1296.8337639515619,1618.2482510102277
mixed_sound_162_1.wav,mixed_sound_162_1,ambulance,518.2,552af8d03f75f8b1a2051918ffea7ceb,44100,2,16,132652,3.007981859410431,True,mixed_sound_#_#,ambulance_162,0.5922455191612244,0.05995342548076923,1474.3378819804786,1840.6157148848845
mixed_sound_163.wav,mixed_sound_163,ambulance,518.2,2b2956af6739cca01c37719202595c7c,44100,2,16,132652,3.007981859410431,True,mixed_sound_#,ambulance_163,0.6093615889549255,0.07681415264423076,1368.324130546718,1637.2481022693778
mixed_sound_163_1.wav,mixed_sound_163_1,ambulance,518.2,2512c2ed010c720f19a7b411a52da786,44100,2,16,132652,3.007981859410431,True,mixed_sound_#_#,ambulance_163,0.6125454306602478,0.06803260216346153,1452.4119326869493,1739.7041753844355
mixed_sound_164.wav,mixed_sound_164,ambulance,518.2,bdf2b09d6fd14e16d879eed08a9616ca,44100,2,16,132652,3.007981859410431,True,mixed_sound_#,ambulance_164,0.6081176996231079,0.08440504807692308,1517.8694733046239,1751.9146260638297
mixed_sound_164_1.wav,mixed_sound_164_1,ambulance,518.2,42f1d3465bd2e86688af075484e2fd1e,44100,2,16,132652,3.007981859410431,True,mixed_sound_#_#,ambulance_164,0.6005105972290039,0.06932842548076923,1482.0097905942355,1766.3014338325781
mixed_sound_165.wav,mixed_sound_165,ambulance,518.2,7d50a3b4cf1c81ad809e3ee1f24b628b,44100,2,16,132652,3.007981859410431,True,mixed_sound_#,ambulance_165,0.5623146891593933,0.066748046875,1717.0454086934928,2068.5080250743963
mixed_sound_165_1.wav,mixed_sound_165_1,ambulance,518.2,0ef7ac89c5e36db3e28faadca6111adc,44100,2,16,132652,3.007981859410431,True,mixed_sound_#_#,ambulance_165,0.5093134045600891,0.18070913461538463,2944.5152007741826,2538.8444189711054
mixed_sound_166.wav,mixed_sound_166,ambulance,518.2,dadafacb6ea30e00a53b8ee603c7ed09,44100,2,16,132652,3.007981859410431,True,mixed_sound_#,ambulance_166,0.6134188771247864,0.09344200721153846,1440.766484534842,1656.510541210366
mixed_sound_166_1.wav,mixed_sound_166_1,ambulance,518.2,9c9c76a09044999678211eabb3947f43,44100,2,16,132652,3.007981859410431,True,mixed_sound_#_#,ambulance_166,0.5750346183776855,0.08799203725961538,1600.0967564451566,1805.4098083198062
mixed_sound_167.wav,mixed_sound_167,ambulance,518.2,9d2fd2829ebf14dd4756c3445aeaae44,44100,2,16,132652,3.007981859410431,True,mixed_sound_#,ambulance_167,0.6216138601303101,0.04781775841346154,1190.4088100322272,1587.1386871433979
mixed_sound_167_1.wav,mixed_sound_167_1,ambulance,518.2,a74b554b3433fd408c02c36f67db3aad,44100,2,16,132652,3.007981859410431,True,mixed_sound_#_#,ambulance_167,0.5892375111579895,0.07057542067307693,1473.147806563904,1746.549280667943
mixed_sound_168.wav,mixed_sound_168,ambulance,518.2,9fac2e7f2f3850f3bb027a892194cedf,44100,2,16,132652,3.007981859410431,True,mixed_sound_#,ambulance_168,0.5229766964912415,0.1577373798076923,2745.062005295103,2447.004140269202
mixed_sound_168_1.wav,mixed_sound_168_1,ambulance,518.2,f1aa81a87870edd33d7400c76967958d,44100,2,16,132652,3.007981859410431,True,mixed_sound_#_#,ambulance_168,0.6040982604026794,0.08552058293269231,1458.0783800223526,1701.576011945733
mixed_sound_169.wav,mixed_sound_169,ambulance,518.2,848d9356f1ee7567a3f2b2ee89dbcc23,44100,2,16,132652,3.007981859410431,True,mixed_sound_#,ambulance_169,0.5996949672698975,0.10665189302884616,2305.25735504701,2265.9527484839005
mixed_sound_169_1.wav,mixed_sound_169_1,ambulance,518.2,b9158c8258d0cdfb16f88e52a0fe1396,44100,2,16,132652,3.007981859410431,True,mixed_sound_#_#,ambulance_169,0.4152528643608093,0.12295297475961539,2154.619757158871,2094.2974505194575
mixed_sound_16_1.wav,mixed_sound_16_1,ambulance,516.8,a957e858985113fa300b71dd4f6c9b8b,44100,2,16,132300,3.0,True,mixed_sound_#_#,ambulance_16,0.5890443325042725,0.06444936899038461,1411.9003138946903,1736.1803505866662
mixed_sound_17.wav,mixed_sound_17,ambulance,516.8,4ec9c67f6771ad388ea5bc37cf97f299,44100,2,16,132300,3.0,True,mixed_sound_#,ambulance_17,0.5207541584968567,0.11544095552884616,2286.881460984785,2331.491406606841
mixed_sound_170.wav,mixed_sound_170,ambulance,518.2,79f1ed80529e0dc0a06a5e1120e58dee,44100,2,16,132652,3.007981859410431,True,mixed_sound_#,ambulance_170,0.6076672077178955,0.06268780048076923,1280.4590083118428,1567.7533646583654
mixed_sound_170_1.wav,mixed_sound_170_1,ambulance,518.2,39f5069568ceadaeebe808fa826bd4da,44100,2,16,132652,3.007981859410431,True,mixed_sound_#_#,ambulance_170,0.4342102110385895,0.189697265625,2600.0900592272064,2362.1403365675924
mixed_sound_171.wav,mixed_sound_171,ambulance,518.2,707421790058e6dda129f0f057828a8e,44100,2,16,132652,3.007981859410431,True,mixed_sound_#,ambulance_171,0.5810391902923584,0.11906174879807692,2229.8898810789724,2237.7375504590354
mixed_sound_171_1.wav,mixed_sound_171_1,ambulance,518.2,9ff4dd7fe17dbb4cb6f62ea3ea852c68,44100,2,16,132652,3.007981859410431,True,mixed_sound_#_#,ambulance_171,0.47628480195999146,0.12388822115384615,2178.5556830287555,2244.6030948992675
mixed_sound_172.wav,mixed_sound_172,ambulance,518.2,df2df11c859609c4bf6de1ebcd61a2e7,44100,2,16,132652,3.007981859410431,True,mixed_sound_#,ambulance_172,0.5240662693977356,0.06458082932692308,1161.0287981219894,1516.2810214707533
mixed_sound_172_1.wav,mixed_sound_172_1,ambulance,518.2,31ac1d0e0874e8580f1a2c9dc706ecbf,44100,2,16,132652,3.007981859410431,True,mixed_sound_#_#,ambulance_172,0.34556058049201965,0.12394456129807692,2266.541075449146,2285.599723695602
mixed_sound_173.wav,mixed_sound_173,ambulance,518.2,09cc11570ef33147d15ee87d5c3256c5,44100,2,16,132652,3.007981859410431,True,mixed_sound_#,ambulance_173,0.6305619478225708,0.07279146634615384,1413.5064214475037,1739.3648106341839
mixed_sound_173_1.wav,mixed_sound_173_1,ambulance,518.2,323c479bed0669d44bda90b5225dfb8f,44100,2,16,132652,3.007981859410431,True,mixed_sound_#_#,ambulance_173,0.5686702132225037,0.07394080528846154,1517.2791490393902,1832.6149694925493
mixed_sound_174.wav,mixed_sound_174,ambulance,518.2,6b682bef4c7742d373e89310239f0e12,44100,2,16,132652,3.007981859410431,True,mixed_sound_#,ambulance_174,0.5251721739768982,0.05119816706730769,1099.2366181705277,1449.1918740842652
mixed_sound_174_1.wav,mixed_sound_174_1,ambulance,518.2,b0787f74cc869ed2ebb620c32e8a68aa,44100,2,16,132652,3.007981859410431,True,mixed_sound_#_#,ambulance_174,0.5925554633140564,0.05547626201923077,1388.8195767348575,1770.6981831124717
mixed_sound_175.wav,mixed_sound_175,ambulance,518.2,2667151b6fa75e063cebd8ef454a6cfd,44100,2,16,132652,3.007981859410431,True,mixed_sound_#,ambulance_175,0.5291852951049805,0.12178485576923077,2319.035217759437,2405.13814080124
mixed_sound_175_1.wav,mixed_sound_175_1,ambulance,518.2,4777eff98d09eefd0d3174a767e86551,44100,2,16,132652,3.007981859410431,True,mixed_sound_#_#,ambulance_175,0.4054277837276459,0.1314002403846154,2229.514010932797,2240.7289551379017
mixed_sound_176.wav,mixed_sound_176,ambulance,518.2,93e7217f7b99e9c31fbddf661b6baa37,44100,2,16,132652,3.007981859410431,True,mixed_sound_#,ambulance_176,0.6151396632194519,0.09165414663461538,1443.3374009738345,1699.8776648667465
mixed_sound_176_1.wav,mixed_sound_176_1,ambulance,518.2,800dda1bbd6e179f1ea4047898d2dad4,44100,2,16,132652,3.007981859410431,True,mixed_sound_#_#,ambulance_176,0.5673599243164062,0.11748422475961538,2371.5057507095116,2397.480882336596
mixed_sound_177.wav,mixed_sound_177,ambulance,518.2,19f41daf933065c780c343f24298dbd2,44100,2,16,132652,3.007981859410431,True,mixed_sound_#,ambulance_177,0.6209362149238586,0.07753155048076923,1468.967718225819,1790.0234199752056
mixed_sound_177_1.wav,mixed_sound_177_1,ambulance,518.2,383594ae6ad0049170afa2997243c463,44100,2,16,132652,3.007981859410431,True,mixed_sound_#_#,ambulance_177,0.6156551837921143,0.06999699519230769,1493.0637160051274,1846.0896731923845
mixed_sound_178.wav,mixed_sound_178,ambulance,518.2,c6045aaf9e282d2861e1a1ee292084af,44100,2,16,132652,3.007981859410431,True,mixed_sound_#,ambulance_178,0.5800987482070923,0.06924954927884615,1350.0479000093956,1632.3092788924844
mixed_sound_178_1.wav,mixed_sound_178_1,ambulance,518.2,00a897d9f5e7e09a7557b77d6b3cb468,44100,2,16,132652,3.007981859410431,True,mixed_sound_#_#,ambulance_178,0.4910220801830292,0.11675931490384615,2336.1950410067434,2408.755645744693
mixed_sound_179.wav,mixed_sound_179,ambulance,518.2,babaa05f39377a55b47613cb5a93b7a9,44100,2,16,132652,3.007981859410431,True,mixed_sound_#,ambulance_179,0.6136935353279114,0.08476186899038461,1458.2621018395475,1667.042718234844
mixed_sound_179_1.wav,mixed_sound_179_1,ambulance,518.2,933ccc9cb1b8f33767d826434a4864fc,44100,2,16,132652,3.007981859410431,True,mixed_sound_#_#,ambulance_179,0.5604405999183655,0.09110576923076923,2151.1859029019556,2341.2874252826423
mixed_sound_17_1.wav,mixed_sound_17_1,ambulance,516.8,134bc0a27913777c93d6b7c49a561ae8,44100,2,16,132300,3.0,True,mixed_sound_#_#,ambulance_17,0.4503178000450134,0.11446063701923077,2225.1824661028177,2273.9468522651982
mixed_sound_18.wav,mixed_sound_18,ambulance,516.8,c307e9b34f39b226e35fb61702848e9c,44100,2,16,132300,3.0,True,mixed_sound_#,ambulance_18,0.6194568276405334,0.05879657451923077,1205.9629766867906,1572.4710468848634
mixed_sound_180.wav,mixed_sound_180,ambulance,518.2,31b570207ca1a9aef738e4c12bd4a1df,44100,2,16,132652,3.007981859410431,True,mixed_sound_#,ambulance_180,0.5661684274673462,0.052493990384615385,1235.776176867087,1701.4150178603406
mixed_sound_180_1.wav,mixed_sound_180_1,ambulance,518.2,8a8251d5bca834aedbc92d1d14a9a9b9,44100,2,16,132652,3.007981859410431,True,mixed_sound_#_#,ambulance_180,0.5379674434661865,0.1017803485576923,2131.334372274311,2267.340360975798
mixed_sound_181.wav,mixed_sound_181,ambulance,518.2,35f3ce1b64f4be12ee4c54a22bf6fa61,44100,2,16,132652,3.007981859410431,True,mixed_sound_#,ambulance_181,0.42939284443855286,0.20587064302884617,2890.2326058937406,2351.7722623406203
mixed_sound_181_1.wav,mixed_sound_181_1,ambulance,518.2,8d514fea70710b40b7cfdd0632b47ee0,44100,2,16,132652,3.007981859410431,True,mixed_sound_#_#,ambulance_181,0.5756964087486267,0.10052208533653846,2155.3222954769885,2268.8937651093456
mixed_sound_182.wav,mixed_sound_182,ambulance,518.2,de8d2caef59c59ece504ae778b4c960d,44100,2,16,132652,3.007981859410431,True,mixed_sound_#,ambulance_182,0.45432546734809875,0.12946965144230768,2383.4192544555344,2390.843424345542
mixed_sound_182_1.wav,mixed_sound_182_1,ambulance,518.2,8cfb523ef4d18b5fd2f0bc37fc48ef25,44100,2,16,132652,3.007981859410431,True,mixed_sound_#_#,ambulance_182,0.589390218257904,0.07633338341346153,1457.0374804456226,1767.9039104373048
mixed_sound_183.wav,mixed_sound_183,ambulance,518.2,c278b45f4bc8c095c0f64d3f916f0951,44100,2,16,132652,3.007981859410431,True,mixed_sound_#,ambulance_183,0.480460524559021,0.16140700120192308,2579.832517740894,2321.5370268832016
mixed_sound_183_1.wav,mixed_sound_183_1,ambulance,518.2,771a3a2d7e8cdf7cdaeba64b67e6473b,44100,2,16,132652,3.007981859410431,True,mixed_sound_#_#,ambulance_183,0.5811156034469604,0.10480769230769231,2231.67967610595,2273.6702138542387
mixed_sound_184.wav,mixed_sound_184,ambulance,518.2,f7051437c271eee1d6b483ec48eb4a45,44100,2,16,132652,3.007981859410431,True,mixed_sound_#,ambulance_184,0.5846810340881348,0.0630859375,1331.5071968959323,1678.86229472165
mixed_sound_184_1.wav,mixed_sound_184_1,ambulance,518.2,d80e50d5fc2a008b1139be45f6966689,44100,2,16,132652,3.007981859410431,True,mixed_sound_#_#,ambulance_184,0.5204172134399414,0.1365009014423077,2427.004700396313,2330.639354007085
mixed_sound_185.wav,mixed_sound_185,ambulance,518.2,e21c679dabef9f1e2d6dce46c4abbe10,44100,2,16,132652,3.007981859410431,True,mixed_sound_#,ambulance_185,0.617110550403595,0.06907301682692307,1351.7960067974889,1636.2662254379175
mixed_sound_185_1.wav,mixed_sound_185_1,ambulance,518.2,88e42418b999da3c82ade0f5b450066f,44100,2,16,132652,3.007981859410431,True,mixed_sound_#_#,ambulance_185,0.599234402179718,0.06766826923076923,1443.4299291891386,1767.8374521722978
mixed_sound_186.wav,mixed_sound_186,ambulance,518.2,daea0f80806c5366159c4b26891944e1,44100,2,16,132652,3.007981859410431,True,mixed_sound_#,ambulance_186,0.5982531309127808,0.10377854567307693,2228.119926583182,2261.355821322098
mixed_sound_186_1.wav,mixed_sound_186_1,ambulance,518.2,579b88aa85061dfa1e8592f36f2cdee2,44100,2,16,132652,3.007981859410431,True,mixed_sound_#_#,ambulance_186,0.5941111445426941,0.061846454326923074,1399.6933540891914,1772.9302010405554
mixed_sound_187.wav,mixed_sound_187,ambulance,518.2,1dff15a3e23f842ce805e9dff0e610dd,44100,2,16,132652,3.007981859410431,True,mixed_sound_#,ambulance_187,0.6059983372688293,0.07988656850961538,1853.8344424639406,2142.7945086379546
mixed_sound_187_1.wav,mixed_sound_187_1,ambulance,518.2,32726623be7aba5618b8f55945fb2e5e,44100,2,16,132652,3.007981859410431,True,mixed_sound_#_#,ambulance_187,0.5514587163925171,0.11634990985576923,2318.9516968211265,2378.4653205993995
mixed_sound_188.wav,mixed_sound_188,ambulance,518.2,f2b69b955b75914437d502655e1a7e11,44100,2,16,132652,3.007981859410431,True,mixed_sound_#,ambulance_188,0.5975899696350098,0.07685922475961539,1359.1263279286736,1678.9725470253986
mixed_sound_188_1.wav,mixed_sound_188_1,ambulance,518.2,2e51b404c61a3ad64e96de620da914f7,44100,2,16,132652,3.007981859410431,True,mixed_sound_#_#,ambulance_188,0.5365706086158752,0.11456580528846154,2291.9143246902763,2291.861100620694
mixed_sound_189.wav,mixed_sound_189,ambulance,518.2,cfee7c322827ac4fcd114decf133572d,44100,2,16,132652,3.007981859410431,True,mixed_sound_#,ambulance_189,0.4162975549697876,0.11185772235576923,2213.59753806696,2292.454482025825
mixed_sound_189_1.wav,mixed_sound_189_1,ambulance,518.2,819bc4403b13bedbeb12fa19b51397a3,44100,2,16,132652,3.007981859410431,True,mixed_sound_#_#,ambulance_189,0.5753849148750305,0.06993689903846154,1388.1866997897926,1677.1536159020118
mixed_sound_18_1.wav,mixed_sound_18_1,ambulance,516.8,811282e1df1d6a9bf53dcc11b3b8aed0,44100,2,16,132300,3.0,True,mixed_sound_#_#,ambulance_18,0.6091110110282898,0.062086838942307696,1386.0065428084072,1741.4065743053984
mixed_sound_19.wav,mixed_sound_19,ambulance,516.8,408119b1cb6cca915c4b4da226480c31,44100,2,16,132300,3.0,True,mixed_sound_#,ambulance_19,0.5752984881401062,0.05544621394230769,1181.243396872625,1495.5794373513245
mixed_sound_190.wav,mixed_sound_190,ambulance,518.2,a819182c77c7175d5c103c79b6d4c13e,44100,2,16,132652,3.007981859410431,True,mixed_sound_#,ambulance_190,0.5533872246742249,0.12525540865384616,2371.6895040971685,2294.888797134484
mixed_sound_190_1.wav,mixed_sound_190_1,ambulance,518.2,44522270106e4501f46fd4748be72674,44100,2,16,132652,3.007981859410431,True,mixed_sound_#_#,ambulance_190,0.5168032050132751,0.153466796875,2485.9021081887527,2313.8726377125568
mixed_sound_191.wav,mixed_sound_191,ambulance,518.2,446a098ba1091036bee1ac9e5593ff98,44100,2,16,132652,3.007981859410431,True,mixed_sound_#,ambulance_191,0.5220592617988586,0.15450345552884615,2487.480275147019,2367.976099841608
mixed_sound_191_1.wav,mixed_sound_191_1,ambulance,518.2,9d0b8a8cee9eaa61ce7289d4a7729f52,44100,2,16,132652,3.007981859410431,True,mixed_sound_#_#,ambulance_191,0.4712628126144409,0.1384990985576923,2455.070979875107,2361.6026828132453
mixed_sound_192.wav,mixed_sound_192,ambulance,518.2,2d0e14937bf8552c7f240c62f51b62e6,44100,2,16,132652,3.007981859410431,True,mixed_sound_#,ambulance_192,0.6190186142921448,0.07700570913461538,1360.9935125144557,1639.8402022237206
mixed_sound_192_1.wav,mixed_sound_192_1,ambulance,518.2,4328fc8580b1771e1dfcec8fab6dd568,44100,2,16,132652,3.007981859410431,True,mixed_sound_#_#,ambulance_192,0.6196625828742981,0.07541691706730769,1456.6217046994752,1698.6858630043073
mixed_sound_193.wav,mixed_sound_193,ambulance,518.2,e5f9f0cb033faee1346f2a41617950e2,44100,2,16,132652,3.007981859410431,True,mixed_sound_#,ambulance_193,0.6267691850662231,0.06899789663461539,1286.919152781481,1584.4116521376714
mixed_sound_193_1.wav,mixed_sound_193_1,ambulance,518.2,2d07fa2a68345450543d77629bb628b0,44100,2,16,132652,3.007981859410431,True,mixed_sound_#_#,ambulance_193,0.624049186706543,0.06274038461538461,1340.8496600618232,1687.7412325944001
mixed_sound_194.wav,mixed_sound_194,ambulance,518.2,29b25627a886fff8ebc69673980a48ab,44100,2,16,132652,3.007981859410431,True,mixed_sound_#,ambulance_194,0.5583492517471313,0.1314152644230769,2368.394501893068,2298.2050528551486
mixed_sound_194_1.wav,mixed_sound_194_1,ambulance,518.2,51e6d839fa73e02f88596ebf48f7edf5,44100,2,16,132652,3.007981859410431,True,mixed_sound_#_#,ambulance_194,0.5240293145179749,0.16864107572115383,2819.0149355669814,2449.585532730497
mixed_sound_195.wav,mixed_sound_195,ambulance,518.2,213b5ded24f25495234b36866d5536fb,44100,2,16,132652,3.007981859410431,True,mixed_sound_#,ambulance_195,0.5223472118377686,0.15087139423076923,2587.6057838697056,2482.328908307371
mixed_sound_195_1.wav,mixed_sound_195_1,ambulance,518.2,48c44efc6fd5ecbef21ca466f92a8332,44100,2,16,132652,3.007981859410431,True,mixed_sound_#_#,ambulance_195,0.5727522373199463,0.1048114483173077,2273.241459475712,2384.196558305788
mixed_sound_196.wav,mixed_sound_196,ambulance,520.1,5259f7413358fc73eeffbb1ffe5c4ab0,44100,2,16,133137,3.0189795918367346,True,mixed_sound_#,ambulance_196,0.6010507345199585,0.08072040264423076,2213.396792099767,2433.271990394711
mixed_sound_196_1.wav,mixed_sound_196_1,ambulance,520.1,31504930b2a894842f9d8f8616c2e23e,44100,2,16,133137,3.0189795918367346,True,mixed_sound_#_#,ambulance_196,0.5236954689025879,0.1805438701923077,2771.964673735072,2504.21938669745
mixed_sound_197.wav,mixed_sound_197,ambulance,520.1,0a6988065ea6a4c3e0131b2a3b6258a0,44100,2,16,133137,3.0189795918367346,True,mixed_sound_#,ambulance_197,0.5860369205474854,0.06314227764423076,1199.1855716515088,1513.869790317997
mixed_sound_197_1.wav,mixed_sound_197_1,ambulance,520.1,cdc2c197f30499d41fcb34dff2f0a594,44100,2,16,133137,3.0189795918367346,True,mixed_sound_#_#,ambulance_197,0.6062335968017578,0.06446814903846154,1407.829984888569,1717.3598714407922
mixed_sound_198.wav,mixed_sound_198,ambulance,520.1,6c785944677b5ca9096271cd89215ed0,44100,2,16,133137,3.0189795918367346,True,mixed_sound_#,ambulance_198,0.5928900837898254,0.05842097355769231,1260.826666901197,1645.0156290573702
mixed_sound_198_1.wav,mixed_sound_198_1,ambulance,520.1,d681131111720968cfbac0be03edabe4,44100,2,16,133137,3.0189795918367346,True,mixed_sound_#_#,ambulance_198,0.5842694044113159,0.06829176682692308,1436.8393934410747,1751.252781820462
mixed_sound_199.wav,mixed_sound_199,ambulance,520.1,9737b1778b24c5ecdf24a9c300b6e1b6,44100,2,16,133137,3.0189795918367346,True,mixed_sound_#,ambulance_199,0.5917204022407532,0.05782376802884615,1138.7579970255113,1433.0921452694936
mixed_sound_199_1.wav,mixed_sound_199_1,ambulance,520.1,4d8c8f1946942229f281ccb671c9c11a,44100,2,16,133137,3.0189795918367346,True,mixed_sound_#_#,ambulance_199,0.5318177342414856,0.13016451322115385,2384.4581976438203,2321.3685202381416
mixed_sound_19_1.wav,mixed_sound_19_1,ambulance,516.8,c1e62be9c1a11cc4b220a5f12f2f73fc,44100,2,16,132300,3.0,True,mixed_sound_#_#,ambulance_19,0.49815279245376587,0.1385216346153846,2406.3302501823164,2366.376699480705
mixed_sound_1_1.wav,mixed_sound_1_1,ambulance,516.8,f89a3b5a7ada9d6713307c3003e473ee,44100,2,16,132300,3.0,True,mixed_sound_#_#,ambulance_1,0.4400060772895813,0.12786959134615383,2253.3428495282396,2261.4438508142634
mixed_sound_2.wav,mixed_sound_2,ambulance,516.8,c26a25f578eff231e858d69de9af9d0b,44100,2,16,132300,3.0,True,mixed_sound_#,ambulance_2,0.5748385190963745,0.04992863581730769,1169.5546664969247,1590.629123538823
mixed_sound_20.wav,mixed_sound_20,ambulance,516.8,7ca6d77cfb4024e439be799f91c51f10,44100,2,16,132300,3.0,True,mixed_sound_#,ambulance_20,0.5420259833335876,0.12135291466346154,2350.4692501613144,2469.432946976568
mixed_sound_200.wav,mixed_sound_200,ambulance,520.1,5089c213066c0462b4e6214d295759cc,44100,2,16,133137,3.0189795918367346,True,mixed_sound_#,ambulance_200,0.5766655802726746,0.06302208533653846,1183.333185276093,1503.2030538676856
mixed_sound_200_1.wav,mixed_sound_200_1,ambulance,520.1,8f560d009a84f97cf0eb6b254969aa44,44100,2,16,133137,3.0189795918367346,True,mixed_sound_#_#,ambulance_200,0.5840235352516174,0.1039776141826923,2269.5270499716426,2316.8780918436387
mixed_sound_20_1.wav,mixed_sound_20_1,ambulance,516.8,34bd8b2a7dc1a7e0743968fb53b2741f,44100,2,16,132300,3.0,True,mixed_sound_#_#,ambulance_20,0.5602957010269165,0.10203951322115384,2111.1168107624326,2231.065298809441
mixed_sound_21.wav,mixed_sound_21,ambulance,516.8,462c98839b5c1a56f5692d757622150e,44100,2,16,132300,3.0,True,mixed_sound_#,ambulance_21,0.46164581179618835,0.0974384014423077,2237.3565284328597,2405.1157050458596
mixed_sound_21_1.wav,mixed_sound_21_1,ambulance,516.8,7b0e659995c88a1de03a3234be8adb13,44100,2,16,132300,3.0,True,mixed_sound_#_#,ambulance_21,0.5886055827140808,0.07036884014423077,1470.6261502728996,1768.1055991148423
mixed_sound_22.wav,mixed_sound_22,ambulance,516.8,a5f80743b250e7f8449059784cc98cd9,44100,2,16,132300,3.0,True,mixed_sound_#,ambulance_22,0.41444167494773865,0.06980919471153846,1239.7707341265868,1531.8955986639987
mixed_sound_22_1.wav,mixed_sound_22_1,ambulance,516.8,7c923f588a64bf266f01ad0238847d07,44100,2,16,132300,3.0,True,mixed_sound_#_#,ambulance_22,0.5402706265449524,0.06524939903846154,1393.9958128396663,1736.9411694500568
mixed_sound_23.wav,mixed_sound_23,ambulance,516.8,0c7fbcebd53ab235a5fd4b9ec86719a2,44100,2,16,132300,3.0,True,mixed_sound_#,ambulance_23,0.5555906891822815,0.05522085336538462,1142.429522186679,1454.5555077415167
mixed_sound_23_1.wav,mixed_sound_23_1,ambulance,516.8,3171cf25479dccf85d8057ab7f3116f1,44100,2,16,132300,3.0,True,mixed_sound_#_#,ambulance_23,0.5606478452682495,0.06399489182692308,1404.6813186564711,1735.6967153191144
mixed_sound_24.wav,mixed_sound_24,ambulance,516.8,e31d487956af347f596f4d865814029a,44100,2,16,132300,3.0,True,mixed_sound_#,ambulance_24,0.48287853598594666,0.146435546875,2518.2912665010035,2470.433052849173
mixed_sound_24_1.wav,mixed_sound_24_1,ambulance,516.8,27a792d0b7e60d13b45ab7fd111147e8,44100,2,16,132300,3.0,True,mixed_sound_#_#,ambulance_24,0.3902345597743988,0.21346905048076922,2790.5844595147737,2358.043184299288
mixed_sound_25.wav,mixed_sound_25,ambulance,516.8,4407c510f9c54c04b836ccd1a6cade46,44100,2,16,132300,3.0,True,mixed_sound_#,ambulance_25,0.5165082812309265,0.13662109375,2423.8062249726318,2314.931716724752
mixed_sound_25_1.wav,mixed_sound_25_1,ambulance,516.8,4b3a080cf97f4079182779ed913a0b01,44100,2,16,132300,3.0,True,mixed_sound_#_#,ambulance_25,0.5710099339485168,0.07666015625,1458.0288893458949,1731.7723975742363
mixed_sound_26.wav,mixed_sound_26,ambulance,516.8,7ff9e05ffff1847bb128facbb9931bda,44100,2,16,132300,3.0,True,mixed_sound_#,ambulance_26,0.620766818523407,0.05993088942307692,1223.5636342558025,1501.706986204554
mixed_sound_26_1.wav,mixed_sound_26_1,ambulance,516.8,3ed0c830852356c2ec9078adfca9186a,44100,2,16,132300,3.0,True,mixed_sound_#_#,ambulance_26,0.6001862287521362,0.07138671875,1462.5750442401502,1743.9260284657478
mixed_sound_27.wav,mixed_sound_27,ambulance,516.8,cdd7db3bc37985dd3c4dc2926853959d,44100,2,16,132300,3.0,True,mixed_sound_#,ambulance_27,0.600511908531189,0.0603515625,1267.1987171275523,1561.1786699387872
mixed_sound_27_1.wav,mixed_sound_27_1,ambulance,516.8,9eed7a9ee9f87a745056f699e49d7676,44100,2,16,132300,3.0,True,mixed_sound_#_#,ambulance_27,0.5476661324501038,0.11356295072115384,2223.2467305740556,2241.769675286966
mixed_sound_28.wav,mixed_sound_28,ambulance,516.8,d0b7956041bcc373e956ba21402c9307,44100,2,16,132300,3.0,True,mixed_sound_#,ambulance_28,0.47177234292030334,0.11227463942307692,2178.6430309209945,2249.448586483026
mixed_sound_28_1.wav,mixed_sound_28_1,ambulance,516.8,cb9609077415d7fdc47957ebdf7e754e,44100,2,16,132300,3.0,True,mixed_sound_#_#,ambulance_28,0.5589407086372375,0.06510291466346153,1406.218950183052,1723.5544142186916
mixed_sound_29.wav,mixed_sound_29,ambulance,516.8,2bb4c6fb45f376b36eb69eb5cea60ba8,44100,2,16,132300,3.0,True,mixed_sound_#,ambulance_29,0.4445766508579254,0.14202974759615383,2492.1517160498283,2542.6207798977557
mixed_sound_29_1.wav,mixed_sound_29_1,ambulance,516.8,744f85f0b34a33f62d1122b4b67fb3f6,44100,2,16,132300,3.0,True,mixed_sound_#_#,ambulance_29,0.5554511547088623,0.08382286658653847,2157.1246098427387,2429.4484005341565
mixed_sound_2_1.wav,mixed_sound_2_1,ambulance,516.8,bdfe5d652a21bfd76b7967254402a4aa,44100,2,16,132300,3.0,True,mixed_sound_#_#,ambulance_2,0.502636730670929,0.16436673677884617,2714.2339054031886,2531.171584981251
mixed_sound_3.wav,mixed_sound_3,ambulance,516.8,0f32768fd1df3bdac38095c30c73bb34,44100,2,16,132300,3.0,True,mixed_sound_#,ambulance_3,0.5648330450057983,0.09248046875,2273.3688134613,2455.7175676576007
mixed_sound_30.wav,mixed_sound_30,ambulance,516.8,7affcafddea76ba15efb01e00e62e43a,44100,2,16,132300,3.0,True,mixed_sound_#,ambulance_30,0.4564237892627716,0.135400390625,2509.626678146894,2419.0417415355046
mixed_sound_30_1.wav,mixed_sound_30_1,ambulance,516.8,3610da20dd6aef01afe105574ba30c97,44100,2,16,132300,3.0,True,mixed_sound_#_#,ambulance_30,0.5911577939987183,0.05531475360576923,1379.4697873560099,1782.919040480496
mixed_sound_31.wav,mixed_sound_31,ambulance,516.8,3e835262751b45806a889119660fa6c0,44100,2,16,132300,3.0,True,mixed_sound_#,ambulance_31,0.3309984803199768,0.13091947115384617,2150.7625162352215,2184.9702728026796
mixed_sound_31_1.wav,mixed_sound_31_1,ambulance,516.8,036c3ce579cccc2f86242586005f3201,44100,2,16,132300,3.0,True,mixed_sound_#_#,ambulance_31,0.484670490026474,0.1801983173076923,2741.628583899191,2491.8593890272637
mixed_sound_32.wav,mixed_sound_32,ambulance,516.8,d3638a12d3c927087ab3f3299b42c162,44100,2,16,132300,3.0,True,mixed_sound_#,ambulance_32,0.3462098240852356,0.10404522235576923,2045.524949364883,2272.2322206091053
mixed_sound_32_1.wav,mixed_sound_32_1,ambulance,516.8,c6772eb487b7f6f5b7e8b7caffb68fcb,44100,2,16,132300,3.0,True,mixed_sound_#_#,ambulance_32,0.5719882845878601,0.05921724759615385,1400.2784336675245,1743.9026728345139
mixed_sound_33.wav,mixed_sound_33,ambulance,516.8,932c6af50f5bfadeb1a38ccb3e9d3142,44100,2,16,132300,3.0,True,mixed_sound_#,ambulance_33,0.5834890604019165,0.048272235576923075,1138.7746462686475,1484.946769174782
mixed_sound_33_1.wav,mixed_sound_33_1,ambulance,516.8,42a5c29b5679c7a9049dac53e754f8b6,44100,2,16,132300,3.0,True,mixed_sound_#_#,ambulance_33,0.491354376077652,0.15144606370192307,2656.6320700078218,2487.1944055131057
mixed_sound_34.wav,mixed_sound_34,ambulance,516.8,2b40371534d97ec9b0b156b245f34cd9,44100,2,16,132300,3.0,True,mixed_sound_#,ambulance_34,0.5684117674827576,0.10228740985576923,2273.6162426305723,2379.275502190432
mixed_sound_34_1.wav,mixed_sound_34_1,ambulance,516.8,a6267831e51d44b4f1277224254520a9,44100,2,16,132300,3.0,True,mixed_sound_#_#,ambulance_34,0.5461786389350891,0.06903170072115385,1433.9221061374424,1766.3560647863244
mixed_sound_35.wav,mixed_sound_35,ambulance,516.8,5523f24636ec5d69565bcda060d252b4,44100,2,16,132300,3.0,True,mixed_sound_#,ambulance_35,0.48967060446739197,0.06317232572115385,1243.4022384523291,1516.6060699938578
mixed_sound_35_1.wav,mixed_sound_35_1,ambulance,516.8,052478360457387872d1bb2825886009,44100,2,16,132300,3.0,True,mixed_sound_#_#,ambulance_35,0.5530825257301331,0.12121769831730769,2480.9143992775043,2422.3994668428186
mixed_sound_36.wav,mixed_sound_36,ambulance,516.8,41341c62c56f27eecfe1c37eb236d5e8,44100,2,16,132300,3.0,True,mixed_sound_#,ambulance_36,0.4971067011356354,0.10673452524038461,2162.113092383178,2236.43648297281
mixed_sound_36_1.wav,mixed_sound_36_1,ambulance,516.8,a47c3aa4dae3b0983e9ba755282da494,44100,2,16,132300,3.0,True,mixed_sound_#_#,ambulance_36,0.4840447008609772,0.11287935697115385,2123.000388093795,2198.153459987179
mixed_sound_37.wav,mixed_sound_37,ambulance,516.8,68a7c35c8d0d76d1c88a8037920896b9,44100,2,16,132300,3.0,True,mixed_sound_#,ambulance_37,0.4120447635650635,0.18641826923076923,2551.7175427395487,2401.926011347634
mixed_sound_37_1.wav,mixed_sound_37_1,ambulance,516.8,357ae78243ac5bfaf607267c373ec2dd,44100,2,16,132300,3.0,True,mixed_sound_#_#,ambulance_37,0.5893330574035645,0.05606219951923077,1378.6431365455394,1773.4666169990674
mixed_sound_38.wav,mixed_sound_38,ambulance,516.8,44e782511a76f125147c29190f4a4a8f,44100,2,16,132300,3.0,True,mixed_sound_#,ambulance_38,0.6133196353912354,0.051021634615384615,1101.8924260543731,1448.5963861639482
mixed_sound_38_1.wav,mixed_sound_38_1,ambulance,516.8,0f81f34ae7ad5683e2faacc4b95d6404,44100,2,16,132300,3.0,True,mixed_sound_#_#,ambulance_38,0.5249547958374023,0.1291729266826923,2392.7193776264176,2338.7036573568366
mixed_sound_39.wav,mixed_sound_39,ambulance,516.8,9b77f2717b10e8db7ad2696a37939f47,44100,2,16,132300,3.0,True,mixed_sound_#,ambulance_39,0.5616455674171448,0.06719501201923077,1233.1009497694681,1509.9249936805022
mixed_sound_39_1.wav,mixed_sound_39_1,ambulance,516.8,d20f5f4c1710d7cef737b71c4bd49286,44100,2,16,132300,3.0,True,mixed_sound_#_#,ambulance_39,0.5088198781013489,0.1365271935096154,2393.424365687696,2279.1587870129642
mixed_sound_3_1.wav,mixed_sound_3_1,ambulance,516.8,fe3bf9957c64907c48e02ddc127ea4c6,44100,2,16,132300,3.0,True,mixed_sound_#_#,ambulance_3,0.3844057619571686,0.08849534254807692,1562.516037002514,1815.3010334183816
mixed_sound_4.wav,mixed_sound_4,ambulance,516.8,06c6bad9e33d4989960ad36785652a21,44100,2,16,132300,3.0,True,mixed_sound_#,ambulance_4,0.6075834631919861,0.06793494591346154,1323.3472254637868,1637.3751731808911
mixed_sound_40.wav,mixed_sound_40,ambulance,516.8,45688bfb9bd8b86b1f3de2cb1493c410,44100,2,16,132300,3.0,True,mixed_sound_#,ambulance_40,0.5074882507324219,0.12104116586538462,2367.3368235701496,2318.9331427573497
mixed_sound_40_1.wav,mixed_sound_40_1,ambulance,516.8,7bde9e33458a763a21a60fadd804f2cc,44100,2,16,132300,3.0,True,mixed_sound_#_#,ambulance_40,0.5783019065856934,0.06336763822115385,1354.7340535629662,1712.0270020270573
mixed_sound_41.wav,mixed_sound_41,ambulance,516.8,18cee364696544c5b2a4b9af10879879,44100,2,16,132300,3.0,True,mixed_sound_#,ambulance_41,0.5100585222244263,0.16048677884615384,2716.2862301522227,2541.067168902928
mixed_sound_41_1.wav,mixed_sound_41_1,ambulance,516.8,01e6218c66d0563d7227c2167e6df2c0,44100,2,16,132300,3.0,True,mixed_sound_#_#,ambulance_41,0.5419910550117493,0.08768404447115384,2353.2624582832705,2458.77380013194
mixed_sound_42.wav,mixed_sound_42,ambulance,516.8,6a76d685a0bce4777b8f7b142e7ee379,44100,2,16,132300,3.0,True,mixed_sound_#,ambulance_42,0.5687261819839478,0.06986929086538461,1397.7735949038886,1708.8319178871097
mixed_sound_42_1.wav,mixed_sound_42_1,ambulance,516.8,f7af3400b067bd9d25e0f5280a1d605f,44100,2,16,132300,3.0,True,mixed_sound_#_#,ambulance_42,0.5786968469619751,0.06652268629807692,1475.5040609103587,1799.6768186065333
mixed_sound_43.wav,mixed_sound_43,ambulance,516.8,c27d5ff73e893a90de0c07b89763b063,44100,2,16,132300,3.0,True,mixed_sound_#,ambulance_43,0.607181966304779,0.057117638221153844,1274.1890252393619,1645.35982002203
mixed_sound_43_1.wav,mixed_sound_43_1,ambulance,516.8,204c9b292f490414d90a7f996018c367,44100,2,16,132300,3.0,True,mixed_sound_#_#,ambulance_43,0.6066356897354126,0.05896559495192308,1376.4769345780217,1747.167537872741
mixed_sound_44.wav,mixed_sound_44,ambulance,516.8,988edc63e3ea91833a6a354dd5790b68,44100,2,16,132300,3.0,True,mixed_sound_#,ambulance_44,0.6066750884056091,0.058526141826923075,1214.4507490725834,1543.458888187937
mixed_sound_44_1.wav,mixed_sound_44_1,ambulance,516.8,b7cab8f97ffc451cad08b63e7ff5f2d7,44100,2,16,132300,3.0,True,mixed_sound_#_#,ambulance_44,0.4651796519756317,0.12208533653846154,2189.99680434716,2227.654533229663
mixed_sound_45.wav,mixed_sound_45,ambulance,516.8,fa175726f183ce2c7cb4f8a8fc01535b,44100,2,16,132300,3.0,True,mixed_sound_#,ambulance_45,0.5690190196037292,0.06867112379807692,1269.0378751769115,1545.357233214843
mixed_sound_45_1.wav,mixed_sound_45_1,ambulance,516.8,a1ea418fa59c28075832ac089c7882a0,44100,2,16,132300,3.0,True,mixed_sound_#_#,ambulance_45,0.5242058634757996,0.07945462740384615,1470.4184919082213,1711.5612623482316
mixed_sound_46.wav,mixed_sound_46,ambulance,516.8,89b86b3c003fdae7310b66281e2ea1a5,44100,2,16,132300,3.0,True,mixed_sound_#,ambulance_46,0.5783474445343018,0.05238506610576923,1171.9623872997543,1532.3242883740422
mixed_sound_46_1.wav,mixed_sound_46_1,ambulance,516.8,e174dabacc9258a0e54e0dbbd0101b37,44100,2,16,132300,3.0,True,mixed_sound_#_#,ambulance_46,0.5702943205833435,0.13617037259615383,2469.1134241990217,2345.3572329334083
mixed_sound_47.wav,mixed_sound_47,ambulance,516.8,b293887d8cbdbeb940f55207c81f3051,44100,2,16,132300,3.0,True,mixed_sound_#,ambulance_47,0.553176760673523,0.06326246995192308,1276.6205402792807,1627.4628840667165
mixed_sound_47_1.wav,mixed_sound_47_1,ambulance,516.8,7f43b5f942f28aa94d21941ad280e365,44100,2,16,132300,3.0,True,mixed_sound_#_#,ambulance_47,0.491493821144104,0.11040414663461538,2100.5430910744412,2187.3101444470885
mixed_sound_48.wav,mixed_sound_48,ambulance,516.8,99bd0d32c5f5c01f8dbad33255e63ff7,44100,2,16,132300,3.0,True,mixed_sound_#,ambulance_48,0.5624731183052063,0.061865234375,1157.5778152803653,1483.862953786041
mixed_sound_48_1.wav,mixed_sound_48_1,ambulance,516.8,8c02606f62e5f7a45d12d6e785183a6c,44100,2,16,132300,3.0,True,mixed_sound_#_#,ambulance_48,0.5381050109863281,0.11917818509615384,2307.841877093348,2282.610324343704
mixed_sound_49.wav,mixed_sound_49,ambulance,516.8,22be01d8f0d26857e2dede3b71d18b07,44100,2,16,132300,3.0,True,mixed_sound_#,ambulance_49,0.562903881072998,0.11659405048076923,2313.927069031758,2393.2163463768934
mixed_sound_49_1.wav,mixed_sound_49_1,ambulance,516.8,6feac754a35945435afda98e3061dd41,44100,2,16,132300,3.0,True,mixed_sound_#_#,ambulance_49,0.5712329745292664,0.09664588341346154,2077.097685558482,2203.804980286208
mixed_sound_4_1.wav,mixed_sound_4_1,ambulance,516.8,5bcbd8976e45cc97377470b8c92b0fd4,44100,2,16,132300,3.0,True,mixed_sound_#_#,ambulance_4,0.624261200428009,0.05696739783653846,1293.073210218038,1667.47767535639
mixed_sound_5.wav,mixed_sound_5,ambulance,516.8,f5908c63d8d38194abb3c649a9d70dc3,44100,2,16,132300,3.0,True,mixed_sound_#,ambulance_5,0.6320056915283203,0.05987079326923077,1274.559223514009,1566.3647752871432
mixed_sound_50.wav,mixed_sound_50,ambulance,516.8,bd29e064a09037b440922dda611f684f,44100,2,16,132300,3.0,True,mixed_sound_#,ambulance_50,0.5907964706420898,0.06405874399038461,1341.1138359859062,1690.2237335418874
mixed_sound_50_1.wav,mixed_sound_50_1,ambulance,516.8,c3e0e28e947f54a27939c0fd373824f6,44100,2,16,132300,3.0,True,mixed_sound_#_#,ambulance_50,0.5948674082756042,0.06250751201923077,1444.4925163920727,1807.4773266830648
mixed_sound_51.wav,mixed_sound_51,ambulance,516.8,d5d693c1c2820faf26099d071f864ca2,44100,2,16,132300,3.0,True,mixed_sound_#,ambulance_51,0.4626418948173523,0.13827373798076922,2297.3232590795055,2282.2474627747283
mixed_sound_51_1.wav,mixed_sound_51_1,ambulance,516.8,e3a9db4588e451d689585d5165bb901b,44100,2,16,132300,3.0,True,mixed_sound_#_#,ambulance_51,0.46650081872940063,0.1031963641826923,2190.225417730255,2335.24918425841
mixed_sound_52.wav,mixed_sound_52,ambulance,516.8,93e6d9b8fa0296ea0bc8226740a77bc0,44100,2,16,132300,3.0,True,mixed_sound_#,ambulance_52,0.5248511433601379,0.09564302884615385,2085.2126719602848,2245.539743094099
mixed_sound_52_1.wav,mixed_sound_52_1,ambulance,516.8,033d7ecd485ca23d7d64b78beb30e1b8,44100,2,16,132300,3.0,True,mixed_sound_#_#,ambulance_52,0.5748803615570068,0.06932466947115384,1393.8159668802114,1681.669380325632
mixed_sound_53.wav,mixed_sound_53,ambulance,516.8,eb5cffc179f882416a16c64ef517a701,44100,2,16,132300,3.0,True,mixed_sound_#,ambulance_53,0.5265072584152222,0.13006685697115383,2502.735844438391,2453.008352992864
mixed_sound_53_1.wav,mixed_sound_53_1,ambulance,516.8,2c5debb985bc533ec4d1a106091df660,44100,2,16,132300,3.0,True,mixed_sound_#_#,ambulance_53,0.5934524536132812,0.05950646033653846,1362.7387648450735,1715.554874690743
mixed_sound_54.wav,mixed_sound_54,ambulance,516.8,3f28ffa77d57f695e7af4ed2a25e8262,44100,2,16,132300,3.0,True,mixed_sound_#,ambulance_54,0.537764310836792,0.05795147235576923,1133.4867026196323,1460.3699847934324
mixed_sound_54_1.wav,mixed_sound_54_1,ambulance,516.8,259c3fa001ea2694ec23be722a10b46c,44100,2,16,132300,3.0,True,mixed_sound_#_#,ambulance_54,0.5768575668334961,0.06666917067307693,1402.6570365412686,1736.6483830978927
mixed_sound_55.wav,mixed_sound_55,ambulance,516.8,ce4255c1250a178c208e3919d62523ea,44100,2,16,132300,3.0,True,mixed_sound_#,ambulance_55,0.5575566291809082,0.10458233173076924,2132.90182892608,2220.878430193299
mixed_sound_55_1.wav,mixed_sound_55_1,ambulance,516.8,def6fc39e40482d081386738746bbba8,44100,2,16,132300,3.0,True,mixed_sound_#_#,ambulance_55,0.5112186074256897,0.11307091346153846,2203.600038330906,2228.327685553533
mixed_sound_56.wav,mixed_sound_56,ambulance,516.8,9c3f7cee4bc79bda7aae5e042a80bd28,44100,2,16,132300,3.0,True,mixed_sound_#,ambulance_56,0.4536721408367157,0.16305588942307692,2491.7895568955278,2275.2065661559623
mixed_sound_56_1.wav,mixed_sound_56_1,ambulance,516.8,f1475337eb531b15e82ce6db45074fdf,44100,2,16,132300,3.0,True,mixed_sound_#_#,ambulance_56,0.6013250350952148,0.06942983774038461,1449.1045186040583,1774.8524597671255
mixed_sound_57.wav,mixed_sound_57,ambulance,516.8,5f8176bb67e2ebd93208c77ef05df7c5,44100,2,16,132300,3.0,True,mixed_sound_#,ambulance_57,0.6043649911880493,0.101171875,2250.7782062760643,2357.432945536726
mixed_sound_57_1.wav,mixed_sound_57_1,ambulance,516.8,96c6c523a8cebf7207c7bdc221918d94,44100,2,16,132300,3.0,True,mixed_sound_#_#,ambulance_57,0.5210185050964355,0.12389573317307692,2322.9605495936535,2299.414637217321
mixed_sound_58.wav,mixed_sound_58,ambulance,516.8,3f78320dc003b20fa2cf31e84e2395d9,44100,2,16,132300,3.0,True,mixed_sound_#,ambulance_58,0.5198769569396973,0.04746844951923077,1095.008415719558,1501.8508306282918
mixed_sound_58_1.wav,mixed_sound_58_1,ambulance,516.8,36d8e310898e9075c2b6a80ebf6668c3,44100,2,16,132300,3.0,True,mixed_sound_#_#,ambulance_58,0.5545211434364319,0.06725510817307692,1454.6199208384576,1770.9678803223821
mixed_sound_59.wav,mixed_sound_59,ambulance,516.8,e6d3e110605677731ef0be5c2e1c92e0,44100,2,16,132300,3.0,True,mixed_sound_#,ambulance_59,0.4370426833629608,0.06276292067307693,1327.3912854739608,1712.2874819913889
mixed_sound_59_1.wav,mixed_sound_59_1,ambulance,516.8,9d6fec0cbb03f4ecd49c2002bdef4e8e,44100,2,16,132300,3.0,True,mixed_sound_#_#,ambulance_59,0.5324231386184692,0.111083984375,2256.4767238261957,2297.318595903436
mixed_sound_5_1.wav,mixed_sound_5_1,ambulance,516.8,bcd6d93fc00292a8595e77611c7ac60d,44100,2,16,132300,3.0,True,mixed_sound_#_#,ambulance_5,0.628220796585083,0.057748647836538464,1297.2940068967587,1658.6368796493532
mixed_sound_6.wav,mixed_sound_6,ambulance,516.8,e3fb28914d769a41ca530908e05ec02f,44100,2,16,132300,3.0,True,mixed_sound_#,ambulance_6,0.635292649269104,0.06259014423076924,1275.4052767821602,1609.9370926568315
mixed_sound_60.wav,mixed_sound_60,ambulance,516.8,a1b35aac2a998cf66c8866451518b54d,44100,2,16,132300,3.0,True,mixed_sound_#,ambulance_60,0.5674259066581726,0.09193584735576923,2091.846326771283,2270.1795499529208
mixed_sound_60_1.wav,mixed_sound_60_1,ambulance,516.8,b452ae0d5648d89ab6c65d8f908eb4a1,44100,2,16,132300,3.0,True,mixed_sound_#_#,ambulance_60,0.5906022191047668,0.05166766826923077,1496.2700019850813,1922.6645087320528
mixed_sound_61.wav,mixed_sound_61,ambulance,516.8,f1022c16afab9972cb86f33784526bfc,44100,2,16,132300,3.0,True,mixed_sound_#,ambulance_61,0.5548315644264221,0.08716947115384616,2157.243396504287,2380.1204791940095
mixed_sound_61_1.wav,mixed_sound_61_1,ambulance,516.8,48c5e43e16867c0f5219ec6b0203d028,44100,2,16,132300,3.0,True,mixed_sound_#_#,ambulance_61,0.5960525274276733,0.09369365985576923,2131.666247069633,2254.710426662595
mixed_sound_62.wav,mixed_sound_62,ambulance,516.8,572f91b7a3ed6fdddacc02290f4e5750,44100,2,16,132300,3.0,True,mixed_sound_#,ambulance_62,0.646769106388092,0.04637169471153846,1032.858204575689,1397.4058793677941
mixed_sound_62_1.wav,mixed_sound_62_1,ambulance,516.8,34c9dcb7518e2ca2e3f2f373e528d333,44100,2,16,132300,3.0,True,mixed_sound_#_#,ambulance_62,0.5991820096969604,0.08580603966346154,2137.627337576636,2347.2961853628367
mixed_sound_63.wav,mixed_sound_63,ambulance,516.8,6513b851f8ed54511d773068514612f1,44100,2,16,132300,3.0,True,mixed_sound_#,ambulance_63,0.5887980461120605,0.10938251201923077,2345.6905945396074,2322.5261189392627
mixed_sound_63_1.wav,mixed_sound_63_1,ambulance,516.8,2a31b10a9df4680ec3269bed6ea8800c,44100,2,16,132300,3.0,True,mixed_sound_#_#,ambulance_63,0.5976857542991638,0.10335787259615385,2184.5097178686333,2231.4387290359964
mixed_sound_64.wav,mixed_sound_64,ambulance,516.8,bfb3a7b3f311960f55c36ae5db6b7ac9,44100,2,16,132300,3.0,True,mixed_sound_#,ambulance_64,0.5958338975906372,0.05719275841346154,1166.2863715270646,1546.5009569923386
mixed_sound_64_1.wav,mixed_sound_64_1,ambulance,516.8,00f46c42d6241f99652da4da26c2119f,44100,2,16,132300,3.0,True,mixed_sound_#_#,ambulance_64,0.5688742995262146,0.09141751802884615,2172.958145415379,2287.852801037338
mixed_sound_65.wav,mixed_sound_65,ambulance,516.8,5789cf506ee2a7e994ebfc57e2fc9168,44100,2,16,132300,3.0,True,mixed_sound_#,ambulance_65,0.6093839406967163,0.05345928485576923,1154.0083581593074,1516.6181598307014
mixed_sound_65_1.wav,mixed_sound_65_1,ambulance,516.8,86edb87cf3c184ecfb207b72ceaeb3b2,44100,2,16,132300,3.0,True,mixed_sound_#_#,ambulance_65,0.49533456563949585,0.11376953125,2290.6240689883034,2406.86084375019
mixed_sound_66.wav,mixed_sound_66,ambulance,516.8,168138e9f9db1c8cd6dff887d825a8d5,44100,2,16,132300,3.0,True,mixed_sound_#,ambulance_66,0.5430031418800354,0.06607947716346153,1084.132932712284,1349.0524748175844
mixed_sound_66_1.wav,mixed_sound_66_1,ambulance,516.8,11b7cd8912a202abbe0bd467acc46ca9,44100,2,16,132300,3.0,True,mixed_sound_#_#,ambulance_66,0.5830661058425903,0.07851938100961539,1532.7772762442505,1774.895644287576
mixed_sound_67.wav,mixed_sound_67,ambulance,516.8,6b1380253a7d2f8d777115252d67c2b1,44100,2,16,132300,3.0,True,mixed_sound_#,ambulance_67,0.5678442120552063,0.05634014423076923,1197.9279039909334,1564.8298922396953
mixed_sound_67_1.wav,mixed_sound_67_1,ambulance,516.8,0561306d03514b01cae4959549462917,44100,2,16,132300,3.0,True,mixed_sound_#_#,ambulance_67,0.494698166847229,0.11323617788461539,2304.2671811090086,2362.3481351897863
mixed_sound_68.wav,mixed_sound_68,ambulance,516.8,0847da9c86c4792fee82a576d71bdde3,44100,2,16,132300,3.0,True,mixed_sound_#,ambulance_68,0.611925482749939,0.05211838942307692,1178.8050200441332,1544.5157565468362
mixed_sound_68_1.wav,mixed_sound_68_1,ambulance,516.8,8f028969290a6fe81522cb654e26b0b5,44100,2,16,132300,3.0,True,mixed_sound_#_#,ambulance_68,0.6108101606369019,0.059329927884615385,1398.3523849060384,1733.2268122996243
mixed_sound_69.wav,mixed_sound_69,ambulance,516.8,12f45ae6f54125c0a0a5656f3de9e728,44100,2,16,132300,3.0,True,mixed_sound_#,ambulance_69,0.5828199982643127,0.10883413461538462,2308.323568321607,2379.3777081253406
mixed_sound_69_1.wav,mixed_sound_69_1,ambulance,516.8,6c3350ff94c44550f36552b58637c664,44100,2,16,132300,3.0,True,mixed_sound_#_#,ambulance_69,0.562250554561615,0.06981670673076923,1471.810162301265,1788.9690646045221
mixed_sound_6_1.wav,mixed_sound_6_1,ambulance,516.8,52091e3d7f949874b9e4a6b09c24d9bb,44100,2,16,132300,3.0,True,mixed_sound_#_#,ambulance_6,0.6146131157875061,0.06371694711538461,1394.0854280758294,1753.0540180511587
mixed_sound_7.wav,mixed_sound_7,ambulance,516.8,090a11b145e3d6417f71515802fbd672,44100,2,16,132300,3.0,True,mixed_sound_#,ambulance_7,0.6165461540222168,0.049981219951923075,1127.3545200494511,1478.172635070453
mixed_sound_70.wav,mixed_sound_70,ambulance,516.8,520766b8ac3093f1947a45e4a8e3331b,44100,2,16,132300,3.0,True,mixed_sound_#,ambulance_70,0.6119263768196106,0.048407451923076925,1087.9038044995868,1428.4801037604834
mixed_sound_70_1.wav,mixed_sound_70_1,ambulance,516.8,4455764e522ee3550245279dbccce17a,44100,2,16,132300,3.0,True,mixed_sound_#_#,ambulance_70,0.5125240683555603,0.1786583533653846,2763.4531465370487,2517.5085840062775
mixed_sound_71.wav,mixed_sound_71,ambulance,516.8,57092ed2c892369c96a51cc451fe9405,44100,2,16,132300,3.0,True,mixed_sound_#,ambulance_71,0.53928142786026,0.075537109375,1417.4625925602543,1719.4579778200086
mixed_sound_71_1.wav,mixed_sound_71_1,ambulance,516.8,c6dadaf075246afe02b65c783ce6f59d,44100,2,16,132300,3.0,True,mixed_sound_#_#,ambulance_71,0.33957090973854065,0.12157827524038461,2153.070012387719,2254.617005719323
mixed_sound_72.wav,mixed_sound_72,ambulance,516.8,4cf825c8955db1207a272f6f4051f299,44100,2,16,132300,3.0,True,mixed_sound_#,ambulance_72,0.5377838611602783,0.10279071514423077,2130.4102506258687,2225.7292428164833
mixed_sound_72_1.wav,mixed_sound_72_1,ambulance,516.8,734ec992c1aa910695b607c143e47e7d,44100,2,16,132300,3.0,True,mixed_sound_#_#,ambulance_72,0.3643885850906372,0.1603515625,2544.2900705589354,2293.6800264598605
mixed_sound_73.wav,mixed_sound_73,ambulance,516.8,ab00a831342031778c5cb6b8b4872972,44100,2,16,132300,3.0,True,mixed_sound_#,ambulance_73,0.5884243249893188,0.044411057692307694,1082.2638386513102,1461.4017276906027
mixed_sound_73_1.wav,mixed_sound_73_1,ambulance,516.8,64cf58c0ce8bc41272d67526c9b37026,44100,2,16,132300,3.0,True,mixed_sound_#_#,ambulance_73,0.5550907850265503,0.06360802283653846,1381.953746805229,1694.567297613768
mixed_sound_74.wav,mixed_sound_74,ambulance,516.8,bcd6c8b1cbaa14704663d8ce59f7f535,44100,2,16,132300,3.0,True,mixed_sound_#,ambulance_74,0.6003367900848389,0.037601412259615385,993.4594128959537,1380.939852318572
mixed_sound_74_1.wav,mixed_sound_74_1,ambulance,516.8,1972c681f316f5519e4bf4ae1ecc04e6,44100,2,16,132300,3.0,True,mixed_sound_#_#,ambulance_74,0.528905987739563,0.08316180889423076,2149.0113939870894,2412.1920687626107
mixed_sound_75.wav,mixed_sound_75,ambulance,516.8,791e3992d9f31c0992172b6fc08eb8d6,44100,2,16,132300,3.0,True,mixed_sound_#,ambulance_75,0.5615156888961792,0.04775390625,1095.6292823945614,1470.7991077987522
mixed_sound_75_1.wav,mixed_sound_75_1,ambulance,516.8,be733a632a848ee03368d94b9b9b8c97,44100,2,16,132300,3.0,True,mixed_sound_#_#,ambulance_75,0.5850014090538025,0.05285832331730769,1353.918200801741,1788.0199371132005
mixed_sound_76.wav,mixed_sound_76,ambulance,516.8,515a2221dc53b79b0882731326a0c6d6,44100,2,16,132300,3.0,True,mixed_sound_#,ambulance_76,0.3045540452003479,0.08090069110576924,1859.2852698061051,2081.946529434944
mixed_sound_76_1.wav,mixed_sound_76_1,ambulance,516.8,aedea040d8795625042a4c9c0d7ff941,44100,2,16,132300,3.0,True,mixed_sound_#_#,ambulance_76,0.6064570546150208,0.09114332932692308,2198.6722844470582,2279.6055253865534
mixed_sound_77.wav,mixed_sound_77,ambulance,516.8,c40cdbde2db1449f74b475c492ac3aba,44100,2,16,132300,3.0,True,mixed_sound_#,ambulance_77,0.5806756615638733,0.047430889423076925,1191.988553371965,1642.6088403435317
mixed_sound_77_1.wav,mixed_sound_77_1,ambulance,516.8,a94324219a91ddfee4c80322c02f956e,44100,2,16,132300,3.0,True,mixed_sound_#_#,ambulance_77,0.5035932660102844,0.16244365985576922,2566.3803034084,2559.590214224858
mixed_sound_78.wav,mixed_sound_78,ambulance,516.8,0d65dfc3e3c557fad32fdfe698d1e904,44100,2,16,132300,3.0,True,mixed_sound_#,ambulance_78,0.38675519824028015,0.10723407451923077,2128.4151062210813,2309.2242663702496
mixed_sound_78_1.wav,mixed_sound_78_1,ambulance,516.8,1ccd3ad4608422ef22cbd19059b6aafb,44100,2,16,132300,3.0,True,mixed_sound_#_#,ambulance_78,0.5816848874092102,0.052745643028846156,1349.8072385009907,1744.7776254297232
mixed_sound_79.wav,mixed_sound_79,ambulance,516.8,102342efaafee888beededf24cf4ad8f,44100,2,16,132300,3.0,True,mixed_sound_#,ambulance_79,0.5922532081604004,0.042014723557692306,1119.931395174346,1566.029687633316
mixed_sound_79_1.wav,mixed_sound_79_1,ambulance,516.8,cc0409866543ce2a4c2618cda0eae3dc,44100,2,16,132300,3.0,True,mixed_sound_#_#,ambulance_79,0.4970916211605072,0.13875075120192307,2438.0009789784845,2378.497387658502
mixed_sound_7_1.wav,mixed_sound_7_1,ambulance,516.8,540c529f61a55bcf7938fb91c2b545e1,44100,2,16,132300,3.0,True,mixed_sound_#_#,ambulance_7,0.5185967087745667,0.16177509014423078,2632.4194770517447,2441.5308013327995
mixed_sound_8.wav,mixed_sound_8,ambulance,516.8,f96978e7f01958f648ba420e2aca7d6d,44100,2,16,132300,3.0,True,mixed_sound_#,ambulance_8,0.44640737771987915,0.10352313701923077,2159.434958252458,2291.8227806148425
mixed_sound_80.wav,mixed_sound_80,ambulance,516.8,aeb17db992de4659784ca9401ce822b4,44100,2,16,132300,3.0,True,mixed_sound_#,ambulance_80,0.572101891040802,0.05698617788461539,1814.0711751013719,2276.578884166499
mixed_sound_80_1.wav,mixed_sound_80_1,ambulance,516.8,68bbb599d3990713c4f5dbe278f3ae25,44100,2,16,132300,3.0,True,mixed_sound_#_#,ambulance_80,0.5948091745376587,0.04992112379807692,1293.3567140460268,1720.631790691145
mixed_sound_81.wav,mixed_sound_81,ambulance,516.8,af40bc4e306f617c432aa9836ef2edce,44100,2,16,132300,3.0,True,mixed_sound_#,ambulance_81,0.41528964042663574,0.13099083533653846,2096.0574463429703,2127.8455426587884
mixed_sound_81_1.wav,mixed_sound_81_1,ambulance,516.8,55d65c32447b094a31e89e37e2e8248c,44100,2,16,132300,3.0,True,mixed_sound_#_#,ambulance_81,0.5034891963005066,0.11902418870192308,2347.250830049192,2381.654049774433
mixed_sound_82.wav,mixed_sound_82,ambulance,516.8,7ec1b7fdac1654568c416c39e01fbb39,44100,2,16,132300,3.0,True,mixed_sound_#,ambulance_82,0.5605579614639282,0.04536508413461538,1117.6293362915537,1496.9205789852638
mixed_sound_82_1.wav,mixed_sound_82_1,ambulance,516.8,da64bee9d7669b563d6967c2f33acc8f,44100,2,16,132300,3.0,True,mixed_sound_#_#,ambulance_82,0.504810631275177,0.062267127403846156,1444.1373987828906,1775.1765935168362
mixed_sound_83.wav,mixed_sound_83,ambulance,516.8,79a5d108df8ea320105721e3214a9ed2,44100,2,16,132300,3.0,True,mixed_sound_#,ambulance_83,0.5735191106796265,0.05168644831730769,1104.4912875567352,1460.677052490866
mixed_sound_83_1.wav,mixed_sound_83_1,ambulance,516.8,deb40220316ac890a16782c8f4cad36c,44100,2,16,132300,3.0,True,mixed_sound_#_#,ambulance_83,0.5902298092842102,0.0661884014423077,1441.5569914975363,1743.1192354807472
mixed_sound_84.wav,mixed_sound_84,ambulance,516.8,780b092f6b00d23368f4d88b22e82910,44100,2,16,132300,3.0,True,mixed_sound_#,ambulance_84,0.6163314580917358,0.07797475961538461,2079.071164894826,2305.579287242831
mixed_sound_84_1.wav,mixed_sound_84_1,ambulance,516.8,b9157d0a89ecb61c7ace60f480d49ff1,44100,2,16,132300,3.0,True,mixed_sound_#_#,ambulance_84,0.5710387825965881,0.05191932091346154,1390.0694175564715,1746.3528615646073
mixed_sound_85.wav,mixed_sound_85,ambulance,516.8,caeead6d212d5f4a19f7f2dbb53465b7,44100,2,16,132300,3.0,True,mixed_sound_#,ambulance_85,0.4843583405017853,0.10945763221153847,2189.1860745435374,2274.4980432039406
mixed_sound_85_1.wav,mixed_sound_85_1,ambulance,516.8,2c3ffdf676a611dfa6fe1f919e59930e,44100,2,16,132300,3.0,True,mixed_sound_#_#,ambulance_85,0.5206810832023621,0.13051382211538462,2411.965631639971,2463.291924821899
mixed_sound_86.wav,mixed_sound_86,ambulance,516.8,13bb4111491a29c4305148c2b6689199,44100,2,16,132300,3.0,True,mixed_sound_#,ambulance_86,0.4351485073566437,0.09588341346153846,2214.265046537558,2412.316651247524
mixed_sound_86_1.wav,mixed_sound_86_1,ambulance,516.8,6c21b359916b4614f1e956a47fa40ca7,44100,2,16,132300,3.0,True,mixed_sound_#_#,ambulance_86,0.4927108883857727,0.13351487379807692,2495.6842848909337,2453.9526681314965
mixed_sound_87.wav,mixed_sound_87,ambulance,516.8,ee53efb589946f9d014c32a159ea8511,44100,2,16,132300,3.0,True,mixed_sound_#,ambulance_87,0.4761814475059509,0.06080979567307692,1329.8861092654586,1687.1902294760405
mixed_sound_87_1.wav,mixed_sound_87_1,ambulance,516.8,bb6090637d213ae271d92fa1107c50ee,44100,2,16,132300,3.0,True,mixed_sound_#_#,ambulance_87,0.558840274810791,0.09798302283653847,2214.7256055546018,2313.640617124053
mixed_sound_88.wav,mixed_sound_88,ambulance,516.8,2861fcef37e0604e1b415e192b247576,44100,2,16,132300,3.0,True,mixed_sound_#,ambulance_88,0.4123836159706116,0.1276630108173077,2229.461297249481,2249.954212433843
mixed_sound_88_1.wav,mixed_sound_88_1,ambulance,516.8,312eba226fef80c1e624b0d61655d0da,44100,2,16,132300,3.0,True,mixed_sound_#_#,ambulance_88,0.40292423963546753,0.15103665865384616,2419.830760665204,2239.9698154110683
mixed_sound_89.wav,mixed_sound_89,ambulance,516.8,165fc968577fff6ebc4444248cedc121,44100,2,16,132300,3.0,True,mixed_sound_#,ambulance_89,0.6084497570991516,0.09046724759615385,2191.7103560979062,2328.6040018147155
mixed_sound_89_1.wav,mixed_sound_89_1,ambulance,516.8,c7099757642e7f854ae62427c4892eb5,44100,2,16,132300,3.0,True,mixed_sound_#_#,ambulance_89,0.5545687675476074,0.06769456129807692,1418.147571610037,1757.192586543684
mixed_sound_8_1.wav,mixed_sound_8_1,ambulance,516.8,45df310a5d3d5d4160958c76bb4528a3,44100,2,16,132300,3.0,True,mixed_sound_#_#,ambulance_8,0.48883625864982605,0.110693359375,2326.7590266602865,2365.6625300660244
mixed_sound_9.wav,mixed_sound_9,ambulance,516.8,81ae246093886b372029c7191275655a,44100,2,16,132300,3.0,True,mixed_sound_#,ambulance_9,0.5617246031761169,0.09392277644230769,2077.117645099691,2233.5142842963282
mixed_sound_90.wav,mixed_sound_90,ambulance,516.8,ade1457eeded915ed3624261f1067e71,44100,2,16,132300,3.0,True,mixed_sound_#,ambulance_90,0.5556825995445251,0.10629507211538461,2207.103014161573,2274.1140829702476
mixed_sound_90_1.wav,mixed_sound_90_1,ambulance,516.8,79ddd2cebee012f0534977b22b5ff436,44100,2,16,132300,3.0,True,mixed_sound_#_#,ambulance_90,0.5562333464622498,0.12029371995192308,2467.3631306667944,2418.489675828238
mixed_sound_91.wav,mixed_sound_91,ambulance,516.8,c8d66e9ab3c27c75bc540f7ac45e5516,44100,2,16,132300,3.0,True,mixed_sound_#,ambulance_91,0.6179895401000977,0.06961388221153846,1295.8296985372351,1593.3330240410373
mixed_sound_91_1.wav,mixed_sound_91_1,ambulance,516.8,3da374b2f24b2d6a72b9612d4da286c7,44100,2,16,132300,3.0,True,mixed_sound_#_#,ambulance_91,0.4039938151836395,0.13882587139423078,2421.008774425109,2286.6674059107945
mixed_sound_92.wav,mixed_sound_92,ambulance,516.8,163f1a3f5f9a76764f693fd9a9579ab5,44100,2,16,132300,3.0,True,mixed_sound_#,ambulance_92,0.5797082781791687,0.07612680288461539,1360.7631671990312,1610.388674980843
mixed_sound_92_1.wav,mixed_sound_92_1,ambulance,516.8,38702d3fc45bb48a1b888c09f938107a,44100,2,16,132300,3.0,True,mixed_sound_#_#,ambulance_92,0.5860084295272827,0.06893028846153847,1451.6075878496918,1750.2791241893422
mixed_sound_93.wav,mixed_sound_93,ambulance,516.8,28af26b88f6de9e97ab204c76c68493b,44100,2,16,132300,3.0,True,mixed_sound_#,ambulance_93,0.5921971201896667,0.05464618389423077,1230.1621182478511,1564.6302104985716
mixed_sound_93_1.wav,mixed_sound_93_1,ambulance,516.8,1b660ee59d6a45bd6b181b0f9da97481,44100,2,16,132300,3.0,True,mixed_sound_#_#,ambulance_93,0.46210193634033203,0.23238431490384615,2868.9098212394315,2427.9224677063276
mixed_sound_94.wav,mixed_sound_94,ambulance,516.8,8d54d2f04818c2a6da5e7987e72bb5f0,44100,2,16,132300,3.0,True,mixed_sound_#,ambulance_94,0.5888774991035461,0.06641000600961539,1267.1671423365308,1582.6880607064638
mixed_sound_94_1.wav,mixed_sound_94_1,ambulance,516.8,be13d2589dc91311b481da8d11bd30e7,44100,2,16,132300,3.0,True,mixed_sound_#_#,ambulance_94,0.5384493470191956,0.13996769831730768,2687.051308374483,2520.8893580840963
mixed_sound_95.wav,mixed_sound_95,ambulance,516.8,77c90af0ae53b6596aa87ac3b63d0e63,44100,2,16,132300,3.0,True,mixed_sound_#,ambulance_95,0.5600103139877319,0.06824669471153846,1318.342981013404,1638.946965918955
mixed_sound_95_1.wav,mixed_sound_95_1,ambulance,516.8,5ee95c61ffa8c50ddd01b33cbe1aa389,44100,2,16,132300,3.0,True,mixed_sound_#_#,ambulance_95,0.5499334335327148,0.06892653245192308,1369.9672754886506,1690.6680468157547
mixed_sound_96.wav,mixed_sound_96,ambulance,516.8,2aab99017b21ddb1afa72c891a3d7544,44100,2,16,132300,3.0,True,mixed_sound_#,ambulance_96,0.5894012451171875,0.054954176682692306,1177.5665644993692,1535.0876891963676
mixed_sound_96_1.wav,mixed_sound_96_1,ambulance,516.8,9ce5359d4d99be7a13639c45a6907e84,44100,2,16,132300,3.0,True,mixed_sound_#_#,ambulance_96,0.43629616498947144,0.20623873197115383,2996.0711177323565,2489.5753218709083
mixed_sound_97.wav,mixed_sound_97,ambulance,516.8,7f912fd6d78b202c26e71ea4623de7d2,44100,2,16,132300,3.0,True,mixed_sound_#,ambulance_97,0.49547091126441956,0.07007962740384616,1285.3058480775014,1528.4622396770171
mixed_sound_97_1.wav,mixed_sound_97_1,ambulance,516.8,860a9b47a57ad03d71557362f1256d02,44100,2,16,132300,3.0,True,mixed_sound_#_#,ambulance_97,0.3920389711856842,0.12733999399038462,2265.8650903901994,2264.0211266205897
mixed_sound_98.wav,mixed_sound_98,ambulance,516.8,47577910a7ce94d6d7f2a26135392f97,44100,2,16,132300,3.0,True,mixed_sound_#,ambulance_98,0.6048271059989929,0.0650165264423077,1289.3373805619487,1543.898960828231
mixed_sound_98_1.wav,mixed_sound_98_1,ambulance,516.8,be5ef2f6720fcc1d8752d35702bac64d,44100,2,16,132300,3.0,True,mixed_sound_#_#,ambulance_98,0.6063851118087769,0.06736027644230769,1414.7695163802853,1691.7554301149075
mixed_sound_99.wav,mixed_sound_99,ambulance,516.8,58830440e1f9654412d2b4c5a66136b0,44100,2,16,132300,3.0,True,mixed_sound_#,ambulance_99,0.5515302419662476,0.051600060096153845,1149.7115229702224,1490.7269839121602
mixed_sound_99_1.wav,mixed_sound_99_1,ambulance,516.8,b10052a141265f06fe52ac81867dcbee,44100,2,16,132300,3.0,True,mixed_sound_#_#,ambulance_99,0.6121901273727417,0.05246394230769231,1325.509442998959,1702.0406751349694
mixed_sound_9_1.wav,mixed_sound_9_1,ambulance,516.8,6d3c90c40c640f53a5b0a165c77e50f2,44100,2,16,132300,3.0,True,mixed_sound_#_#,ambulance_9,0.47848421335220337,0.11584660456730769,2366.0113639625893,2419.9900080397742
mixed_sound_201.wav,mixed_sound_201,firetruck,516.8,d66a9aff8647d6dacc1769cf1a273d21,44100,2,16,132300,3.0,True,mixed_sound_#,firetruck_201,0.5626656413078308,0.08113356370192308,1879.481670830451,2174.596306031854
mixed_sound_201_1.wav,mixed_sound_201_1,firetruck,516.8,195c58f1a8fbf67c1aff403309c81f1f,44100,2,16,132300,3.0,True,mixed_sound_#_#,firetruck_201,0.5798162817955017,0.09532752403846154,2086.3180225830993,2226.8506498026627
mixed_sound_202.wav,mixed_sound_202,firetruck,516.8,71ed20e99c6b52c79ae410aa456c5f97,44100,2,16,132300,3.0,True,mixed_sound_#,firetruck_202,0.5818032026290894,0.09205228365384616,2243.731870830131,2420.038834008962
mixed_sound_202_1.wav,mixed_sound_202_1,firetruck,516.8,9590e8cfdadb3b14f915c36cd6d5fed5,44100,2,16,132300,3.0,True,mixed_sound_#_#,firetruck_202,0.4205019772052765,0.09045222355769231,1566.1580922502844,1781.9157259671474
mixed_sound_203.wav,mixed_sound_203,firetruck,516.8,fd7f12bc97ecea1f3033736b3cbad9dc,44100,2,16,132300,3.0,True,mixed_sound_#,firetruck_203,0.4916676878929138,0.19485802283653847,2837.9999368559993,2459.432986260065
mixed_sound_203_1.wav,mixed_sound_203_1,firetruck,516.8,cb9bd6ec90ce14c31310abc29a996601,44100,2,16,132300,3.0,True,mixed_sound_#_#,firetruck_203,0.4380251467227936,0.12845177283653847,2537.7651263611456,2467.846134885223
mixed_sound_204.wav,mixed_sound_204,firetruck,516.8,15cb8f2db2bcd8478f18636f76911f08,44100,2,16,132300,3.0,True,mixed_sound_#,firetruck_204,0.5857630968093872,0.05130333533653846,1267.4562626471106,1670.1032852024748
mixed_sound_204_1.wav,mixed_sound_204_1,firetruck,516.8,690d1f975bd51a14e65f2dfe5c78f910,44100,2,16,132300,3.0,True,mixed_sound_#_#,firetruck_204,0.6092700958251953,0.060126201923076925,1427.328905577847,1827.1047763544782
mixed_sound_205.wav,mixed_sound_205,firetruck,516.8,fdcfe9ca48699d1ed832138cc349c2fa,44100,2,16,132300,3.0,True,mixed_sound_#,firetruck_205,0.6131868362426758,0.05026292067307692,1223.378974873307,1599.0304358675023
mixed_sound_205_1.wav,mixed_sound_205_1,firetruck,516.8,2dc788050b0fe5fce8bef524eda5f972,44100,2,16,132300,3.0,True,mixed_sound_#_#,firetruck_205,0.5013792514801025,0.13629056490384617,2392.2062021174515,2348.818597181221
mixed_sound_206.wav,mixed_sound_206,firetruck,516.8,68e36ddc14fc6b8a1a9a550af9f03f61,44100,2,16,132300,3.0,True,mixed_sound_#,firetruck_206,0.614422082901001,0.05364708533653846,1240.069404176412,1567.035367426341
mixed_sound_206_1.wav,mixed_sound_206_1,firetruck,516.8,331faab7a3f982b9488f0b98d9807cd1,44100,2,16,132300,3.0,True,mixed_sound_#_#,firetruck_206,0.597792387008667,0.06080979567307692,1393.8688433371428,1752.2676032932525
mixed_sound_207.wav,mixed_sound_207,firetruck,516.8,f9f33a5084cd1e6751100e551c23a22d,44100,2,16,132300,3.0,True,mixed_sound_#,firetruck_207,0.5333892703056335,0.09474909855769231,2311.1452219936837,2546.919360148319
mixed_sound_207_1.wav,mixed_sound_207_1,firetruck,516.8,34adb3924f8dbc8c2eda642d5da23d72,44100,2,16,132300,3.0,True,mixed_sound_#_#,firetruck_207,0.4384700357913971,0.1298114483173077,2484.479439414584,2457.521849095624
mixed_sound_208.wav,mixed_sound_208,firetruck,516.8,7ffefe53c30af8cef0caed306ac89b83,44100,2,16,132300,3.0,True,mixed_sound_#,firetruck_208,0.5040844678878784,0.06652268629807692,1254.8690378505064,1530.201664427689
mixed_sound_208_1.wav,mixed_sound_208_1,firetruck,516.8,bd13b35a38f472958227d21888541d56,44100,2,16,132300,3.0,True,mixed_sound_#_#,firetruck_208,0.4089704155921936,0.12481971153846154,2284.236503691949,2334.2482021880405
mixed_sound_209.wav,mixed_sound_209,firetruck,516.8,44264715eeb2609c6b04f5f6282fc5d4,44100,2,16,132300,3.0,True,mixed_sound_#,firetruck_209,0.4867156445980072,0.1194110576923077,2278.8470155366645,2254.9171733523613
mixed_sound_209_1.wav,mixed_sound_209_1,firetruck,516.8,69ee1bbb9523172c5072b473b8f8051b,44100,2,16,132300,3.0,True,mixed_sound_#_#,firetruck_209,0.36291977763175964,0.16770582932692307,2509.8274414406237,2253.726048309962
mixed_sound_210.wav,mixed_sound_210,firetruck,516.8,76d66188ffedbadf10e6cf10e35c5137,44100,2,16,132300,3.0,True,mixed_sound_#,firetruck_210,0.6031897068023682,0.04916240985576923,1197.5767205446853,1565.4498429867117
mixed_sound_210_1.wav,mixed_sound_210_1,firetruck,516.8,a2fe6c7057a77f440c2e52e8a38ea702,44100,2,16,132300,3.0,True,mixed_sound_#_#,firetruck_210,0.5532099604606628,0.08525766225961538,2154.1923083268575,2323.8937959702857
mixed_sound_211.wav,mixed_sound_211,firetruck,516.8,b2174bfb98e8aacf3a400d5bf14b4ec8,44100,2,16,132300,3.0,True,mixed_sound_#,firetruck_211,0.4443795084953308,0.13233173076923077,2174.198612107841,2238.8743514260927
mixed_sound_211_1.wav,mixed_sound_211_1,firetruck,516.8,307e2e778c3f8639837a98f8501c8789,44100,2,16,132300,3.0,True,mixed_sound_#_#,firetruck_211,0.4345778524875641,0.14746844951923077,2494.0409263729753,2416.6960339089023
mixed_sound_212.wav,mixed_sound_212,firetruck,516.8,539b47610074763697a15855f1dd7324,44100,2,16,132300,3.0,True,mixed_sound_#,firetruck_212,0.5681182742118835,0.11115159254807692,2330.995417744923,2439.316757266611
mixed_sound_212_1.wav,mixed_sound_212_1,firetruck,516.8,cf3793495187e09f59655b6f9d2d844d,44100,2,16,132300,3.0,True,mixed_sound_#_#,firetruck_212,0.5948473215103149,0.10919846754807692,2327.021780162473,2334.4719634386793
mixed_sound_213.wav,mixed_sound_213,firetruck,516.8,8341db44aaa1c54750ee8afb47612fce,44100,2,16,132300,3.0,True,mixed_sound_#,firetruck_213,0.5530796647071838,0.09948918269230769,2315.6944932577776,2415.6933079656446
mixed_sound_213_1.wav,mixed_sound_213_1,firetruck,516.8,2ecc119c9fb593b49c5d16336ff94bf6,44100,2,16,132300,3.0,True,mixed_sound_#_#,firetruck_213,0.46518149971961975,0.13745868389423077,2566.981041012248,2410.829129513131
mixed_sound_214.wav,mixed_sound_214,firetruck,516.8,e61d968e35bfe118609688d70cdd039a,44100,2,16,132300,3.0,True,mixed_sound_#,firetruck_214,0.5414989590644836,0.09567307692307692,2477.350975182543,2499.3587861641176
mixed_sound_214_1.wav,mixed_sound_214_1,firetruck,516.8,0a75c4b316dea880ec127d6ae21a5180,44100,2,16,132300,3.0,True,mixed_sound_#_#,firetruck_214,0.41187381744384766,0.17822265625,2891.3624322918863,2487.2734496536136
mixed_sound_215.wav,mixed_sound_215,firetruck,516.8,129e1fa452fcf506e906d44f7ad38015,44100,2,16,132300,3.0,True,mixed_sound_#,firetruck_215,0.5796721577644348,0.11729642427884615,2529.538459325595,2481.287292987987
mixed_sound_215_1.wav,mixed_sound_215_1,firetruck,516.8,e25985b2f6aef097e2d21da96582b25b,44100,2,16,132300,3.0,True,mixed_sound_#_#,firetruck_215,0.5642267465591431,0.12743389423076923,2543.87765550838,2422.6337930017007
mixed_sound_216.wav,mixed_sound_216,firetruck,516.8,e9d09fc0bfbd6619ca749c7d0fa7c8a8,44100,2,16,132300,3.0,True,mixed_sound_#,firetruck_216,0.38526055216789246,0.14656325120192307,2692.538181611738,2518.6508856443293
mixed_sound_216_1.wav,mixed_sound_216_1,firetruck,516.8,76c02d5116c111cc7cd066d11c612e23,44100,2,16,132300,3.0,True,mixed_sound_#_#,firetruck_216,0.5808010101318359,0.07187875600961538,1631.6869496735542,1920.8966650881264
mixed_sound_217.wav,mixed_sound_217,firetruck,516.8,a4f573e71d84ca21cb6ed760ee73b9a2,44100,2,16,132300,3.0,True,mixed_sound_#,firetruck_217,0.6031651496887207,0.06779972956730769,1532.1202791322448,1825.2321263469357
mixed_sound_217_1.wav,mixed_sound_217_1,firetruck,516.8,39901029966e15d37cebabc2da791881,44100,2,16,132300,3.0,True,mixed_sound_#_#,firetruck_217,0.4049733579158783,0.20955528846153845,2844.2218004359056,2376.227743046138
mixed_sound_218.wav,mixed_sound_218,firetruck,516.8,8d14cec376ea132dad56033268fd21e8,44100,2,16,132300,3.0,True,mixed_sound_#,firetruck_218,0.38613808155059814,0.08134014423076923,1478.2303806173538,1756.4471371898442
mixed_sound_218_1.wav,mixed_sound_218_1,firetruck,516.8,97d0bf36115163e1acfd76f84452d696,44100,2,16,132300,3.0,True,mixed_sound_#_#,firetruck_218,0.540980875492096,0.11493013822115385,2244.64599049319,2252.6798543271625
mixed_sound_219.wav,mixed_sound_219,firetruck,516.8,39e7bf302693aaed465476c9eefa57c5,44100,2,16,132300,3.0,True,mixed_sound_#,firetruck_219,0.5735888481140137,0.05430063100961539,1418.4575551601517,1919.9689342139577
mixed_sound_219_1.wav,mixed_sound_219_1,firetruck,516.8,3051a8772fe5de7d14e29eddcfe9276b,44100,2,16,132300,3.0,True,mixed_sound_#_#,firetruck_219,0.5045531392097473,0.13134014423076923,2396.0740757337217,2361.7441395247047
mixed_sound_220.wav,mixed_sound_220,firetruck,516.8,e103475b7e9e2c45a93dbb5528e1bda9,44100,2,16,132300,3.0,True,mixed_sound_#,firetruck_220,0.4813961684703827,0.1592022235576923,2662.1040622908477,2587.0619150794155
mixed_sound_220_1.wav,mixed_sound_220_1,firetruck,516.8,c1ad31996b430536b91ab64c94fb9ace,44100,2,16,132300,3.0,True,mixed_sound_#_#,firetruck_220,0.4078643321990967,0.20821814903846153,2845.637678436632,2459.290156353088
mixed_sound_221.wav,mixed_sound_221,firetruck,516.8,cbc6350e83914fd8166af786b6446d3a,44100,2,16,132300,3.0,True,mixed_sound_#,firetruck_221,0.5694249272346497,0.06084359975961538,1445.6472765143994,1836.7548726702285
mixed_sound_221_1.wav,mixed_sound_221_1,firetruck,516.8,01656cd83cbbcc11b745d5d3f4000373,44100,2,16,132300,3.0,True,mixed_sound_#_#,firetruck_221,0.5158740878105164,0.08173452524038462,1660.6534104959296,1897.3347338830135
mixed_sound_222.wav,mixed_sound_222,firetruck,516.8,2befa16e60f78eb9475773157eb14897,44100,2,16,132300,3.0,True,mixed_sound_#,firetruck_222,0.534211277961731,0.1236102764423077,2324.3540306888062,2391.9588140265523
mixed_sound_222_1.wav,mixed_sound_222_1,firetruck,516.8,71f7464a4616b6f289aa5783c4cd1118,44100,2,16,132300,3.0,True,mixed_sound_#_#,firetruck_222,0.5095870494842529,0.08196739783653846,1648.4584907215738,1862.8929689940921
mixed_sound_223.wav,mixed_sound_223,firetruck,516.8,3f7f3032f068b78b9776dd539ac2d608,44100,2,16,132300,3.0,True,mixed_sound_#,firetruck_223,0.5023312568664551,0.21973031850961539,2960.727790257638,2539.7848640971392
mixed_sound_223_1.wav,mixed_sound_223_1,firetruck,516.8,9971f6ee301ff9c5a5f5d39e3ad921fd,44100,2,16,132300,3.0,True,mixed_sound_#_#,firetruck_223,0.5512939691543579,0.07169846754807692,1545.0147182291003,1836.7272335961707
mixed_sound_224.wav,mixed_sound_224,firetruck,516.8,9e1362d55af582c61c8be0aa50e78b63,44100,2,16,132300,3.0,True,mixed_sound_#,firetruck_224,0.5475831031799316,0.0680401141826923,1859.422126329546,2248.754268588257
mixed_sound_224_1.wav,mixed_sound_224_1,firetruck,516.8,4860d742fb433abc1cbfcc8cf16cb96c,44100,2,16,132300,3.0,True,mixed_sound_#_#,firetruck_224,0.535494863986969,0.09022686298076923,2190.1439258660466,2381.626020809801
mixed_sound_225.wav,mixed_sound_225,firetruck,516.8,c6296fcf7b77fe01a03167e57ea1506a,44100,2,16,132300,3.0,True,mixed_sound_#,firetruck_225,0.5243017077445984,0.12682166466346154,2230.3804183045067,2239.8475816956397
mixed_sound_225_1.wav,mixed_sound_225_1,firetruck,516.8,ef3ccf85708f37d5b052d80c342d2130,44100,2,16,132300,3.0,True,mixed_sound_#_#,firetruck_225,0.40233394503593445,0.1283466045673077,2222.5611433292956,2179.827568923779
mixed_sound_226.wav,mixed_sound_226,firetruck,516.8,19cad4509951d7bd9f015eadd1792526,44100,2,16,132300,3.0,True,mixed_sound_#,firetruck_226,0.5628620386123657,0.1382774939903846,2477.678261575717,2348.9669634845395
mixed_sound_226_1.wav,mixed_sound_226_1,firetruck,516.8,ccd945e4d820728fe583310c75d80eb6,44100,2,16,132300,3.0,True,mixed_sound_#_#,firetruck_226,0.5628243088722229,0.09025315504807692,2116.193502775825,2274.1481660515014
mixed_sound_227.wav,mixed_sound_227,firetruck,516.8,4d0820832cbcbdbdd086070ac592d8a4,44100,2,16,132300,3.0,True,mixed_sound_#,firetruck_227,0.5288950800895691,0.0625262920673077,1404.968262439048,1726.226680159503
mixed_sound_227_1.wav,mixed_sound_227_1,firetruck,516.8,bb06315d343da997e3f4a3ce5589bbfb,44100,2,16,132300,3.0,True,mixed_sound_#_#,firetruck_227,0.479103147983551,0.14758864182692308,2428.209700892927,2323.9528658232366
mixed_sound_228.wav,mixed_sound_228,firetruck,516.8,b2db896e7cf68e6dd05cdb4a82570451,44100,2,16,132300,3.0,True,mixed_sound_#,firetruck_228,0.5660974383354187,0.0761455829326923,1638.844142909327,1882.8785183528853
mixed_sound_228_1.wav,mixed_sound_228_1,firetruck,516.8,0c59274c2090f7b82dca6a16ceea6d75,44100,2,16,132300,3.0,True,mixed_sound_#_#,firetruck_228,0.5066880583763123,0.16920447716346154,2777.5961550078673,2501.1829721331437
mixed_sound_229.wav,mixed_sound_229,firetruck,516.8,f4355746ef554f6daa9f580ec3583585,44100,2,16,132300,3.0,True,mixed_sound_#,firetruck_229,0.5936835408210754,0.05962289663461538,1347.3196200084378,1704.565781532149
mixed_sound_229_1.wav,mixed_sound_229_1,firetruck,516.8,334852213a2e6014bc6b42ec7db323ca,44100,2,16,132300,3.0,True,mixed_sound_#_#,firetruck_229,0.6039943695068359,0.06671048677884615,1429.4113928037684,1736.7657902406959
mixed_sound_230.wav,mixed_sound_230,firetruck,516.8,c2ac9f421ecc5d93eb73ef6d9d541645,44100,2,16,132300,3.0,True,mixed_sound_#,firetruck_230,0.6234491467475891,0.05467998798076923,1275.3873527555133,1632.083745413826
mixed_sound_230_1.wav,mixed_sound_230_1,firetruck,516.8,1c2f0f1565a9fe475a41e9fe1ce76b2d,44100,2,16,132300,3.0,True,mixed_sound_#_#,firetruck_230,0.6049181222915649,0.05878155048076923,1415.6391023203023,1772.9182626325469
mixed_sound_231.wav,mixed_sound_231,firetruck,516.8,8880d9a7c21667822f4ef9bb15313ecf,44100,2,16,132300,3.0,True,mixed_sound_#,firetruck_231,0.4308475852012634,0.1531963641826923,2505.441848071475,2381.0273412451215
mixed_sound_231_1.wav,mixed_sound_231_1,firetruck,516.8,18507141c7eedfc2ba1f208b36bd35ca,44100,2,16,132300,3.0,True,mixed_sound_#_#,firetruck_231,0.41801175475120544,0.14137620192307693,2357.86213485966,2230.2435731234104
mixed_sound_232.wav,mixed_sound_232,firetruck,516.8,81446ede0e955da7749860beead58966,44100,2,16,132300,3.0,True,mixed_sound_#,firetruck_232,0.5801122784614563,0.062744140625,1313.5281138154598,1594.1149491618326
mixed_sound_232_1.wav,mixed_sound_232_1,firetruck,516.8,b5eab8823c7ef217804b70b048bef870,44100,2,16,132300,3.0,True,mixed_sound_#_#,firetruck_232,0.48149558901786804,0.10293719951923076,2254.5664656096014,2353.80683459275
mixed_sound_233.wav,mixed_sound_233,firetruck,516.8,96616e1dbf0a7b75abe27541d58f23c3,44100,2,16,132300,3.0,True,mixed_sound_#,firetruck_233,0.46549248695373535,0.1284893329326923,2229.1377267698117,2232.360700468458
mixed_sound_233_1.wav,mixed_sound_233_1,firetruck,516.8,f603f440ddd8d5abf3d5b3610ab6b56f,44100,2,16,132300,3.0,True,mixed_sound_#_#,firetruck_233,0.5439960956573486,0.07035006009615384,1498.4514814367942,1765.330834216527
mixed_sound_234.wav,mixed_sound_234,firetruck,516.8,d28cf88176958b4ffb574f11027356fe,44100,2,16,132300,3.0,True,mixed_sound_#,firetruck_234,0.5050691962242126,0.16377704326923076,2569.850734005956,2570.5922626845627
mixed_sound_234_1.wav,mixed_sound_234_1,firetruck,516.8,087055bc45de40b7c9780f00b3844b6f,44100,2,16,132300,3.0,True,mixed_sound_#_#,firetruck_234,0.6195837259292603,0.058913010817307696,1397.4466326182273,1756.3504592226886
mixed_sound_235.wav,mixed_sound_235,firetruck,516.8,c351e38b05bbcd765b93e4440baddd79,44100,2,16,132300,3.0,True,mixed_sound_#,firetruck_235,0.5940855741500854,0.06609450120192308,1392.508829640498,1701.1537912417575
mixed_sound_235_1.wav,mixed_sound_235_1,firetruck,516.8,be1cb8c671cbe48ae3f98c880a11fd54,44100,2,16,132300,3.0,True,mixed_sound_#_#,firetruck_235,0.5834751725196838,0.07088341346153847,1413.5219976720634,1699.4251273945554
mixed_sound_236.wav,mixed_sound_236,firetruck,516.8,255d0698f1a389dec2c5843709597483,44100,2,16,132300,3.0,True,mixed_sound_#,firetruck_236,0.41326189041137695,0.12559344951923077,2263.726630404467,2311.5860266936375
mixed_sound_236_1.wav,mixed_sound_236_1,firetruck,516.8,b34997bf127afa3e7a36d7277a00a467,44100,2,16,132300,3.0,True,mixed_sound_#_#,firetruck_236,0.5136433243751526,0.0943359375,1767.2391918612332,1902.3698155885968
mixed_sound_237.wav,mixed_sound_237,firetruck,516.8,1c0a38cf79287c124607dfb9082cea8e,44100,2,16,132300,3.0,True,mixed_sound_#,firetruck_237,0.6073637008666992,0.057485727163461536,1413.6720521533482,1836.7247188288002
mixed_sound_237_1.wav,mixed_sound_237_1,firetruck,516.8,10a10e238733a1060104ae88dd08b6a2,44100,2,16,132300,3.0,True,mixed_sound_#_#,firetruck_237,0.5265148282051086,0.12391826923076923,2349.962620378457,2404.9375307866735
mixed_sound_238.wav,mixed_sound_238,firetruck,516.8,14e53097f480535b544223d95092f260,44100,2,16,132300,3.0,True,mixed_sound_#,firetruck_238,0.5468226671218872,0.08025465745192308,1444.11411849105,1723.8690349939163
mixed_sound_238_1.wav,mixed_sound_238_1,firetruck,516.8,2ccbb726a5df3a2f780b2b15ccefa0d5,44100,2,16,132300,3.0,True,mixed_sound_#_#,firetruck_238,0.5382080078125,0.11808143028846153,2394.964721426971,2361.9676506563196
mixed_sound_239.wav,mixed_sound_239,firetruck,516.8,de93339c5b8228ca927485ec9136feae,44100,2,16,132300,3.0,True,mixed_sound_#,firetruck_239,0.5436416864395142,0.121630859375,2437.6269318758787,2493.7293400138988
mixed_sound_239_1.wav,mixed_sound_239_1,firetruck,516.8,917fe0c559b70afa5a838747b2e85d79,44100,2,16,132300,3.0,True,mixed_sound_#_#,firetruck_239,0.5679301619529724,0.08182466947115384,1949.1667829865044,2223.359864828456
mixed_sound_240.wav,mixed_sound_240,firetruck,516.8,177a5bae3568501cb897a3e738b8a0c9,44100,2,16,132300,3.0,True,mixed_sound_#,firetruck_240,0.5697267055511475,0.05447716346153846,1406.3426058415557,1792.8869599098734
mixed_sound_240_1.wav,mixed_sound_240_1,firetruck,516.8,d8e524e2ff9dc297853d917743404652,44100,2,16,132300,3.0,True,mixed_sound_#_#,firetruck_240,0.482429176568985,0.13749248798076924,2466.8094167853815,2364.3436051328504
mixed_sound_241.wav,mixed_sound_241,firetruck,516.8,4f48658a4f5c3802b4c2fc30220a8f3a,44100,2,16,132300,3.0,True,mixed_sound_#,firetruck_241,0.4288628399372101,0.12913912259615384,2249.078960365427,2259.9386887504434
mixed_sound_241_1.wav,mixed_sound_241_1,firetruck,516.8,b9432b9e1e4324e4eb791c89f913b0b8,44100,2,16,132300,3.0,True,mixed_sound_#_#,firetruck_241,0.5726504921913147,0.06868239182692308,1494.03962327591,1816.8729157459868
mixed_sound_242.wav,mixed_sound_242,firetruck,516.8,c0875fa35c6c115b2e5730492ce3dd25,44100,2,16,132300,3.0,True,mixed_sound_#,firetruck_242,0.5564225316047668,0.06429912860576924,1407.1607786885916,1788.9413231318733
mixed_sound_242_1.wav,mixed_sound_242_1,firetruck,516.8,dc51ebabb43ba700a3829151c7adc78b,44100,2,16,132300,3.0,True,mixed_sound_#_#,firetruck_242,0.3656177222728729,0.20839468149038462,2800.116929970697,2363.235219050599
mixed_sound_243.wav,mixed_sound_243,firetruck,516.8,4d674f014626a7049d737c5d1cb5ca11,44100,2,16,132300,3.0,True,mixed_sound_#,firetruck_243,0.5449052453041077,0.08392803485576923,2272.6918162916472,2446.1523961767216
mixed_sound_243_1.wav,mixed_sound_243_1,firetruck,516.8,e7bf36d727e7054448056a5dd360111d,44100,2,16,132300,3.0,True,mixed_sound_#_#,firetruck_243,0.5952300429344177,0.06068960336538461,1515.4731781329374,1946.5620867198177
mixed_sound_244.wav,mixed_sound_244,firetruck,516.8,356a39dbead819d8a2785cd185c09aba,44100,2,16,132300,3.0,True,mixed_sound_#,firetruck_244,0.4947885274887085,0.07002704326923077,1572.7715208784239,1969.0389010655886
mixed_sound_244_1.wav,mixed_sound_244_1,firetruck,516.8,468101cf078a9e8547ce3b0e0691db1c,44100,2,16,132300,3.0,True,mixed_sound_#_#,firetruck_244,0.5967447757720947,0.06185021033653846,1522.6865048803443,1932.0112673677736
mixed_sound_245.wav,mixed_sound_245,firetruck,516.8,8edc933eb77eddb6f090d6fe814dc40d,44100,2,16,132300,3.0,True,mixed_sound_#,firetruck_245,0.5855566263198853,0.04670222355769231,1242.7700610782922,1732.4181067886739
mixed_sound_245_1.wav,mixed_sound_245_1,firetruck,516.8,019776c9a5e27b14dd2a661f67e525c3,44100,2,16,132300,3.0,True,mixed_sound_#_#,firetruck_245,0.5591503977775574,0.06289438100961539,1421.315135394815,1787.7801429315048
mixed_sound_246.wav,mixed_sound_246,firetruck,516.8,b7509168ec04187862fd47f795fd0164,44100,2,16,132300,3.0,True,mixed_sound_#,firetruck_246,0.5860976576805115,0.051607572115384616,1436.3422542542398,1801.8505350565558
mixed_sound_246_1.wav,mixed_sound_246_1,firetruck,516.8,66bf4d9437c59c571444bd4b94dd7e8f,44100,2,16,132300,3.0,True,mixed_sound_#_#,firetruck_246,0.5511741042137146,0.06885892427884616,1589.8747827125817,1886.564779826812
mixed_sound_247.wav,mixed_sound_247,firetruck,516.8,599e6b2ab43929e1ea722fb9d0303638,44100,2,16,132300,3.0,True,mixed_sound_#,firetruck_247,0.5945854187011719,0.05645282451923077,1636.3871106001375,2014.2710062557558
mixed_sound_247_1.wav,mixed_sound_247_1,firetruck,516.8,50a3e0cc0f8409911451a9d58d761568,44100,2,16,132300,3.0,True,mixed_sound_#_#,firetruck_247,0.5664010643959045,0.06810396634615384,1722.3992503038858,2015.841205722236
mixed_sound_248.wav,mixed_sound_248,firetruck,516.8,fcaaa30e83bfbfba30b120623b2fff55,44100,2,16,132300,3.0,True,mixed_sound_#,firetruck_248,0.5791460275650024,0.06681565504807692,1661.5351073065906,1946.2251029699212
mixed_sound_248_1.wav,mixed_sound_248_1,firetruck,516.8,18a88ec82f0d02cc6bd789e399e3371e,44100,2,16,132300,3.0,True,mixed_sound_#_#,firetruck_248,0.5766121745109558,0.06541841947115384,1715.9805125017526,1994.1886133948346
mixed_sound_249.wav,mixed_sound_249,firetruck,516.8,d7f05f2531563e7e4ce0a1b4cdffca24,44100,2,16,132300,3.0,True,mixed_sound_#,firetruck_249,0.5955063104629517,0.06923452524038462,1436.7367221586308,1816.908193764671
mixed_sound_249_1.wav,mixed_sound_249_1,firetruck,516.8,284b8c8167862be8fbf2e01f8cb939ca,44100,2,16,132300,3.0,True,mixed_sound_#_#,firetruck_249,0.357353150844574,0.14158653846153846,2386.7515401870246,2294.6051130300325
mixed_sound_250.wav,mixed_sound_250,firetruck,516.8,f093d9dcb648a6cab392598a2bee6338,44100,2,16,132300,3.0,True,mixed_sound_#,firetruck_250,0.4073377847671509,0.13825871394230768,2785.5391737674076,2636.8900030162017
mixed_sound_250_1.wav,mixed_sound_250_1,firetruck,516.8,7b7dd22541133111393b9b7821a81220,44100,2,16,132300,3.0,True,mixed_sound_#_#,firetruck_250,0.5031915307044983,0.14527869591346154,2590.613261823059,2462.9765595859362
mixed_sound_251.wav,mixed_sound_251,firetruck,516.8,cb20af5721030eeef5942a2357d39193,44100,2,16,132300,3.0,True,mixed_sound_#,firetruck_251,0.5567808151245117,0.11497145432692307,2403.0018749348355,2406.888091989434
mixed_sound_251_1.wav,mixed_sound_251_1,firetruck,516.8,fecacb26722b1fb99688b9f7bc6cf90a,44100,2,16,132300,3.0,True,mixed_sound_#_#,firetruck_251,0.5088420510292053,0.16599684495192307,2670.9315584045203,2592.813406657714
mixed_sound_252.wav,mixed_sound_252,firetruck,516.8,60380022c94282e993e988b8736634a8,44100,2,16,132300,3.0,True,mixed_sound_#,firetruck_252,0.5119249224662781,0.11835186298076923,2327.684783189915,2400.9205293564905
mixed_sound_252_1.wav,mixed_sound_252_1,firetruck,516.8,85fd3f1afea7b05656853d212b7e2d6b,44100,2,16,132300,3.0,True,mixed_sound_#_#,firetruck_252,0.5869299173355103,0.06149714543269231,1612.8310346653373,2021.9050376336247
mixed_sound_253.wav,mixed_sound_253,firetruck,516.8,7c0b5c319d3262b4fbbe3322e7e2e7ed,44100,2,16,132300,3.0,True,mixed_sound_#,firetruck_253,0.5258908867835999,0.12818509615384616,2502.875470260093,2459.8730967056795
mixed_sound_253_1.wav,mixed_sound_253_1,firetruck,516.8,8414c92ae2e5355f91deea6dc8c89c4b,44100,2,16,132300,3.0,True,mixed_sound_#_#,firetruck_253,0.6047196984291077,0.08590369591346154,2251.529765982118,2427.466338428534
mixed_sound_254.wav,mixed_sound_254,firetruck,516.8,ed720fe1c3f56e02b59030e158dce218,44100,2,16,132300,3.0,True,mixed_sound_#,firetruck_254,0.590832531452179,0.054818960336538464,1469.606265974012,1947.2251179379346
mixed_sound_254_1.wav,mixed_sound_254_1,firetruck,516.8,c31d25ad8d03d84b53f3ed20e2c9e8a5,44100,2,16,132300,3.0,True,mixed_sound_#_#,firetruck_254,0.5289241075515747,0.06912560096153846,1613.581204580278,2002.869695761619
mixed_sound_255.wav,mixed_sound_255,firetruck,516.8,d150821299f1f2f5d68871f352e4bc0a,44100,2,16,132300,3.0,True,mixed_sound_#,firetruck_255,0.5466597676277161,0.07350886418269231,1776.109951087891,2143.199186590544
mixed_sound_255_1.wav,mixed_sound_255_1,firetruck,516.8,82fbfe0b47e9a9e357813b43635110ef,44100,2,16,132300,3.0,True,mixed_sound_#_#,firetruck_255,0.5058352947235107,0.08837890625,1909.5912738082102,2173.011819989488
mixed_sound_256.wav,mixed_sound_256,firetruck,516.8,67e17be0e2844cd5b2ee2d39e468efa8,44100,2,16,132300,3.0,True,mixed_sound_#,firetruck_256,0.39846476912498474,0.1078125,2261.1928007346182,2394.721185389489
mixed_sound_256_1.wav,mixed_sound_256_1,firetruck,516.8,04f9ff960276f18b8eb3c35e996e36c4,44100,2,16,132300,3.0,True,mixed_sound_#_#,firetruck_256,0.5757527351379395,0.08748121995192308,2011.7754860658015,2201.7459044447332
mixed_sound_257.wav,mixed_sound_257,firetruck,516.8,6204fcc8d85735479b812fb11bc5d07e,44100,2,16,132300,3.0,True,mixed_sound_#,firetruck_257,0.5738555192947388,0.059900841346153845,1435.0504313955537,1810.1180296367459
mixed_sound_257_1.wav,mixed_sound_257_1,firetruck,516.8,69e43321023d7ff4f8c18225221a0e8e,44100,2,16,132300,3.0,True,mixed_sound_#_#,firetruck_257,0.5627180933952332,0.06322866586538461,1555.7917934713923,1944.6955794478308
mixed_sound_258.wav,mixed_sound_258,firetruck,516.8,1b179f3a9ee27fd364b65bf92d284c92,44100,2,16,132300,3.0,True,mixed_sound_#,firetruck_258,0.5701464414596558,0.049872295673076925,1153.0261475686991,1476.870567446601
mixed_sound_258_1.wav,mixed_sound_258_1,firetruck,516.8,4430ff43388316cb197515bf1b489c94,44100,2,16,132300,3.0,True,mixed_sound_#_#,firetruck_258,0.45564764738082886,0.1473407451923077,2490.493000156642,2473.9258595381198
mixed_sound_259.wav,mixed_sound_259,firetruck,516.8,3c62bb8d18177ff850fabcaa34f96799,44100,2,16,132300,3.0,True,mixed_sound_#,firetruck_259,0.5996021032333374,0.06268404447115385,1388.6598809823743,1683.7614868065843
mixed_sound_259_1.wav,mixed_sound_259_1,firetruck,516.8,b2b45d56c054e4640930008e86d5ed42,44100,2,16,132300,3.0,True,mixed_sound_#_#,firetruck_259,0.5628005862236023,0.07124774639423077,1540.7579384167593,1816.3843181136897
mixed_sound_260.wav,mixed_sound_260,firetruck,516.8,2b54096f7cc94ee8e3fffa2591bea15f,44100,2,16,132300,3.0,True,mixed_sound_#,firetruck_260,0.5187875628471375,0.12304311899038461,2531.978722329504,2577.09018277758
mixed_sound_260_1.wav,mixed_sound_260_1,firetruck,516.8,94eae2efb9927e5c02a4d6d09e489edb,44100,2,16,132300,3.0,True,mixed_sound_#_#,firetruck_260,0.5731154084205627,0.06395733173076923,1534.1456285039942,1856.7535009422475
mixed_sound_261.wav,mixed_sound_261,firetruck,516.8,7d28385d4d27e565859ff167d84bb3db,44100,2,16,132300,3.0,True,mixed_sound_#,firetruck_261,0.4908565878868103,0.11429537259615384,2462.261611923525,2490.3822650439834
mixed_sound_261_1.wav,mixed_sound_261_1,firetruck,516.8,5ea00adeb2c46ef9d39f64ca5e95cb38,44100,2,16,132300,3.0,True,mixed_sound_#_#,firetruck_261,0.3949850797653198,0.10371844951923077,2071.048133701643,2226.2032990569196
mixed_sound_262.wav,mixed_sound_262,firetruck,516.8,743dc4fc1e17c95c5fcdb7aeef302265,44100,2,16,132300,3.0,True,mixed_sound_#,firetruck_262,0.5555438995361328,0.07006084735576923,1701.6271807125936,2087.5644322762446
mixed_sound_262_1.wav,mixed_sound_262_1,firetruck,516.8,85026f80161ff5264954731923248912,44100,2,16,132300,3.0,True,mixed_sound_#_#,firetruck_262,0.35893866419792175,0.17457557091346154,2745.694577532045,2403.7714245208667
mixed_sound_263.wav,mixed_sound_263,firetruck,516.8,1db7cf00fab5be7dd71709d7abeb0f10,44100,2,16,132300,3.0,True,mixed_sound_#,firetruck_263,0.5993478298187256,0.10149489182692308,2234.0474939422147,2298.4208333035185
mixed_sound_263_1.wav,mixed_sound_263_1,firetruck,516.8,e1e54002812a76e85068663ff896211b,44100,2,16,132300,3.0,True,mixed_sound_#_#,firetruck_263,0.4183062016963959,0.11169621394230769,2049.060197515698,2070.480296490575
mixed_sound_264.wav,mixed_sound_264,firetruck,516.8,b890bd3e5cb255ab689869618a05dfbb,44100,2,16,132300,3.0,True,mixed_sound_#,firetruck_264,0.48143842816352844,0.12684044471153846,2428.357579566819,2363.1778423887686
mixed_sound_264_1.wav,mixed_sound_264_1,firetruck,516.8,756d98f1b1cccf3ecf854af28a546378,44100,2,16,132300,3.0,True,mixed_sound_#_#,firetruck_264,0.5595821738243103,0.09565805288461539,2195.1916625802146,2387.149202601993
mixed_sound_265.wav,mixed_sound_265,firetruck,516.8,6e81118e85013ee8111febb9bf4ae6f2,44100,2,16,132300,3.0,True,mixed_sound_#,firetruck_265,0.5661982297897339,0.07196514423076923,1391.719181994779,1685.8401788464703
mixed_sound_265_1.wav,mixed_sound_265_1,firetruck,516.8,35bb8bcfa794c9ff178bf444557fe129,44100,2,16,132300,3.0,True,mixed_sound_#_#,firetruck_265,0.5788641571998596,0.11585036057692308,2259.384327951517,2275.6560151506833
mixed_sound_266.wav,mixed_sound_266,firetruck,516.8,a12f973155312df00818bda80b7d646d,44100,2,16,132300,3.0,True,mixed_sound_#,firetruck_266,0.39056888222694397,0.12262995793269231,2332.5439222623854,2411.252610677088
mixed_sound_266_1.wav,mixed_sound_266_1,firetruck,516.8,14b1dea078e760acb2ba4ff792a15e68,44100,2,16,132300,3.0,True,mixed_sound_#_#,firetruck_266,0.5578511357307434,0.07068810096153846,1520.7458121605196,1868.415327745752
mixed_sound_267.wav,mixed_sound_267,firetruck,516.8,f0cb90ef2ea01c9b8c9c70849d50a384,44100,2,16,132300,3.0,True,mixed_sound_#,firetruck_267,0.5280504822731018,0.10478891225961538,2181.9970533269206,2256.1074690762234
mixed_sound_267_1.wav,mixed_sound_267_1,firetruck,516.8,90136b3677399d8af5caecd38a28c9ac,44100,2,16,132300,3.0,True,mixed_sound_#_#,firetruck_267,0.5560011863708496,0.08147160456730769,2160.365151851655,2376.2647805058245
mixed_sound_268.wav,mixed_sound_268,firetruck,516.8,1a2b64c125215faad7d3485505f8a7d6,44100,2,16,132300,3.0,True,mixed_sound_#,firetruck_268,0.5172805786132812,0.059581580528846156,1412.396506738066,1828.2647636860243
mixed_sound_268_1.wav,mixed_sound_268_1,firetruck,516.8,d664f4134bacf8c6eacd9dd2c22f1312,44100,2,16,132300,3.0,True,mixed_sound_#_#,firetruck_268,0.5857638120651245,0.06130558894230769,1508.4886922106177,1917.248755024477
mixed_sound_269.wav,mixed_sound_269,firetruck,516.8,d0e257398233f2df70eac6a308a101cb,44100,2,16,132300,3.0,True,mixed_sound_#,firetruck_269,0.6017913818359375,0.0501953125,1239.7557698874211,1624.4770830933126
mixed_sound_269_1.wav,mixed_sound_269_1,firetruck,516.8,5401ddb610dde2334b80fee4df7253d9,44100,2,16,132300,3.0,True,mixed_sound_#_#,firetruck_269,0.5794692039489746,0.06624849759615385,1432.8853695923665,1734.4629731574257
mixed_sound_270.wav,mixed_sound_270,firetruck,516.8,69fd1f7213722ca331c8d077d4b47808,44100,2,16,132300,3.0,True,mixed_sound_#,firetruck_270,0.6103226542472839,0.05320387620192308,1405.0741133785118,1849.045552128085
mixed_sound_270_1.wav,mixed_sound_270_1,firetruck,516.8,c344ced6cdfdf2d8df18339de0998ace,44100,2,16,132300,3.0,True,mixed_sound_#_#,firetruck_270,0.5679643750190735,0.11080979567307692,2218.8303973367,2257.5313769239456
mixed_sound_271.wav,mixed_sound_271,firetruck,516.8,31e952fde41e0f93b933e5c486b5a36c,44100,2,16,132300,3.0,True,mixed_sound_#,firetruck_271,0.43652334809303284,0.10260291466346154,2350.8624477643652,2470.587280090069
mixed_sound_271_1.wav,mixed_sound_271_1,firetruck,516.8,d84676741b08f6ef165712fdefed8121,44100,2,16,132300,3.0,True,mixed_sound_#_#,firetruck_271,0.5666317343711853,0.07717097355769231,1709.1597247210918,2011.1602659130608
mixed_sound_272.wav,mixed_sound_272,firetruck,516.8,8f26cebdc19095e070694266104e09d5,44100,2,16,132300,3.0,True,mixed_sound_#,firetruck_272,0.40220484137535095,0.1552734375,2554.1110159144464,2375.380542052625
mixed_sound_272_1.wav,mixed_sound_272_1,firetruck,516.8,1f1b6a9e01160157c9adc7fc9d39c5d1,44100,2,16,132300,3.0,True,mixed_sound_#_#,firetruck_272,0.5951696634292603,0.06071965144230769,1472.3691394193581,1885.194205589312
mixed_sound_273.wav,mixed_sound_273,firetruck,516.8,29b834e5e8f29bf49ebdbf0208a1996e,44100,2,16,132300,3.0,True,mixed_sound_#,firetruck_273,0.551490068435669,0.07758413461538462,2132.570961217235,2424.873081959494
mixed_sound_273_1.wav,mixed_sound_273_1,firetruck,516.8,bd6c79201d73ab0a1651372be7aaf1f7,44100,2,16,132300,3.0,True,mixed_sound_#_#,firetruck_273,0.5967270135879517,0.05517578125,1513.6942781802402,1915.5070915082258
mixed_sound_274.wav,mixed_sound_274,firetruck,516.8,1273870e0b45e86471894595f5931dd3,44100,2,16,132300,3.0,True,mixed_sound_#,firetruck_274,0.4785788357257843,0.12672025240384616,2325.4937696388956,2331.3128758204207
mixed_sound_274_1.wav,mixed_sound_274_1,firetruck,516.8,01576180d02e1985123ba1df270929aa,44100,2,16,132300,3.0,True,mixed_sound_#_#,firetruck_274,0.5458856225013733,0.12283278245192308,2469.1449432561567,2381.8605969494315
mixed_sound_275.wav,mixed_sound_275,firetruck,516.8,b7a60ccf185be01fa092c091854c67d9,44100,2,16,132300,3.0,True,mixed_sound_#,firetruck_275,0.56693035364151,0.051183143028846155,1250.7394591165116,1624.215517699263
mixed_sound_275_1.wav,mixed_sound_275_1,firetruck,516.8,910873dfa1136a9ccbdc890cb3bf8fc9,44100,2,16,132300,3.0,True,mixed_sound_#_#,firetruck_275,0.4323442280292511,0.15078125,2516.8288061500293,2429.650194449842
mixed_sound_276.wav,mixed_sound_276,firetruck,516.8,cee6e795065040f90032c4613073caa7,44100,2,16,132300,3.0,True,mixed_sound_#,firetruck_276,0.5646327137947083,0.06050180288461538,1344.5265267094787,1730.623837869903
mixed_sound_276_1.wav,mixed_sound_276_1,firetruck,516.8,f60c54080d93e07e19ea81773ea8f5ab,44100,2,16,132300,3.0,True,mixed_sound_#_#,firetruck_276,0.5800247192382812,0.09354341947115384,2155.363218315465,2310.927846548268
mixed_sound_277.wav,mixed_sound_277,firetruck,516.8,e6eb14b6a759e262a3871208e12d793d,44100,2,16,132300,3.0,True,mixed_sound_#,firetruck_277,0.408888578414917,0.15026292067307692,2446.2045283988577,2329.551373767225
mixed_sound_277_1.wav,mixed_sound_277_1,firetruck,516.8,b1a92b5dd1c0f0409daf5109a2cf0812,44100,2,16,132300,3.0,True,mixed_sound_#_#,firetruck_277,0.42783215641975403,0.20469501201923077,2903.064764992132,2453.804833051514
mixed_sound_278.wav,mixed_sound_278,firetruck,516.8,cd1d021296398edcfee3cbc3e629229d,44100,2,16,132300,3.0,True,mixed_sound_#,firetruck_278,0.578953206539154,0.06271033653846154,1320.9587071606754,1588.6442700891496
mixed_sound_278_1.wav,mixed_sound_278_1,firetruck,516.8,ea979b9935d709b9254f6cd6ad5d644d,44100,2,16,132300,3.0,True,mixed_sound_#_#,firetruck_278,0.5408694744110107,0.06987680288461538,1413.848952074732,1710.0459511548124
mixed_sound_279.wav,mixed_sound_279,firetruck,516.8,93d5f214356384318f46613bc2310e94,44100,2,16,132300,3.0,True,mixed_sound_#,firetruck_279,0.5453458428382874,0.11737905649038462,2260.10293137734,2299.500990324971
mixed_sound_279_1.wav,mixed_sound_279_1,firetruck,516.8,76f8cedf94461837ab3877ba16f6eb28,44100,2,16,132300,3.0,True,mixed_sound_#_#,firetruck_279,0.5999024510383606,0.058995643028846155,1435.1079099762987,1792.7454713172237
mixed_sound_280.wav,mixed_sound_280,firetruck,516.8,bd0481488d0e15e9a2b2eb96e003cd88,44100,2,16,132300,3.0,True,mixed_sound_#,firetruck_280,0.5754638910293579,0.05560772235576923,1419.7684378037031,1837.6235436060726
mixed_sound_280_1.wav,mixed_sound_280_1,firetruck,516.8,0867a894bd6990a3f999b24153f775ca,44100,2,16,132300,3.0,True,mixed_sound_#_#,firetruck_280,0.5174996852874756,0.12054161658653846,2310.0370507295684,2267.1884664047034
mixed_sound_281.wav,mixed_sound_281,firetruck,516.8,b391a25bedbc763afee834a429600636,44100,2,16,132300,3.0,True,mixed_sound_#,firetruck_281,0.5687428116798401,0.07342998798076923,1620.9647466804338,2067.878034730886
mixed_sound_281_1.wav,mixed_sound_281_1,firetruck,516.8,40cfe26dc4dcff47d1dec2f96c6ce67a,44100,2,16,132300,3.0,True,mixed_sound_#_#,firetruck_281,0.5413548350334167,0.08303034855769231,1679.747653415299,2042.3300113923785
mixed_sound_282.wav,mixed_sound_282,firetruck,516.8,1336d46756a7c9ed0f7e24e2130d83d3,44100,2,16,132300,3.0,True,mixed_sound_#,firetruck_282,0.5648689866065979,0.05461613581730769,1395.4074092132282,1776.2007683915792
mixed_sound_282_1.wav,mixed_sound_282_1,firetruck,516.8,975f7ed5a908717027a51a8ff69fc806,44100,2,16,132300,3.0,True,mixed_sound_#_#,firetruck_282,0.4031194746494293,0.1490760216346154,2580.683855310014,2435.8182279144753
mixed_sound_283.wav,mixed_sound_283,firetruck,516.8,bcdc3a6c1299937dbb4379287f3c328d,44100,2,16,132300,3.0,True,mixed_sound_#,firetruck_283,0.5051916241645813,0.05739182692307692,1321.2858719574056,1698.1629405439867
mixed_sound_283_1.wav,mixed_sound_283_1,firetruck,516.8,385eb636bc79323260629462440e0213,44100,2,16,132300,3.0,True,mixed_sound_#_#,firetruck_283,0.42550036311149597,0.19801682692307693,2691.392298471478,2403.729216553747
mixed_sound_284.wav,mixed_sound_284,firetruck,516.8,6d2e971497c984d9338c3a6042bafe00,44100,2,16,132300,3.0,True,mixed_sound_#,firetruck_284,0.38684892654418945,0.10554011418269231,2015.81980383633,2196.094150752725
mixed_sound_284_1.wav,mixed_sound_284_1,firetruck,516.8,a53fc6503f9bf225ba1bb2ff50627e2b,44100,2,16,132300,3.0,True,mixed_sound_#_#,firetruck_284,0.5718388557434082,0.07183368389423077,1731.181093561139,2121.936677565325
mixed_sound_285.wav,mixed_sound_285,firetruck,516.8,bfb10ca2bbaa82b1b0f200e16a5c4db8,44100,2,16,132300,3.0,True,mixed_sound_#,firetruck_285,0.49546897411346436,0.12412860576923077,2338.685139804936,2296.379858000605
mixed_sound_285_1.wav,mixed_sound_285_1,firetruck,516.8,ed463ddfb41ed94367664088a6e75989,44100,2,16,132300,3.0,True,mixed_sound_#_#,firetruck_285,0.5669674277305603,0.06535081129807692,1569.5962838540313,1923.4184442346204
mixed_sound_286.wav,mixed_sound_286,firetruck,516.8,c43b2dea00041adf9b462b321442bb4f,44100,2,16,132300,3.0,True,mixed_sound_#,firetruck_286,0.46444565057754517,0.1681903545673077,2769.6065919258012,2623.9167300551107
mixed_sound_286_1.wav,mixed_sound_286_1,firetruck,516.8,5b975080b79994e1d3b7f99d2d907d31,44100,2,16,132300,3.0,True,mixed_sound_#_#,firetruck_286,0.5665562748908997,0.06927959735576923,1696.7472490287698,2044.2164066832254
mixed_sound_287.wav,mixed_sound_287,firetruck,516.8,0616072b25c310dd3a792dae5b86ee1b,44100,2,16,132300,3.0,True,mixed_sound_#,firetruck_287,0.3998720645904541,0.17919546274038461,2956.273303463971,2566.89121996835
mixed_sound_287_1.wav,mixed_sound_287_1,firetruck,516.8,d8a4a2cc4e4eee5aed259c45e5e9dbcd,44100,2,16,132300,3.0,True,mixed_sound_#_#,firetruck_287,0.5172691941261292,0.10437950721153846,2447.3486429237887,2556.8154548411676
mixed_sound_288.wav,mixed_sound_288,firetruck,516.8,71483e20db0ff141fced62fa973dd21c,44100,2,16,132300,3.0,True,mixed_sound_#,firetruck_288,0.5786920189857483,0.10204326923076923,2153.095044931739,2249.8243234264082
mixed_sound_288_1.wav,mixed_sound_288_1,firetruck,516.8,fe51848853baf482ea9bb12c1460e2ab,44100,2,16,132300,3.0,True,mixed_sound_#_#,firetruck_288,0.5924592018127441,0.07214918870192308,1909.8657387756214,2220.5917014163424
mixed_sound_289.wav,mixed_sound_289,firetruck,516.8,74401a24fc3209de8601204c3c08b74d,44100,2,16,132300,3.0,True,mixed_sound_#,firetruck_289,0.5545615553855896,0.05596454326923077,1340.6823859914064,1759.4730028323102
mixed_sound_289_1.wav,mixed_sound_289_1,firetruck,516.8,08ceaa36d761e4d8ecff93eb65719b1d,44100,2,16,132300,3.0,True,mixed_sound_#_#,firetruck_289,0.5333238244056702,0.07001201923076923,1505.6657466140991,1827.1469470721565
mixed_sound_290.wav,mixed_sound_290,firetruck,516.8,40e798ef587b4b59147a303f56d58638,44100,2,16,132300,3.0,True,mixed_sound_#,firetruck_290,0.38054540753364563,0.19705153245192308,3043.0122447377494,2676.7323227468714
mixed_sound_290_1.wav,mixed_sound_290_1,firetruck,516.8,5a8ca4c95f42c18e7d5e74a3490bb940,44100,2,16,132300,3.0,True,mixed_sound_#_#,firetruck_290,0.550582766532898,0.09342322716346153,2210.94251242556,2410.687809955984
mixed_sound_291.wav,mixed_sound_291,firetruck,516.8,789e78929731d26557bfb41d439b13d1,44100,2,16,132300,3.0,True,mixed_sound_#,firetruck_291,0.42159077525138855,0.15416165865384615,2578.728860808597,2442.5640066171673
mixed_sound_291_1.wav,mixed_sound_291_1,firetruck,516.8,8a9f7929ddc71f465020ac7397362ade,44100,2,16,132300,3.0,True,mixed_sound_#_#,firetruck_291,0.5266180038452148,0.07881986177884616,1533.8696728937252,1823.2148046157313
mixed_sound_292.wav,mixed_sound_292,firetruck,516.8,01c9da1f3de47b268ffc09c96b5e637b,44100,2,16,132300,3.0,True,mixed_sound_#,firetruck_292,0.5130071640014648,0.06278545673076923,1452.3368398924838,1877.917615805175
mixed_sound_292_1.wav,mixed_sound_292_1,firetruck,516.8,2cc2fbf66510f485923439455024aab3,44100,2,16,132300,3.0,True,mixed_sound_#_#,firetruck_292,0.5780178308486938,0.06438176081730769,1521.712906175237,1894.570601971979
mixed_sound_293.wav,mixed_sound_293,firetruck,516.8,c7f88b382f91402ba1594d5134265b93,44100,2,16,132300,3.0,True,mixed_sound_#,firetruck_293,0.5339436531066895,0.07609299879807692,1822.100901674501,2216.2940091152377
mixed_sound_293_1.wav,mixed_sound_293_1,firetruck,516.8,b86d594cc8e5d37dcd67f9f7b336f34d,44100,2,16,132300,3.0,True,mixed_sound_#_#,firetruck_293,0.4756190776824951,0.15309119591346154,2680.8990157901767,2490.474494402017
mixed_sound_294.wav,mixed_sound_294,firetruck,516.8,e57f2a6f6e826dd3530810600d034408,44100,2,16,132300,3.0,True,mixed_sound_#,firetruck_294,0.5216562151908875,0.07941706730769231,1882.893446346295,2177.24522347103
mixed_sound_294_1.wav,mixed_sound_294_1,firetruck,516.8,af7da79c54cbb1ed053e3fdeec0f7d8d,44100,2,16,132300,3.0,True,mixed_sound_#_#,firetruck_294,0.5095020532608032,0.11581280048076924,2461.6479819264528,2520.10165042419
mixed_sound_295.wav,mixed_sound_295,firetruck,516.8,49fcbb74123f65f6ab0c2c82ad0a59a3,44100,2,16,132300,3.0,True,mixed_sound_#,firetruck_295,0.4489929676055908,0.16234975961538461,2904.732084887392,2706.4687100605065
mixed_sound_295_1.wav,mixed_sound_295_1,firetruck,516.8,0b507d86c956b89bf315cc8cd689fcb3,44100,2,16,132300,3.0,True,mixed_sound_#_#,firetruck_295,0.3954530656337738,0.137060546875,2627.5492729685,2513.3746056271507
mixed_sound_296.wav,mixed_sound_296,firetruck,516.8,c9f3ee42393d136d831c2e08b8077b73,44100,2,16,132300,3.0,True,mixed_sound_#,firetruck_296,0.5905016660690308,0.058860426682692306,1620.772263965503,2076.9792993179785
mixed_sound_296_1.wav,mixed_sound_296_1,firetruck,516.8,097fe4b7089bc9b6a83fb8799311abbf,44100,2,16,132300,3.0,True,mixed_sound_#_#,firetruck_296,0.5645330548286438,0.07563852163461539,1716.962869546651,2042.5404904694924
mixed_sound_297.wav,mixed_sound_297,firetruck,516.8,1df84d20888fa323390f9fcfd0949a60,44100,2,16,132300,3.0,True,mixed_sound_#,firetruck_297,0.6050981283187866,0.06337890625,1441.4730318063168,1846.3554110851392
mixed_sound_297_1.wav,mixed_sound_297_1,firetruck,516.8,17adb085d12987388a925020669a098e,44100,2,16,132300,3.0,True,mixed_sound_#_#,firetruck_297,0.6094031929969788,0.06206430288461538,1507.6340591086428,1895.47914495798
mixed_sound_298.wav,mixed_sound_298,firetruck,516.8,e1b2ee0d3128dcb1514b34fce39ba769,44100,2,16,132300,3.0,True,mixed_sound_#,firetruck_298,0.520940363407135,0.16812650240384616,2880.1878693836643,2657.116213152425
mixed_sound_298_1.wav,mixed_sound_298_1,firetruck,516.8,8acfd60f1c73ce7794439f592d335ef9,44100,2,16,132300,3.0,True,mixed_sound_#_#,firetruck_298,0.4876777231693268,0.15795147235576923,2729.408365718549,2597.526988482424
mixed_sound_299.wav,mixed_sound_299,firetruck,516.8,0b3284c767d63ae749b0941204173ab9,44100,2,16,132300,3.0,True,mixed_sound_#,firetruck_299,0.44466474652290344,0.10374474158653846,2196.1633622618137,2362.6103057432774
mixed_sound_299_1.wav,mixed_sound_299_1,firetruck,516.8,4823132f8cfc2a5fbe9bf9ac0bad56cc,44100,2,16,132300,3.0,True,mixed_sound_#_#,firetruck_299,0.45611870288848877,0.1524113581730769,2639.2472908431,2463.060345127233
mixed_sound_300.wav,mixed_sound_300,firetruck,516.8,115b28c42e2e72209cccd690a3a3ae25,44100,2,16,132300,3.0,True,mixed_sound_#,firetruck_300,0.503650963306427,0.08520883413461539,2037.9427224853362,2258.2301514138353
mixed_sound_300_1.wav,mixed_sound_300_1,firetruck,516.8,2d86176cf0ac59168e11d22b2d84d5ff,44100,2,16,132300,3.0,True,mixed_sound_#_#,firetruck_300,0.5687636137008667,0.09972956730769231,2273.8788014386914,2353.722579783376
mixed_sound_301.wav,mixed_sound_301,firetruck,516.8,421c2999328cb58e4a25142d499158b7,44100,2,16,132300,3.0,True,mixed_sound_#,firetruck_301,0.6054415106773376,0.052159705528846155,1206.7531125083522,1586.5076667013354
mixed_sound_301_1.wav,mixed_sound_301_1,firetruck,516.8,d0a51c7875757abe1b14bc89fec23316,44100,2,16,132300,3.0,True,mixed_sound_#_#,firetruck_301,0.6060358285903931,0.08482196514423077,2223.3090640524915,2410.9471985274618
mixed_sound_302.wav,mixed_sound_302,firetruck,516.8,47652eaa4012749b06a14a4e9d2572c0,44100,2,16,132300,3.0,True,mixed_sound_#,firetruck_302,0.5680183172225952,0.06046424278846154,1190.8740979935394,1480.8915367651562
mixed_sound_302_1.wav,mixed_sound_302_1,firetruck,516.8,e506462246c283dc52e6e04a12bc8ef4,44100,2,16,132300,3.0,True,mixed_sound_#_#,firetruck_302,0.5004909634590149,0.21082106370192308,3038.8166984128093,2509.6422223856016
mixed_sound_303.wav,mixed_sound_303,firetruck,516.8,90368f846672610157e11cfeb5b07b78,44100,2,16,132300,3.0,True,mixed_sound_#,firetruck_303,0.5925518274307251,0.10558894230769231,2336.8239308766438,2356.047798185415
mixed_sound_303_1.wav,mixed_sound_303_1,firetruck,516.8,7a175e958a17c70de11d96f5861a023a,44100,2,16,132300,3.0,True,mixed_sound_#_#,firetruck_303,0.5005419850349426,0.13582106370192307,2429.378424102956,2372.053690648817
mixed_sound_304.wav,mixed_sound_304,firetruck,516.8,9cddd6022af5b38ba269fcaa1b32f43e,44100,2,16,132300,3.0,True,mixed_sound_#,firetruck_304,0.32026705145835876,0.12757286658653846,2373.900098102921,2384.4499301441883
mixed_sound_304_1.wav,mixed_sound_304_1,firetruck,516.8,b34f83e021eb1752b5f2af7c833b8f2f,44100,2,16,132300,3.0,True,mixed_sound_#_#,firetruck_304,0.43728920817375183,0.13238807091346153,2164.6473606601967,2137.4948470099284
mixed_sound_305.wav,mixed_sound_305,firetruck,516.8,28fe02361e0d56317faa8dd2d0b15271,44100,2,16,132300,3.0,True,mixed_sound_#,firetruck_305,0.43155911564826965,0.05660306490384615,1345.0993444996254,1712.3747675927307
mixed_sound_305_1.wav,mixed_sound_305_1,firetruck,516.8,1ecd453b6af7672c23c21fa7ec697d08,44100,2,16,132300,3.0,True,mixed_sound_#_#,firetruck_305,0.5121003985404968,0.14947040264423078,2560.728675070449,2455.1939448274047
mixed_sound_306.wav,mixed_sound_306,firetruck,516.8,e33f1e60e88802291d06d6edcfe28bb3,44100,2,16,132300,3.0,True,mixed_sound_#,firetruck_306,0.566111147403717,0.05600961538461539,1740.6458018145156,2244.340112147879
mixed_sound_306_1.wav,mixed_sound_306_1,firetruck,516.8,08b105b7f03240fa0e65a839116305f6,44100,2,16,132300,3.0,True,mixed_sound_#_#,firetruck_306,0.5236926674842834,0.1447228064903846,2546.122518226147,2466.9788357359043
mixed_sound_307.wav,mixed_sound_307,firetruck,516.8,5a2315b7daeb336cb8fe62f49e088fa5,44100,2,16,132300,3.0,True,mixed_sound_#,firetruck_307,0.5782274603843689,0.046082481971153846,1246.4863807658608,1691.1359528084415
mixed_sound_307_1.wav,mixed_sound_307_1,firetruck,516.8,05aa9d6994b6724e44c2d701eedc43da,44100,2,16,132300,3.0,True,mixed_sound_#_#,firetruck_307,0.5602948665618896,0.07986403245192308,2159.7103672374624,2399.506498763307
mixed_sound_308.wav,mixed_sound_308,firetruck,516.8,078bd9ae016662e99584fbbaa3dadeb8,44100,2,16,132300,3.0,True,mixed_sound_#,firetruck_308,0.3934140205383301,0.1169696514423077,2394.760516830078,2394.29639189335
mixed_sound_308_1.wav,mixed_sound_308_1,firetruck,516.8,82b92af4fdf715ffdb4b3038189a680c,44100,2,16,132300,3.0,True,mixed_sound_#_#,firetruck_308,0.5829900503158569,0.06035907451923077,1514.0367821077143,1875.8542819471077
mixed_sound_309.wav,mixed_sound_309,firetruck,516.8,743baaf15566361d6dd3bd98bd8e1862,44100,2,16,132300,3.0,True,mixed_sound_#,firetruck_309,0.48826542496681213,0.12689302884615383,2397.4677297856333,2380.783482904608
mixed_sound_309_1.wav,mixed_sound_309_1,firetruck,516.8,24cdb3cb778f6cf33046689667e11cda,44100,2,16,132300,3.0,True,mixed_sound_#_#,firetruck_309,0.5378541350364685,0.08203876201923077,2167.8482751015126,2409.674543946559
mixed_sound_310.wav,mixed_sound_310,firetruck,516.8,b2d58fa0e35e4e03527a2e91d85c2436,44100,2,16,132300,3.0,True,mixed_sound_#,firetruck_310,0.6033153533935547,0.06764948918269231,1276.6333030818428,1545.0626338713416
mixed_sound_310_1.wav,mixed_sound_310_1,firetruck,516.8,55e1a073c9386aa52c74577c99fc99f3,44100,2,16,132300,3.0,True,mixed_sound_#_#,firetruck_310,0.3896074593067169,0.13767653245192307,2329.2614679329913,2293.0005429263438
mixed_sound_311.wav,mixed_sound_311,firetruck,516.8,4ff67deff04054905efb5129a354ce62,44100,2,16,132300,3.0,True,mixed_sound_#,firetruck_311,0.583257794380188,0.05723031850961539,1229.3206343058425,1586.2356058853875
mixed_sound_311_1.wav,mixed_sound_311_1,firetruck,516.8,bdc67b60411ba5802c6bd00b5711433c,44100,2,16,132300,3.0,True,mixed_sound_#_#,firetruck_311,0.6035704612731934,0.072119140625,1477.2790068774707,1739.680983121681
mixed_sound_312.wav,mixed_sound_312,firetruck,516.8,04d4d446065d14203b0c505da960f063,44100,2,16,132300,3.0,True,mixed_sound_#,firetruck_312,0.5529308319091797,0.10880408653846153,2268.4943491342756,2304.0179619511173
mixed_sound_312_1.wav,mixed_sound_312_1,firetruck,516.8,5d711dba6ac89933bf3ca711c8b497f4,44100,2,16,132300,3.0,True,mixed_sound_#_#,firetruck_312,0.5725852251052856,0.06678185096153846,1438.5786076893653,1748.7815098917206
mixed_sound_313.wav,mixed_sound_313,firetruck,516.8,dbfb18025712dca28db0fd96b698c5ec,44100,2,16,132300,3.0,True,mixed_sound_#,firetruck_313,0.5785611271858215,0.057928936298076925,1336.8041315173648,1695.2186777295092
mixed_sound_313_1.wav,mixed_sound_313_1,firetruck,516.8,1a8e52e5fbfac57c7d6b1937ef8ab6f3,44100,2,16,132300,3.0,True,mixed_sound_#_#,firetruck_313,0.5513680577278137,0.10240760216346154,2159.216987617903,2258.327563236775
mixed_sound_314.wav,mixed_sound_314,firetruck,516.8,bf2b6fa8dac0ee492da889ed8f142ff8,44100,2,16,132300,3.0,True,mixed_sound_#,firetruck_314,0.5826928019523621,0.09862154447115384,2251.73946255153,2302.212895859082
mixed_sound_314_1.wav,mixed_sound_314_1,firetruck,516.8,b4330c1409cf82fa3ebc1920481049f8,44100,2,16,132300,3.0,True,mixed_sound_#_#,firetruck_314,0.5072678923606873,0.0776630108173077,1652.6621178602581,1990.2874224636798
mixed_sound_315.wav,mixed_sound_315,firetruck,516.8,935013ec487c5dba4d9d62bfd5243caf,44100,2,16,132300,3.0,True,mixed_sound_#,firetruck_315,0.5891985297203064,0.09892953725961538,2270.668204031492,2366.081957558634
mixed_sound_315_1.wav,mixed_sound_315_1,firetruck,516.8,1767abc4e6e99e47b86bb192fbba1881,44100,2,16,132300,3.0,True,mixed_sound_#_#,firetruck_315,0.5752688050270081,0.06019756610576923,1538.2304010247813,1942.7421727725512
mixed_sound_316.wav,mixed_sound_316,firetruck,516.8,c11a70703e74a66c242bd30bb2a493cb,44100,2,16,132300,3.0,True,mixed_sound_#,firetruck_316,0.6111704707145691,0.0899188701923077,2239.1441948356714,2324.0576456170297
mixed_sound_316_1.wav,mixed_sound_316_1,firetruck,516.8,3c9cf592e228cc4bad35116545071f6b,44100,2,16,132300,3.0,True,mixed_sound_#_#,firetruck_316,0.5318302512168884,0.12113131009615384,2433.573196528303,2519.7540623036493
mixed_sound_317.wav,mixed_sound_317,firetruck,516.8,b125882f69cead8ef2d7dd81a76881b0,44100,2,16,132300,3.0,True,mixed_sound_#,firetruck_317,0.36720433831214905,0.15736177884615385,2613.93817240655,2422.1097560992544
mixed_sound_317_1.wav,mixed_sound_317_1,firetruck,516.8,396fb9c648bfc85ae9cc2a04f5454766,44100,2,16,132300,3.0,True,mixed_sound_#_#,firetruck_317,0.46322232484817505,0.10827448918269231,2340.5307619478185,2434.1498674858926
mixed_sound_318.wav,mixed_sound_318,firetruck,516.8,40b6e517fdc8884551fed64878fbff1a,44100,2,16,132300,3.0,True,mixed_sound_#,firetruck_318,0.47378426790237427,0.14482421875,2409.978557151456,2339.1189446503986
mixed_sound_318_1.wav,mixed_sound_318_1,firetruck,516.8,a372696b5a25f4874b68149a08eab80f,44100,2,16,132300,3.0,True,mixed_sound_#_#,firetruck_318,0.4666826128959656,0.10997596153846154,2313.2160078566503,2383.804356200583
mixed_sound_319.wav,mixed_sound_319,firetruck,516.8,1399ffc3e269d8a7618a4ccd7edc4f3f,44100,2,16,132300,3.0,True,mixed_sound_#,firetruck_319,0.525210440158844,0.06345402644230769,1314.037514498814,1649.6783478757577
mixed_sound_319_1.wav,mixed_sound_319_1,firetruck,516.8,32058d2ae593135eba58e750040498e8,44100,2,16,132300,3.0,True,mixed_sound_#_#,firetruck_319,0.5068387389183044,0.1520770733173077,2540.2273627121835,2346.234866411823
mixed_sound_320.wav,mixed_sound_320,firetruck,516.8,d113f84aa77464eb835ffedcdb3fa892,44100,2,16,132300,3.0,True,mixed_sound_#,firetruck_320,0.3268283009529114,0.07878981370192308,1477.4930305563742,1793.9356429182294
mixed_sound_320_1.wav,mixed_sound_320_1,firetruck,516.8,ac9221a018e7b73c1d9931b288703fb0,44100,2,16,132300,3.0,True,mixed_sound_#_#,firetruck_320,0.39260628819465637,0.21724384014423076,2914.01812875224,2446.1371946641502
mixed_sound_321.wav,mixed_sound_321,firetruck,516.8,d72697dd268ccad9c6a59ebc1c655b86,44100,2,16,132300,3.0,True,mixed_sound_#,firetruck_321,0.43576911091804504,0.24181565504807692,2933.791862879103,2392.9704042591165
mixed_sound_321_1.wav,mixed_sound_321_1,firetruck,516.8,c341822d8021ad81c52c0dc5e5a9f226,44100,2,16,132300,3.0,True,mixed_sound_#_#,firetruck_321,0.44899091124534607,0.12735126201923078,2236.862328698928,2156.8867944490826
mixed_sound_322.wav,mixed_sound_322,firetruck,516.8,68f8ee8bf5fc1ce48598e17a17abd85e,44100,2,16,132300,3.0,True,mixed_sound_#,firetruck_322,0.43419551849365234,0.12894756610576924,2507.247415501324,2437.649630449387
mixed_sound_322_1.wav,mixed_sound_322_1,firetruck,516.8,88cea1002a41555a4d6e82523b336354,44100,2,16,132300,3.0,True,mixed_sound_#_#,firetruck_322,0.3877423107624054,0.14091421274038463,2490.3743624336994,2370.0904981439244
mixed_sound_323.wav,mixed_sound_323,firetruck,516.8,4ffbb49468977c622b01a83d6a3f0e3f,44100,2,16,132300,3.0,True,mixed_sound_#,firetruck_323,0.5615664720535278,0.07280649038461538,1792.3869094917618,2038.581592331566
mixed_sound_323_1.wav,mixed_sound_323_1,firetruck,516.8,620f340e16a93f3baa6c9317cd6a4fe5,44100,2,16,132300,3.0,True,mixed_sound_#_#,firetruck_323,0.5684884190559387,0.07428260216346154,1789.0418865074266,2020.9661131840983
mixed_sound_324.wav,mixed_sound_324,firetruck,516.8,d19a713892c77ff838c76ce8784820b1,44100,2,16,132300,3.0,True,mixed_sound_#,firetruck_324,0.5162145495414734,0.16953125,2759.325259548746,2476.187281611903
mixed_sound_324_1.wav,mixed_sound_324_1,firetruck,516.8,533cf4379fd67d85861164358bf34a00,44100,2,16,132300,3.0,True,mixed_sound_#_#,firetruck_324,0.5453579425811768,0.07520282451923077,1705.0008646011313,1995.9581801275785
mixed_sound_325.wav,mixed_sound_325,firetruck,516.8,fbbb93cbc13bd4ce7222f55eb5935b9e,44100,2,16,132300,3.0,True,mixed_sound_#,firetruck_325,0.563931405544281,0.06684945913461539,1550.2280468206263,1879.8568464799696
mixed_sound_325_1.wav,mixed_sound_325_1,firetruck,516.8,838e5ba35e0c1a1a0dfc74f04eb62063,44100,2,16,132300,3.0,True,mixed_sound_#_#,firetruck_325,0.59390789270401,0.06259014423076924,1604.273969365055,1990.7304228562787
mixed_sound_326.wav,mixed_sound_326,firetruck,516.8,a67d66de8bb6a82e6695b678683425a1,44100,2,16,132300,3.0,True,mixed_sound_#,firetruck_326,0.5554064512252808,0.10143479567307692,2273.887278180846,2316.4129234126785
mixed_sound_326_1.wav,mixed_sound_326_1,firetruck,516.8,927e41e5efb21e296686cf40e6cd5d14,44100,2,16,132300,3.0,True,mixed_sound_#_#,firetruck_326,0.5282568335533142,0.08924654447115385,2233.219435375417,2346.5257119410126
mixed_sound_327.wav,mixed_sound_327,firetruck,516.8,79a9d2be05d66ae10521eb73a425616a,44100,2,16,132300,3.0,True,mixed_sound_#,firetruck_327,0.5297887325286865,0.06808143028846154,1544.0432550917358,1816.5224129450044
mixed_sound_327_1.wav,mixed_sound_327_1,firetruck,516.8,14c655f7989b190722565ddf78ec82d4,44100,2,16,132300,3.0,True,mixed_sound_#_#,firetruck_327,0.5804917216300964,0.11074594350961539,2161.0816843316857,2186.511588957025
mixed_sound_328.wav,mixed_sound_328,firetruck,516.8,d55ee33572a3826a877c5d87698769ab,44100,2,16,132300,3.0,True,mixed_sound_#,firetruck_328,0.4631709158420563,0.1478515625,2559.5878551709297,2381.723337480297
mixed_sound_328_1.wav,mixed_sound_328_1,firetruck,516.8,77a6c83390287e690f17cdc1e4964096,44100,2,16,132300,3.0,True,mixed_sound_#_#,firetruck_328,0.3616311252117157,0.11763822115384616,2153.2362963115443,2111.5429432333162
mixed_sound_329.wav,mixed_sound_329,firetruck,516.8,e46dc63b2cff015dea1319d30055efc9,44100,2,16,132300,3.0,True,mixed_sound_#,firetruck_329,0.41365692019462585,0.17269005408653845,2585.4524048060653,2336.4860987209636
mixed_sound_329_1.wav,mixed_sound_329_1,firetruck,516.8,855b49e8fb36da30049bef5665bc7d6a,44100,2,16,132300,3.0,True,mixed_sound_#_#,firetruck_329,0.6064203977584839,0.05947265625,1561.9872053333968,1872.0367879985643
mixed_sound_330.wav,mixed_sound_330,firetruck,516.8,9eb9726e9f85d33376f0543cddf5f558,44100,2,16,132300,3.0,True,mixed_sound_#,firetruck_330,0.6030807495117188,0.06607572115384615,1536.9379875346845,1826.5434247385774
mixed_sound_330_1.wav,mixed_sound_330_1,firetruck,516.8,09457b0b5cb611a48e5d8c298bceeb4f,44100,2,16,132300,3.0,True,mixed_sound_#_#,firetruck_330,0.582297682762146,0.06357797475961538,1656.4263990459176,1975.7929273509237
mixed_sound_331.wav,mixed_sound_331,firetruck,516.8,926df6086d2d9262820835cfa5c21ad3,44100,2,16,132300,3.0,True,mixed_sound_#,firetruck_331,0.34752050042152405,0.16020132211538463,2546.6502980496552,2299.7152434654204
mixed_sound_331_1.wav,mixed_sound_331_1,firetruck,516.8,7fbac4337015575e244148ead50ffe3a,44100,2,16,132300,3.0,True,mixed_sound_#_#,firetruck_331,0.5889230370521545,0.07465069110576923,1814.7314734397137,2086.8664495600656
mixed_sound_332.wav,mixed_sound_332,firetruck,516.8,b81d19076b8c10e40a65423c6a8df9ac,44100,2,16,132300,3.0,True,mixed_sound_#,firetruck_332,0.4060898423194885,0.13999774639423077,2505.5797328613994,2399.5278755808263
mixed_sound_332_1.wav,mixed_sound_332_1,firetruck,516.8,3494dfd429f85d782f2d1faeaff098af,44100,2,16,132300,3.0,True,mixed_sound_#_#,firetruck_332,0.5660425424575806,0.081982421875,1953.2932385908687,2211.1602152346327
mixed_sound_333.wav,mixed_sound_333,firetruck,516.8,4b53b99dc374075e25006b51616dbf19,44100,2,16,132300,3.0,True,mixed_sound_#,firetruck_333,0.4381011128425598,0.11776216947115385,2230.498597426713,2206.2524826788513
mixed_sound_333_1.wav,mixed_sound_333_1,firetruck,516.8,770cf1fb9138f7fe36438223f57d53b4,44100,2,16,132300,3.0,True,mixed_sound_#_#,firetruck_333,0.5770477056503296,0.0576171875,1572.5602635845505,1948.1721498374657
mixed_sound_334.wav,mixed_sound_334,firetruck,516.8,e75bfd984d9ceae86fc7b4b6a9211122,44100,2,16,132300,3.0,True,mixed_sound_#,firetruck_334,0.6072966456413269,0.049556790865384615,1341.1863075044134,1729.8322111576222
mixed_sound_334_1.wav,mixed_sound_334_1,firetruck,516.8,c675820ddde3049e01270f66a022cd0c,44100,2,16,132300,3.0,True,mixed_sound_#_#,firetruck_334,0.5758983492851257,0.06621844951923077,1518.8109731267396,1815.3796978790374
mixed_sound_335.wav,mixed_sound_335,firetruck,516.8,b0affe1193be32b18cee3dca0ead4002,44100,2,16,132300,3.0,True,mixed_sound_#,firetruck_335,0.39959830045700073,0.07685171274038462,1809.0927535841313,2153.081478652227
mixed_sound_335_1.wav,mixed_sound_335_1,firetruck,516.8,3b7b036ac48c27324cbeb6bc673bc512,44100,2,16,132300,3.0,True,mixed_sound_#_#,firetruck_335,0.4069977104663849,0.12192007211538461,2346.0762684526135,2403.564304136579
mixed_sound_336.wav,mixed_sound_336,firetruck,516.8,9c6ed920b5e75ec82bcc9f8b7a291967,44100,2,16,132300,3.0,True,mixed_sound_#,firetruck_336,0.4721001982688904,0.14642052283653847,2487.763343569893,2381.5107819617324
mixed_sound_336_1.wav,mixed_sound_336_1,firetruck,516.8,52f1690598dfc42a6478cef43dab8563,44100,2,16,132300,3.0,True,mixed_sound_#_#,firetruck_336,0.5652561187744141,0.11445688100961539,2275.1004607627106,2265.522624383042
mixed_sound_337.wav,mixed_sound_337,firetruck,516.8,6e916e35fb514bd507b0f2788fea8c05,44100,2,16,132300,3.0,True,mixed_sound_#,firetruck_337,0.5881099700927734,0.06349158653846154,1575.4977054201772,1973.5437457915893
mixed_sound_337_1.wav,mixed_sound_337_1,firetruck,516.8,3977e0e75d95bdf0e5e7d0098dad626d,44100,2,16,132300,3.0,True,mixed_sound_#_#,firetruck_337,0.5925164818763733,0.06775090144230769,1632.0602005152061,1932.7615924042318
mixed_sound_338.wav,mixed_sound_338,firetruck,516.8,8e5b4e676945f4ebaba4f368899aaa95,44100,2,16,132300,3.0,True,mixed_sound_#,firetruck_338,0.5856486558914185,0.06098257211538462,1303.866447346376,1648.0997059208717
mixed_sound_338_1.wav,mixed_sound_338_1,firetruck,516.8,3505b541f0f725015f018833f2462684,44100,2,16,132300,3.0,True,mixed_sound_#_#,firetruck_338,0.5859034657478333,0.07022235576923076,1469.9992187094647,1779.47736593588
mixed_sound_339.wav,mixed_sound_339,firetruck,516.8,f457ee2d04dad57ed97f61e5aa842267,44100,2,16,132300,3.0,True,mixed_sound_#,firetruck_339,0.6201984286308289,0.06073467548076923,1240.1270341956415,1522.0257748498175
mixed_sound_339_1.wav,mixed_sound_339_1,firetruck,516.8,bf52b68b69e914294cbb8e88ec64d37a,44100,2,16,132300,3.0,True,mixed_sound_#_#,firetruck_339,0.5828176140785217,0.10614858774038462,2280.896997621763,2345.314324772026
mixed_sound_340.wav,mixed_sound_340,firetruck,516.8,a7bea0b3df167ed1777189e8e99e3ce7,44100,2,16,132300,3.0,True,mixed_sound_#,firetruck_340,0.580772876739502,0.071337890625,2037.7616113991257,2250.0064775278665
mixed_sound_340_1.wav,mixed_sound_340_1,firetruck,516.8,e8810ad3e9b54a72389b651ea3f62344,44100,2,16,132300,3.0,True,mixed_sound_#_#,firetruck_340,0.6009584665298462,0.06086237980769231,1552.230543218823,1911.8366276178617
mixed_sound_341.wav,mixed_sound_341,firetruck,516.8,6435a7db43c175e3a04e4a8fd64f2687,44100,2,16,132300,3.0,True,mixed_sound_#,firetruck_341,0.4926412105560303,0.06745417668269231,1397.418241230673,1676.7437995746864
mixed_sound_341_1.wav,mixed_sound_341_1,firetruck,516.8,dac4265c847e8f432c622fba743afa39,44100,2,16,132300,3.0,True,mixed_sound_#_#,firetruck_341,0.541282057762146,0.09250676081730769,2184.3371750763226,2341.6636097450473
mixed_sound_342.wav,mixed_sound_342,firetruck,516.8,d0853919de7ede62ca8abffe16bb5696,44100,2,16,132300,3.0,True,mixed_sound_#,firetruck_342,0.4862016439437866,0.21534705528846154,2886.4928834638117,2456.323123639207
mixed_sound_342_1.wav,mixed_sound_342_1,firetruck,516.8,9ac53b6e6a65aed976685126d9a4a5f9,44100,2,16,132300,3.0,True,mixed_sound_#_#,firetruck_342,0.5182809829711914,0.07896634615384615,1569.4444511896797,1813.830333953654
mixed_sound_343.wav,mixed_sound_343,firetruck,516.8,ea29e8190a2cd8158b90a9987ca826a0,44100,2,16,132300,3.0,True,mixed_sound_#,firetruck_343,0.5741949081420898,0.07022611177884615,1452.223829672226,1714.4423221352054
mixed_sound_343_1.wav,mixed_sound_343_1,firetruck,516.8,1a9e55e2ca20c172108da921c60af8bd,44100,2,16,132300,3.0,True,mixed_sound_#_#,firetruck_343,0.573796272277832,0.06549353966346154,1489.5315502599278,1790.8874043818641
mixed_sound_344.wav,mixed_sound_344,firetruck,516.8,58c570f537a59750e5b5a3ad6b8ffca7,44100,2,16,132300,3.0,True,mixed_sound_#,firetruck_344,0.5504795908927917,0.06300706129807693,1764.4530782218,2175.201234330812
mixed_sound_344_1.wav,mixed_sound_344_1,firetruck,516.8,801cef0a075f769d851cfdb26e18ec68,44100,2,16,132300,3.0,True,mixed_sound_#_#,firetruck_344,0.3764110505580902,0.14295372596153846,2283.9466088076047,2206.908827912201
mixed_sound_345.wav,mixed_sound_345,firetruck,516.8,e8816240dae6e461c2460f744bad738d,44100,2,16,132300,3.0,True,mixed_sound_#,firetruck_345,0.5756667852401733,0.051036658653846156,1273.8060441394027,1616.920580760822
mixed_sound_345_1.wav,mixed_sound_345_1,firetruck,516.8,e52cd279679bff52095ac85bcb055dd3,44100,2,16,132300,3.0,True,mixed_sound_#_#,firetruck_345,0.5181573629379272,0.07940204326923077,1568.3680348078415,1795.0067021835869
mixed_sound_346.wav,mixed_sound_346,firetruck,516.8,6e4b41cbb30e70de4bf96f1419f26828,44100,2,16,132300,3.0,True,mixed_sound_#,firetruck_346,0.42068591713905334,0.16172626201923077,2544.1240133677106,2272.8458902205716
mixed_sound_346_1.wav,mixed_sound_346_1,firetruck,516.8,ed70a372edc814dd89eb0619810cb969,44100,2,16,132300,3.0,True,mixed_sound_#_#,firetruck_346,0.5278573632240295,0.14150390625,2430.484722941382,2280.308140597805
mixed_sound_347.wav,mixed_sound_347,firetruck,516.8,f1701b95685645f376ef38d5cb586153,44100,2,16,132300,3.0,True,mixed_sound_#,firetruck_347,0.34580177068710327,0.1175067608173077,2162.7689665601342,2244.6080815611217
mixed_sound_347_1.wav,mixed_sound_347_1,firetruck,516.8,fa7d30746dba0e9d3209640b50ab4712,44100,2,16,132300,3.0,True,mixed_sound_#_#,firetruck_347,0.5909285545349121,0.05964167668269231,1435.7514694134936,1778.4076634894934
mixed_sound_348.wav,mixed_sound_348,firetruck,516.8,80b32136897ca1c11fc6c0bd1caf3970,44100,2,16,132300,3.0,True,mixed_sound_#,firetruck_348,0.5017330646514893,0.064892578125,1299.757815524641,1592.0835775174373
mixed_sound_348_1.wav,mixed_sound_348_1,firetruck,516.8,92840aa4943cde4891675b949ecd5fd1,44100,2,16,132300,3.0,True,mixed_sound_#_#,firetruck_348,0.4866161644458771,0.13900615985576922,2445.3912318246794,2299.634423226254
mixed_sound_349.wav,mixed_sound_349,firetruck,516.8,f29874fd9ed1e8cde9d683b48d486b8c,44100,2,16,132300,3.0,True,mixed_sound_#,firetruck_349,0.6038128137588501,0.05366586538461538,1529.4079613093484,1956.494999242056
mixed_sound_349_1.wav,mixed_sound_349_1,firetruck,516.8,908fea56ec4c5640127440033f185108,44100,2,16,132300,3.0,True,mixed_sound_#_#,firetruck_349,0.5924113392829895,0.06505784254807692,1592.9281282260888,1962.170569547855
mixed_sound_350.wav,mixed_sound_350,firetruck,516.8,9da9927275364fa93d30b8842bc7a89a,44100,2,16,132300,3.0,True,mixed_sound_#,firetruck_350,0.5883913636207581,0.05824068509615385,1691.731379444637,2064.9166668946273
mixed_sound_350_1.wav,mixed_sound_350_1,firetruck,516.8,e9c0c4a8682f9bb4d576c3d9cb25d8c7,44100,2,16,132300,3.0,True,mixed_sound_#_#,firetruck_350,0.4545726478099823,0.166357421875,2623.2778311992533,2405.9731671500367
mixed_sound_351.wav,mixed_sound_351,firetruck,518.2,267a2728b718cd01808fcb87ae40bb66,44100,2,16,132652,3.007981859410431,True,mixed_sound_#,firetruck_351,0.5008832812309265,0.16640249399038462,2680.31763514353,2581.1295491467113
mixed_sound_351_1.wav,mixed_sound_351_1,firetruck,518.2,b7c2accf94366bb3324ac412b55850d0,44100,2,16,132652,3.007981859410431,True,mixed_sound_#_#,firetruck_351,0.5647664070129395,0.09149639423076923,2060.6320345626327,2234.3175384145234
mixed_sound_352.wav,mixed_sound_352,firetruck,518.2,02e7efd4d107f690d4cde40666076c2d,44100,2,16,132652,3.007981859410431,True,mixed_sound_#,firetruck_352,0.5625909566879272,0.05615234375,1403.5194966229624,1797.2798228586441
mixed_sound_352_1.wav,mixed_sound_352_1,firetruck,518.2,374ca5a6202e257f447a35bdd717a5ff,44100,2,16,132652,3.007981859410431,True,mixed_sound_#_#,firetruck_352,0.591205358505249,0.06656775841346153,1546.3591102636926,1905.7207576391954
mixed_sound_353.wav,mixed_sound_353,firetruck,518.2,cf2dc6aca17bb626305db6fc4f657484,44100,2,16,132652,3.007981859410431,True,mixed_sound_#,firetruck_353,0.5160261392593384,0.1268817608173077,2539.950864606584,2585.358255780141
mixed_sound_353_1.wav,mixed_sound_353_1,firetruck,518.2,a3cc2650ab8e125672c9dd53acadd3a5,44100,2,16,132652,3.007981859410431,True,mixed_sound_#_#,firetruck_353,0.53481525182724,0.12265625,2329.7456764665676,2340.7075986184636
mixed_sound_354.wav,mixed_sound_354,firetruck,518.2,7612f6e8445c30b390329718e8dfce2a,44100,2,16,132652,3.007981859410431,True,mixed_sound_#,firetruck_354,0.49609315395355225,0.07286283052884615,1834.9881293570973,2222.701456281654
mixed_sound_354_1.wav,mixed_sound_354_1,firetruck,518.2,814c0cf543873a9050b20914e184a27c,44100,2,16,132652,3.007981859410431,True,mixed_sound_#_#,firetruck_354,0.4787308871746063,0.08277869591346154,1865.9851214592018,2229.237984573291
mixed_sound_355.wav,mixed_sound_355,firetruck,518.2,9f42e5965bd5d12de53c2e8f3ef9942e,44100,2,16,132652,3.007981859410431,True,mixed_sound_#,firetruck_355,0.4862735867500305,0.06353665865384615,1630.97460751806,2106.510215577206
mixed_sound_355_1.wav,mixed_sound_355_1,firetruck,518.2,b429462beb2ae7fbb2412609088bb3a3,44100,2,16,132652,3.007981859410431,True,mixed_sound_#_#,firetruck_355,0.5523931384086609,0.07012469951923077,1656.573309824536,2059.7448886750362
mixed_sound_356.wav,mixed_sound_356,firetruck,518.2,60e475ad7ab6c44e9e2c2d5bf4d75630,44100,2,16,132652,3.007981859410431,True,mixed_sound_#,firetruck_356,0.5029463768005371,0.05792518028846154,1233.1386562656824,1623.7570600328881
mixed_sound_356_1.wav,mixed_sound_356_1,firetruck,518.2,ee07f37ee7b7624e2abcd12862a589ca,44100,2,16,132652,3.007981859410431,True,mixed_sound_#_#,firetruck_356,0.576633632183075,0.06727388822115385,1466.0750863603687,1773.8950457784447
mixed_sound_357.wav,mixed_sound_357,firetruck,518.2,e34d923cb23c9633c50bb491ad1bb06c,44100,2,16,132652,3.007981859410431,True,mixed_sound_#,firetruck_357,0.5946788787841797,0.08525015024038461,1673.485388357646,1928.5597684627094
mixed_sound_357_1.wav,mixed_sound_357_1,firetruck,518.2,bc8bed8aec3751f8c8530f7cf57076a8,44100,2,16,132652,3.007981859410431,True,mixed_sound_#_#,firetruck_357,0.49695587158203125,0.12588641826923078,2351.8891337217005,2323.7374392293336
mixed_sound_358.wav,mixed_sound_358,firetruck,518.2,474f8d2a980e1a254f8dd11f97e03cb3,44100,2,16,132652,3.007981859410431,True,mixed_sound_#,firetruck_358,0.5862189531326294,0.08668870192307693,1761.8497816058505,2012.4071771022125
mixed_sound_358_1.wav,mixed_sound_358_1,firetruck,518.2,1a6fb8c25bd24fc66d88ef8109fdc719,44100,2,16,132652,3.007981859410431,True,mixed_sound_#_#,firetruck_358,0.5306121110916138,0.14520733173076922,2485.2339660988087,2311.9456811681166
mixed_sound_359.wav,mixed_sound_359,firetruck,518.2,80b087bc6dd6240d70fbbc82e95e2784,44100,2,16,132652,3.007981859410431,True,mixed_sound_#,firetruck_359,0.4925529360771179,0.16627854567307693,2746.8841045072563,2553.9471759860617
mixed_sound_359_1.wav,mixed_sound_359_1,firetruck,518.2,1b29c46ff90d6ca5bd59da236f3d01d8,44100,2,16,132652,3.007981859410431,True,mixed_sound_#_#,firetruck_359,0.5341397523880005,0.08958082932692307,2058.889801179478,2214.3913819016348
mixed_sound_360.wav,mixed_sound_360,firetruck,518.2,756ae90eba601d0af1fef638fd15689f,44100,2,16,132652,3.007981859410431,True,mixed_sound_#,firetruck_360,0.5588259100914001,0.06294320913461539,1568.2464290580288,2018.2116461903188
mixed_sound_360_1.wav,mixed_sound_360_1,firetruck,518.2,d8c762299cfc7dfd9ea08b81e709117d,44100,2,16,132652,3.007981859410431,True,mixed_sound_#_#,firetruck_360,0.5129837989807129,0.08112605168269231,1739.8141269849975,2084.001848543583
mixed_sound_361.wav,mixed_sound_361,firetruck,518.2,5d289e60972e689a382aca90646817eb,44100,2,16,132652,3.007981859410431,True,mixed_sound_#,firetruck_361,0.5906161069869995,0.07469951923076923,1675.1858754839113,1952.3525641939245
mixed_sound_361_1.wav,mixed_sound_361_1,firetruck,518.2,cc47233167332f2dab020b2f90132080,44100,2,16,132652,3.007981859410431,True,mixed_sound_#_#,firetruck_361,0.47716009616851807,0.13001051682692308,2403.7423492919756,2311.7419308407725
mixed_sound_362.wav,mixed_sound_362,firetruck,518.2,6d08f7153eda89eafa383d0b3e37f772,44100,2,16,132652,3.007981859410431,True,mixed_sound_#,firetruck_362,0.5589877963066101,0.0833984375,1930.4435975994788,2259.9458972260068
mixed_sound_362_1.wav,mixed_sound_362_1,firetruck,518.2,a0b80c097b9cbcc71b0abfd081a6333f,44100,2,16,132652,3.007981859410431,True,mixed_sound_#_#,firetruck_362,0.5802321434020996,0.07626953125,1808.8507223148647,2145.240244579619
mixed_sound_363.wav,mixed_sound_363,firetruck,518.2,29f371bc19aa46170e8b86fa6033a343,44100,2,16,132652,3.007981859410431,True,mixed_sound_#,firetruck_363,0.5364355444908142,0.06293569711538462,1531.0691012345198,1926.5520133436876
mixed_sound_363_1.wav,mixed_sound_363_1,firetruck,518.2,7e3a2f0205473f88028510b4bec0693d,44100,2,16,132652,3.007981859410431,True,mixed_sound_#_#,firetruck_363,0.5642307996749878,0.10183668870192308,2243.424698064767,2362.10246495069
mixed_sound_364.wav,mixed_sound_364,firetruck,518.2,16f8eaed38352c27539dbd404ef8e372,44100,2,16,132652,3.007981859410431,True,mixed_sound_#,firetruck_364,0.3642687499523163,0.07727989783653846,1647.5830634839358,1988.0955271277917
mixed_sound_364_1.wav,mixed_sound_364_1,firetruck,518.2,6403c55aee7be7283a7884847aef2b90,44100,2,16,132652,3.007981859410431,True,mixed_sound_#_#,firetruck_364,0.5174950361251831,0.076708984375,1610.954537836807,1940.640179683017
mixed_sound_365.wav,mixed_sound_365,firetruck,518.2,f5cae116b2ffb02e1669df6b85580f66,44100,2,16,132652,3.007981859410431,True,mixed_sound_#,firetruck_365,0.5556848645210266,0.05953650841346154,1407.1674982382424,1747.5510386585024
mixed_sound_365_1.wav,mixed_sound_365_1,firetruck,518.2,08c45fc2a59e652b782e1cfb39867a36,44100,2,16,132652,3.007981859410431,True,mixed_sound_#_#,firetruck_365,0.49520933628082275,0.122900390625,2342.1398298508434,2329.1668806568173
mixed_sound_366.wav,mixed_sound_366,firetruck,518.2,eeaed558c607d4fa35f1b0620340cf5f,44100,2,16,132652,3.007981859410431,True,mixed_sound_#,firetruck_366,0.39014893770217896,0.12994290865384617,2484.728880499005,2544.0471830358065
mixed_sound_366_1.wav,mixed_sound_366_1,firetruck,518.2,1699d47c25feae106c8f8ea7afd2d6e7,44100,2,16,132652,3.007981859410431,True,mixed_sound_#_#,firetruck_366,0.4942072331905365,0.1119140625,2384.500987985383,2491.6533312246247
mixed_sound_367.wav,mixed_sound_367,firetruck,518.2,175925f06dc9aea028fe9cb3e952e79c,44100,2,16,132652,3.007981859410431,True,mixed_sound_#,firetruck_367,0.5407616496086121,0.11661658653846153,2362.1038652895486,2355.9481518467646
mixed_sound_367_1.wav,mixed_sound_367_1,firetruck,518.2,ced8200513a98782b44eeb39f582d3c7,44100,2,16,132652,3.007981859410431,True,mixed_sound_#_#,firetruck_367,0.5850362777709961,0.06287935697115385,1574.2527084713336,1956.4331115318855
mixed_sound_368.wav,mixed_sound_368,firetruck,518.2,d6b4d26d40a2cd241c973c289e96f1d9,44100,2,16,132652,3.007981859410431,True,mixed_sound_#,firetruck_368,0.531852126121521,0.09102313701923077,2163.279423252524,2349.507604526341
mixed_sound_368_1.wav,mixed_sound_368_1,firetruck,518.2,ffc03ca6ada59be8689c2526201a7233,44100,2,16,132652,3.007981859410431,True,mixed_sound_#_#,firetruck_368,0.5759816765785217,0.062646484375,1572.6507948865692,1947.9825378786672
mixed_sound_369.wav,mixed_sound_369,firetruck,518.2,7201271dab358dde584e0953c4ae85a5,44100,2,16,132652,3.007981859410431,True,mixed_sound_#,firetruck_369,0.5910024046897888,0.05526592548076923,1327.4292855736603,1724.222166444569
mixed_sound_369_1.wav,mixed_sound_369_1,firetruck,518.2,a400582cd34c3cf411871c391e2931fc,44100,2,16,132652,3.007981859410431,True,mixed_sound_#_#,firetruck_369,0.49996718764305115,0.21969275841346153,2907.4061315152703,2517.9630517225337
mixed_sound_370.wav,mixed_sound_370,firetruck,518.2,3a1beb3c222edd7bfb2eb0b87efb2522,44100,2,16,132652,3.007981859410431,True,mixed_sound_#,firetruck_370,0.5846512913703918,0.1099384014423077,2379.396920111642,2376.5225517681
mixed_sound_370_1.wav,mixed_sound_370_1,firetruck,518.2,288fec15057f555d6922dea48638bc10,44100,2,16,132652,3.007981859410431,True,mixed_sound_#_#,firetruck_370,0.5912371873855591,0.06970402644230769,1563.8811082711134,1882.6894283868096
mixed_sound_371.wav,mixed_sound_371,firetruck,518.2,add04e067d8c33fcd4b612226650c7b1,44100,2,16,132652,3.007981859410431,True,mixed_sound_#,firetruck_371,0.5618299245834351,0.113427734375,2266.9906741715063,2303.6729441842144
mixed_sound_371_1.wav,mixed_sound_371_1,firetruck,518.2,0fb3b51a458bfd5df31bc6fe3c57533d,44100,2,16,132652,3.007981859410431,True,mixed_sound_#_#,firetruck_371,0.5987016558647156,0.06263521634615385,1481.635802237235,1837.7880170154635
mixed_sound_372.wav,mixed_sound_372,firetruck,518.2,de2f03f7a7d515803d140ec06e246b2d,44100,2,16,132652,3.007981859410431,True,mixed_sound_#,firetruck_372,0.5353238582611084,0.10929236778846153,2311.3982697030456,2351.3997173559906
mixed_sound_372_1.wav,mixed_sound_372_1,firetruck,518.2,efc466e98c50b6f6b985a80c7d9f08f1,44100,2,16,132652,3.007981859410431,True,mixed_sound_#_#,firetruck_372,0.4561270475387573,0.15344801682692308,2637.709733412846,2573.8813647161173
mixed_sound_373.wav,mixed_sound_373,firetruck,518.2,409d5a669513351355c56ee445b041b9,44100,2,16,132652,3.007981859410431,True,mixed_sound_#,firetruck_373,0.40035995841026306,0.11742037259615384,2444.2466014439365,2521.790011362973
mixed_sound_373_1.wav,mixed_sound_373_1,firetruck,518.2,3781ad3714a9f5a3e002d333050f094f,44100,2,16,132652,3.007981859410431,True,mixed_sound_#_#,firetruck_373,0.5637385249137878,0.07009089543269231,1603.4614729753764,1957.1244423603507
mixed_sound_374.wav,mixed_sound_374,firetruck,518.2,616991dac5c3c0735c11100ad5098652,44100,2,16,132652,3.007981859410431,True,mixed_sound_#,firetruck_374,0.5631471872329712,0.07609299879807692,1793.7441801322677,2102.6774951933753
mixed_sound_374_1.wav,mixed_sound_374_1,firetruck,518.2,280a273b87a969ddf1daba6de2811326,44100,2,16,132652,3.007981859410431,True,mixed_sound_#_#,firetruck_374,0.5015257000923157,0.12433894230769231,2375.6616316657514,2363.882170284263
mixed_sound_375.wav,mixed_sound_375,firetruck,518.2,647e649e1b59e9a3f0d248bd77fb7e3d,44100,2,16,132652,3.007981859410431,True,mixed_sound_#,firetruck_375,0.5461182594299316,0.045323768028846155,1306.921503538204,1652.8687151012566
mixed_sound_375_1.wav,mixed_sound_375_1,firetruck,518.2,ad28987d64ccc8f5d1b26cfb024d14dd,44100,2,16,132652,3.007981859410431,True,mixed_sound_#_#,firetruck_375,0.5035805106163025,0.07970252403846154,1587.1583793846016,1823.9029840210821
mixed_sound_376.wav,mixed_sound_376,firetruck,518.2,20945a4e66966bf0a80ca304934cb8da,44100,2,16,132652,3.007981859410431,True,mixed_sound_#,firetruck_376,0.5337384939193726,0.08908879206730769,1729.2553117348264,1992.4477091387575
mixed_sound_376_1.wav,mixed_sound_376_1,firetruck,518.2,39c66fc2f988577e47076727987062ac,44100,2,16,132652,3.007981859410431,True,mixed_sound_#_#,firetruck_376,0.5577027797698975,0.071533203125,1607.00034843222,1923.2959564785192
mixed_sound_377.wav,mixed_sound_377,firetruck,518.2,c5a9e4cad1041128defeb7cb485d2307,44100,2,16,132652,3.007981859410431,True,mixed_sound_#,firetruck_377,0.5697195529937744,0.07706204927884615,1587.9819153522285,1936.4616820327553
mixed_sound_377_1.wav,mixed_sound_377_1,firetruck,518.2,13575effaffa8b537c5799be083609af,44100,2,16,132652,3.007981859410431,True,mixed_sound_#_#,firetruck_377,0.5605953931808472,0.10077749399038462,2248.039961146297,2408.499691297541
mixed_sound_378.wav,mixed_sound_378,firetruck,518.2,1809e818595ef98af965b520f489e577,44100,2,16,132652,3.007981859410431,True,mixed_sound_#,firetruck_378,0.5466883778572083,0.11658278245192308,2413.786294409377,2384.5172463099348
mixed_sound_378_1.wav,mixed_sound_378_1,firetruck,518.2,038e2bc9262a9ccdce90f7fb4259111d,44100,2,16,132652,3.007981859410431,True,mixed_sound_#_#,firetruck_378,0.5683495402336121,0.11508037860576924,2242.074492482711,2260.231720637691
mixed_sound_379.wav,mixed_sound_379,firetruck,518.2,35cd5eb44424f3b8ff9f7e23a3326b68,44100,2,16,132652,3.007981859410431,True,mixed_sound_#,firetruck_379,0.4276729226112366,0.09780649038461539,1418.749544828183,1621.1782500631239
mixed_sound_379_1.wav,mixed_sound_379_1,firetruck,518.2,f133d6e4fe843913128e5bfcb9d122b3,44100,2,16,132652,3.007981859410431,True,mixed_sound_#_#,firetruck_379,0.5720900297164917,0.07764047475961539,1582.5884352217017,1826.790319230982
mixed_sound_380.wav,mixed_sound_380,firetruck,518.2,d6451f5acd1686391dadebfe9a6ea38b,44100,2,16,132652,3.007981859410431,True,mixed_sound_#,firetruck_380,0.5111032724380493,0.12445913461538462,2544.782763835866,2586.149291634369
mixed_sound_380_1.wav,mixed_sound_380_1,firetruck,518.2,80a5204a9ad3fc0cd854293bbe812710,44100,2,16,132652,3.007981859410431,True,mixed_sound_#_#,firetruck_380,0.4850367605686188,0.1700420673076923,2795.5190508363125,2454.5622581389794
mixed_sound_381.wav,mixed_sound_381,firetruck,518.2,8ee3684953b64744b1ce2f5074abffcd,44100,2,16,132652,3.007981859410431,True,mixed_sound_#,firetruck_381,0.5796399712562561,0.056798377403846155,1537.7207169738165,1986.8398133354892
mixed_sound_381_1.wav,mixed_sound_381_1,firetruck,518.2,382bcf85b14c91a5e83db3af53c3ca7e,44100,2,16,132652,3.007981859410431,True,mixed_sound_#_#,firetruck_381,0.3165311813354492,0.14652569110576924,2567.3117325444778,2394.1912737387966
mixed_sound_382.wav,mixed_sound_382,firetruck,518.2,171b4cb9b5b8524909c28fa11e988e65,44100,2,16,132652,3.007981859410431,True,mixed_sound_#,firetruck_382,0.551004946231842,0.06835186298076923,1670.8238959509185,2028.1289623652553
mixed_sound_382_1.wav,mixed_sound_382_1,firetruck,518.2,99d76bba6584e049baf2959b9b6cca75,44100,2,16,132652,3.007981859410431,True,mixed_sound_#_#,firetruck_382,0.47391170263290405,0.14303635817307692,2606.885072711872,2477.49465416547
mixed_sound_383.wav,mixed_sound_383,firetruck,518.2,6952c802d94cd5d4ee4931cd6b72b2e6,44100,2,16,132652,3.007981859410431,True,mixed_sound_#,firetruck_383,0.498637318611145,0.22464693509615385,3127.068951102704,2606.687101340482
mixed_sound_383_1.wav,mixed_sound_383_1,firetruck,518.2,5d4300b3d80e6362b0eae9d8fff670d7,44100,2,16,132652,3.007981859410431,True,mixed_sound_#_#,firetruck_383,0.4951299726963043,0.11074594350961539,2073.753619208468,2132.9308950735463
mixed_sound_384.wav,mixed_sound_384,firetruck,518.2,e05b1a035ca3d778fd9689b2efc444b2,44100,2,16,132652,3.007981859410431,True,mixed_sound_#,firetruck_384,0.3733201026916504,0.21591796875,2908.671821860635,2481.1165682371616
mixed_sound_384_1.wav,mixed_sound_384_1,firetruck,518.2,aba6f5baec0c21900e9b472cd2e6aaa7,44100,2,16,132652,3.007981859410431,True,mixed_sound_#_#,firetruck_384,0.5731399655342102,0.088623046875,2155.647000088333,2364.556507567294
mixed_sound_385.wav,mixed_sound_385,firetruck,518.2,ca1fb4338537e5cd8f3044dcdb7f7bad,44100,2,16,132652,3.007981859410431,True,mixed_sound_#,firetruck_385,0.5804823637008667,0.09249924879807692,2281.562357270764,2459.07752545093
mixed_sound_385_1.wav,mixed_sound_385_1,firetruck,518.2,3e193b917d161d184be3a98618917478,44100,2,16,132652,3.007981859410431,True,mixed_sound_#_#,firetruck_385,0.5322378277778625,0.06421274038461539,1451.971576765782,1804.1678100563147
mixed_sound_386.wav,mixed_sound_386,firetruck,518.2,34f83a280ddd2dbf244f2f7b9f10e580,44100,2,16,132652,3.007981859410431,True,mixed_sound_#,firetruck_386,0.46682992577552795,0.10969801682692308,2397.881865576575,2520.627765559182
mixed_sound_386_1.wav,mixed_sound_386_1,firetruck,518.2,9a3aca47f0794ff6f734355860d9776d,44100,2,16,132652,3.007981859410431,True,mixed_sound_#_#,firetruck_386,0.3854149878025055,0.2147235576923077,3024.146702350565,2555.120056086878
mixed_sound_387.wav,mixed_sound_387,firetruck,518.2,c6a7649b12330bd097e4e9d81a52e135,44100,2,16,132652,3.007981859410431,True,mixed_sound_#,firetruck_387,0.5201696753501892,0.12861328125,2407.3150217850452,2475.0934252440647
mixed_sound_387_1.wav,mixed_sound_387_1,firetruck,518.2,ead8c0b581a5f5d815a5804f08f2cf09,44100,2,16,132652,3.007981859410431,True,mixed_sound_#_#,firetruck_387,0.6036490797996521,0.05276066706730769,1387.875854895427,1780.730576666505
mixed_sound_388.wav,mixed_sound_388,firetruck,518.2,d6fa728d48ed6bd8e9c6d3106224b856,44100,2,16,132652,3.007981859410431,True,mixed_sound_#,firetruck_388,0.532454252243042,0.0771747295673077,1610.2933347760502,1949.6870017675683
mixed_sound_388_1.wav,mixed_sound_388_1,firetruck,518.2,b985bb67d41af24d837d15c8a610d90d,44100,2,16,132652,3.007981859410431,True,mixed_sound_#_#,firetruck_388,0.5710429549217224,0.06076472355769231,1719.8963099217378,2072.048240721477
mixed_sound_389.wav,mixed_sound_389,firetruck,518.2,d4701b76a96bc8e559009891ddf0cb03,44100,2,16,132652,3.007981859410431,True,mixed_sound_#,firetruck_389,0.6029332280158997,0.08228290264423077,1436.1133144643713,1738.0353898048697
mixed_sound_389_1.wav,mixed_sound_389_1,firetruck,518.2,01f43057b0fa73ad7b41c6c5e59a96ba,44100,2,16,132652,3.007981859410431,True,mixed_sound_#_#,firetruck_389,0.565148115158081,0.07901893028846153,1454.341050289655,1769.3775181069825
mixed_sound_390.wav,mixed_sound_390,firetruck,518.2,ebee8bdcf2b0e36a92777a6d9bb3672b,44100,2,16,132652,3.007981859410431,True,mixed_sound_#,firetruck_390,0.5687041282653809,0.07875600961538462,1804.486123959343,2112.631703944193
mixed_sound_390_1.wav,mixed_sound_390_1,firetruck,518.2,c0949fd80c8e98d2456f392c48740573,44100,2,16,132652,3.007981859410431,True,mixed_sound_#_#,firetruck_390,0.5030785202980042,0.09043344350961538,1901.830097991323,2169.3476154351542
mixed_sound_391.wav,mixed_sound_391,firetruck,518.2,f97273ac69f19f1c6d1b9e869eeadd05,44100,2,16,132652,3.007981859410431,True,mixed_sound_#,firetruck_391,0.5979752540588379,0.06894155649038461,1694.6821120324787,2140.0094160734284
mixed_sound_391_1.wav,mixed_sound_391_1,firetruck,518.2,e65f8f649d39983939e32e0eff48ccf1,44100,2,16,132652,3.007981859410431,True,mixed_sound_#_#,firetruck_391,0.5907246470451355,0.06925706129807692,1718.6434059339902,2138.5757089625213
mixed_sound_392.wav,mixed_sound_392,firetruck,518.2,1d48403f43a76e7ff648c0dc6153bd32,44100,2,16,132652,3.007981859410431,True,mixed_sound_#,firetruck_392,0.5555776953697205,0.07325345552884616,1737.8848223137245,2119.9919853825754
mixed_sound_392_1.wav,mixed_sound_392_1,firetruck,518.2,f2ee9bc75e29abfacc6a54fc99367120,44100,2,16,132652,3.007981859410431,True,mixed_sound_#_#,firetruck_392,0.5717650055885315,0.06915564903846154,1760.6291299856737,2132.782723278546
mixed_sound_393.wav,mixed_sound_393,firetruck,518.2,299e639c383406a5abb4e2c38370f3be,44100,2,16,132652,3.007981859410431,True,mixed_sound_#,firetruck_393,0.536448061466217,0.07208909254807692,1587.2489102736056,1967.0831044485649
mixed_sound_393_1.wav,mixed_sound_393_1,firetruck,518.2,70620c40e6f1e74513ed41df1ae273f5,44100,2,16,132652,3.007981859410431,True,mixed_sound_#_#,firetruck_393,0.37997007369995117,0.20704251802884616,2873.882317625608,2395.0231813899923
mixed_sound_394.wav,mixed_sound_394,firetruck,518.2,d9d1b3d3e4e24a28b376746cfd04127b,44100,2,16,132652,3.007981859410431,True,mixed_sound_#,firetruck_394,0.508054792881012,0.10563025841346153,1955.6424791719812,2085.826436223883
mixed_sound_394_1.wav,mixed_sound_394_1,firetruck,518.2,0568bc860e26ccc2747d0bf5a354e80f,44100,2,16,132652,3.007981859410431,True,mixed_sound_#_#,firetruck_394,0.3470506966114044,0.1464167668269231,2452.47613136372,2373.8676923890034
mixed_sound_395.wav,mixed_sound_395,firetruck,518.2,ec84bf8f2124dc0d1dbf6daac13a02c6,44100,2,16,132652,3.007981859410431,True,mixed_sound_#,firetruck_395,0.6183119416236877,0.05529221754807692,1159.8114923438384,1500.2347771592172
mixed_sound_395_1.wav,mixed_sound_395_1,firetruck,518.2,1a729d6301e60ae5386d76d06231662d,44100,2,16,132652,3.007981859410431,True,mixed_sound_#_#,firetruck_395,0.5879507064819336,0.060069861778846156,1433.9759505650925,1794.356604700105
mixed_sound_396.wav,mixed_sound_396,firetruck,518.2,2ec45e0a2d803fee0e8c56ea28317b6b,44100,2,16,132652,3.007981859410431,True,mixed_sound_#,firetruck_396,0.5537263751029968,0.11349534254807692,2308.6285491590784,2324.380482316765
mixed_sound_396_1.wav,mixed_sound_396_1,firetruck,518.2,17beaa702d2b421be3351a7a41f5f739,44100,2,16,132652,3.007981859410431,True,mixed_sound_#_#,firetruck_396,0.4583219289779663,0.1265587439903846,2309.3705309464317,2250.0497766154494
mixed_sound_397.wav,mixed_sound_397,firetruck,518.2,2345ef48b2dc0674221ca29ac51c03ed,44100,2,16,132652,3.007981859410431,True,mixed_sound_#,firetruck_397,0.40091222524642944,0.15123948317307692,2547.8558538053885,2426.909221248813
mixed_sound_397_1.wav,mixed_sound_397_1,firetruck,518.2,974557433e4c16bd555794c8c31baaf7,44100,2,16,132652,3.007981859410431,True,mixed_sound_#_#,firetruck_397,0.5311136841773987,0.11794245793269231,2346.8441321415085,2343.5891794658446
mixed_sound_398.wav,mixed_sound_398,firetruck,518.2,b9cbec3ca7b88730ad32b53ed0840c14,44100,2,16,132652,3.007981859410431,True,mixed_sound_#,firetruck_398,0.5805914998054504,0.07740384615384616,2366.734042491748,2521.701848992748
mixed_sound_398_1.wav,mixed_sound_398_1,firetruck,518.2,f7917484795b51af7b51adb6bea3dfeb,44100,2,16,132652,3.007981859410431,True,mixed_sound_#_#,firetruck_398,0.5619482398033142,0.06493389423076923,1470.571765102383,1867.5995686341948
mixed_sound_399.wav,mixed_sound_399,firetruck,518.2,5875e0adf67bcb7d4650d6e9aa3bc6d5,44100,2,16,132652,3.007981859410431,True,mixed_sound_#,firetruck_399,0.5626385807991028,0.08461538461538462,2078.129386435731,2315.8433421997033
mixed_sound_399_1.wav,mixed_sound_399_1,firetruck,518.2,41d9927da52c8cdc1b5924db2fb44c57,44100,2,16,132652,3.007981859410431,True,mixed_sound_#_#,firetruck_399,0.3790375292301178,0.13226412259615383,2184.641733484013,2182.784853268839
mixed_sound_400.wav,mixed_sound_400,firetruck,518.2,a93ed3ec6192864cd5d0ed58407f15f9,44100,2,16,132652,3.007981859410431,True,mixed_sound_#,firetruck_400,0.6303199529647827,0.08149789663461539,1440.8830655056006,1643.939964803606
mixed_sound_400_1.wav,mixed_sound_400_1,firetruck,518.2,360953bd23d98bc30501557a743b7cf8,44100,2,16,132652,3.007981859410431,True,mixed_sound_#_#,firetruck_400,0.5203729271888733,0.10615609975961539,1761.356597206005,1842.6210533730018
mixed_sound_601.wav,mixed_sound_601,police,516.8,81da4311b58664e62efbb161e947e3e7,44100,2,16,132300,3.0,True,mixed_sound_#,police_601,0.5907379388809204,0.04930889423076923,1158.985898780867,1578.219120057811
mixed_sound_601_1.wav,mixed_sound_601_1,police,516.8,4e021a94cd9b06e5a571857d21779450,44100,2,16,132300,3.0,True,mixed_sound_#_#,police_601,0.5526620149612427,0.09727313701923077,2204.2691311602543,2303.308184341804
mixed_sound_602.wav,mixed_sound_602,police,516.8,4a6fa22d414d12d4f1c8a7a53b789848,44100,2,16,132300,3.0,True,mixed_sound_#,police_602,0.4535936415195465,0.09317157451923076,2212.177003772281,2404.3802238331027
mixed_sound_602_1.wav,mixed_sound_602_1,police,516.8,0dd1f2f8f59d9e345a34a5d63cdc25b1,44100,2,16,132300,3.0,True,mixed_sound_#_#,police_602,0.5598769783973694,0.06754807692307692,1389.0346118527275,1691.0657430798635
mixed_sound_603.wav,mixed_sound_603,police,516.8,3f95c4efd012370543b60ebd0964449c,44100,2,16,132300,3.0,True,mixed_sound_#,police_603,0.5958989262580872,0.09510591947115385,2164.1183287058993,2297.5257750915503
mixed_sound_603_1.wav,mixed_sound_603_1,police,516.8,1517dc99138ff0d594be49d4faf397be,44100,2,16,132300,3.0,True,mixed_sound_#_#,police_603,0.5491520762443542,0.10351938100961539,2115.201138125249,2205.1362108071435
mixed_sound_604.wav,mixed_sound_604,police,516.8,f01879f1a49238b109bc6d6df8856c6b,44100,2,16,132300,3.0,True,mixed_sound_#,police_604,0.4840454161167145,0.1591271033653846,2571.413602724681,2547.9240073014325
mixed_sound_604_1.wav,mixed_sound_604_1,police,516.8,c98cea461587e08033cde7b1bd0eaafd,44100,2,16,132300,3.0,True,mixed_sound_#_#,police_604,0.42196452617645264,0.11019005408653847,2118.972988156043,2195.2208580837746
mixed_sound_605.wav,mixed_sound_605,police,516.8,a78a976052c3bc2a3583020b02295609,44100,2,16,132300,3.0,True,mixed_sound_#,police_605,0.3451445996761322,0.21256009615384616,2753.5362368348337,2335.7582306241266
mixed_sound_605_1.wav,mixed_sound_605_1,police,516.8,234bf3a5afdd7a2b7b620536d2a5f512,44100,2,16,132300,3.0,True,mixed_sound_#_#,police_605,0.57049161195755,0.07099233774038462,1506.813130544547,1774.2509680003222
mixed_sound_606.wav,mixed_sound_606,police,516.8,cb19adbbe680f04715f99062c5915d30,44100,2,16,132300,3.0,True,mixed_sound_#,police_606,0.5112276673316956,0.049628155048076925,1053.2752335966122,1393.4580725734643
mixed_sound_606_1.wav,mixed_sound_606_1,police,516.8,bc6f635cf5d6acd074793ad27cb17385,44100,2,16,132300,3.0,True,mixed_sound_#_#,police_606,0.5280491709709167,0.08592623197115384,2149.461524148968,2388.4488783682355
mixed_sound_607.wav,mixed_sound_607,police,516.8,8fbf8a39bcc482a60cca06f8c3171b54,44100,2,16,132300,3.0,True,mixed_sound_#,police_607,0.4876771867275238,0.1342510516826923,2357.6515602402064,2283.8875278314304
mixed_sound_607_1.wav,mixed_sound_607_1,police,516.8,2a45e28f3698fba35536aae721f09361,44100,2,16,132300,3.0,True,mixed_sound_#_#,police_607,0.38009724020957947,0.12285907451923077,2307.1794076404544,2377.396525947111
mixed_sound_608.wav,mixed_sound_608,police,516.8,f8775c522325b1070e9010401069e072,44100,2,16,132300,3.0,True,mixed_sound_#,police_608,0.5928241014480591,0.038968599759615384,1135.5161639035023,1630.9432482149202
mixed_sound_608_1.wav,mixed_sound_608_1,police,516.8,69445452d1abed7d0b184900df099e26,44100,2,16,132300,3.0,True,mixed_sound_#_#,police_608,0.5609269142150879,0.05806039663461538,1341.8862950960308,1731.914104834998
mixed_sound_609.wav,mixed_sound_609,police,516.8,c363dc8f1fbd4fea64a38a9da4db8f63,44100,2,16,132300,3.0,True,mixed_sound_#,police_609,0.5327088832855225,0.10603590745192308,2191.7422522195366,2262.8352358654597
mixed_sound_609_1.wav,mixed_sound_609_1,police,516.8,84c88cf227a6dcc5d05dc60c0de6e1ea,44100,2,16,132300,3.0,True,mixed_sound_#_#,police_609,0.5104994773864746,0.09602989783653847,1869.8697519271373,2133.586062596185
mixed_sound_610.wav,mixed_sound_610,police,516.8,a8c0b47711c0955be6aa919bca16e41c,44100,2,16,132300,3.0,True,mixed_sound_#,police_610,0.48481011390686035,0.16170372596153845,2592.9588641299724,2581.8323328129045
mixed_sound_610_1.wav,mixed_sound_610_1,police,516.8,947141d21af7e3ec88f3430a5e9db719,44100,2,16,132300,3.0,True,mixed_sound_#_#,police_610,0.4740678071975708,0.12091346153846154,2237.7635324554803,2221.5133878508805
mixed_sound_611.wav,mixed_sound_611,police,516.8,9fa96665d55140858c18d8f762861823,44100,2,16,132300,3.0,True,mixed_sound_#,police_611,0.48223888874053955,0.18018704927884616,2886.657359330274,2547.493302836674
mixed_sound_611_1.wav,mixed_sound_611_1,police,516.8,4ece0c5707d29610a678672b216a253c,44100,2,16,132300,3.0,True,mixed_sound_#_#,police_611,0.5641010999679565,0.08418344350961539,1968.139511458128,2183.3872111929018
mixed_sound_612.wav,mixed_sound_612,police,516.8,02f7f4c1a38d28ce2a43e778d8b1abc0,44100,2,16,132300,3.0,True,mixed_sound_#,police_612,0.504189670085907,0.03876577524038462,964.752086757066,1350.2995757222077
mixed_sound_612_1.wav,mixed_sound_612_1,police,516.8,2b09ad1352c0cb91099a8dfec3bf727e,44100,2,16,132300,3.0,True,mixed_sound_#_#,police_612,0.5404532551765442,0.11169621394230769,2204.801579213371,2252.341194163286
mixed_sound_613.wav,mixed_sound_613,police,516.8,9165c8c27cf507ed84f55ebd7de87a31,44100,2,16,132300,3.0,True,mixed_sound_#,police_613,0.49129053950309753,0.2218299278846154,2954.3721537094384,2564.314299477378
mixed_sound_613_1.wav,mixed_sound_613_1,police,516.8,7275eb1105c50fd257498eca6d2edfe8,44100,2,16,132300,3.0,True,mixed_sound_#_#,police_613,0.46157607436180115,0.2126727764423077,2864.4435455479193,2478.754517143799
mixed_sound_614.wav,mixed_sound_614,police,516.8,1d39182c1537b7acfcfd3f41a1d9ea18,44100,2,16,132300,3.0,True,mixed_sound_#,police_614,0.556300938129425,0.09604116586538461,2244.3992345170996,2438.915120704679
mixed_sound_614_1.wav,mixed_sound_614_1,police,516.8,6d83555dbf5a09231112c4658839c760,44100,2,16,132300,3.0,True,mixed_sound_#_#,police_614,0.49079203605651855,0.12694561298076923,2363.343760249373,2321.4556294959325
mixed_sound_615.wav,mixed_sound_615,police,516.8,ee1c95308d8fb8cf7b1f8c5a960879c3,44100,2,16,132300,3.0,True,mixed_sound_#,police_615,0.5702865719795227,0.05689978966346154,1186.5113109717815,1510.1358886752828
mixed_sound_615_1.wav,mixed_sound_615_1,police,516.8,eff0d5db0421a4c767431ff62cd3bede,44100,2,16,132300,3.0,True,mixed_sound_#_#,police_615,0.5311233401298523,0.06014873798076923,1337.6652993877974,1726.8173507628774
mixed_sound_616.wav,mixed_sound_616,police,516.8,cd5c6442566b8244c94ab667688c493c,44100,2,16,132300,3.0,True,mixed_sound_#,police_616,0.5101508498191833,0.03775165264423077,955.7524922966265,1338.4783907705944
mixed_sound_616_1.wav,mixed_sound_616_1,police,516.8,c46e05c8f9e5d8f3a1d55258b3c914be,44100,2,16,132300,3.0,True,mixed_sound_#_#,police_616,0.49098122119903564,0.21796123798076922,2901.701232355376,2525.7768244601025
mixed_sound_617.wav,mixed_sound_617,police,516.8,0401967a24ae831df5d3ee706a5cf449,44100,2,16,132300,3.0,True,mixed_sound_#,police_617,0.5167829990386963,0.10416541466346153,2352.9286776531567,2467.893707655544
mixed_sound_617_1.wav,mixed_sound_617_1,police,516.8,0c368f8c8717b933caa8a4ffb276d33b,44100,2,16,132300,3.0,True,mixed_sound_#_#,police_617,0.4666098356246948,0.11803635817307692,2228.2012615391895,2310.106033188662
mixed_sound_618.wav,mixed_sound_618,police,516.8,ef7248b475b6de2f96ec502ed3f82cea,44100,2,16,132300,3.0,True,mixed_sound_#,police_618,0.49920719861984253,0.04333683894230769,972.1913223061775,1356.2169435085837
mixed_sound_618_1.wav,mixed_sound_618_1,police,516.8,a4e1bb919119aab65f2bc24c9d43b3c0,44100,2,16,132300,3.0,True,mixed_sound_#_#,police_618,0.5263181328773499,0.05386493389423077,1336.5560188490426,1737.5591821657567
mixed_sound_619.wav,mixed_sound_619,police,516.8,2b803864c56b42dcf4e1a44bc5ae104b,44100,2,16,132300,3.0,True,mixed_sound_#,police_619,0.4844876229763031,0.09701772836538461,2172.4741840530364,2371.1057794706176
mixed_sound_619_1.wav,mixed_sound_619_1,police,516.8,93b5e941fed59061b3fcf3e6fb977d56,44100,2,16,132300,3.0,True,mixed_sound_#_#,police_619,0.5671114325523376,0.049447866586538464,1349.6814329550077,1783.5294489960586
mixed_sound_620.wav,mixed_sound_620,police,516.8,55493822ae309980e4fcb9f9b5cab77f,44100,2,16,132300,3.0,True,mixed_sound_#,police_620,0.5715869069099426,0.033642578125,893.5732230039064,1244.7782813630238
mixed_sound_620_1.wav,mixed_sound_620_1,police,516.8,a048f29042fdb97fd1c2783792d6460e,44100,2,16,132300,3.0,True,mixed_sound_#_#,police_620,0.5381604433059692,0.05841346153846154,1312.1253501073552,1698.239370518539
mixed_sound_621.wav,mixed_sound_621,police,516.8,db5c1c178c6806a71e23f13f16ed3a57,44100,2,16,132300,3.0,True,mixed_sound_#,police_621,0.5001475811004639,0.045154747596153844,972.8647791008975,1355.772404433459
mixed_sound_621_1.wav,mixed_sound_621_1,police,516.8,387c697976fb202d073e3132b8f4a909,44100,2,16,132300,3.0,True,mixed_sound_#_#,police_621,0.5651648640632629,0.09647310697115384,2065.5623498474183,2206.0504591460467
mixed_sound_622.wav,mixed_sound_622,police,516.8,cc7e57337ec6b82c77fda3794b8af97d,44100,2,16,132300,3.0,True,mixed_sound_#,police_622,0.40234991908073425,0.09847506009615385,2064.671337192765,2250.676935713814
mixed_sound_622_1.wav,mixed_sound_622_1,police,516.8,0fdaf196ecf6c5cf3498b7553da8362e,44100,2,16,132300,3.0,True,mixed_sound_#_#,police_622,0.5009036660194397,0.09401292067307693,1735.508517178173,1884.657142999389
mixed_sound_623.wav,mixed_sound_623,police,516.8,53bbe9c5cbe8c0a83d91ae4f37d094be,44100,2,16,132300,3.0,True,mixed_sound_#,police_623,0.5907483100891113,0.045008263221153845,1078.0192580868154,1452.0329824415533
mixed_sound_623_1.wav,mixed_sound_623_1,police,516.8,85bb0e7f4426baa76e312fec6339ac3d,44100,2,16,132300,3.0,True,mixed_sound_#_#,police_623,0.5394154191017151,0.08446138822115384,2136.8237178795084,2413.7930071051296
mixed_sound_624.wav,mixed_sound_624,police,516.8,e918a1175a2b069aa7c5821fe24f9181,44100,2,16,132300,3.0,True,mixed_sound_#,police_624,0.5011240243911743,0.11337515024038461,2223.242240114472,2221.8006551548783
mixed_sound_624_1.wav,mixed_sound_624_1,police,516.8,09d8f2885afa36099d55ba10a2e82266,44100,2,16,132300,3.0,True,mixed_sound_#_#,police_624,0.5290887355804443,0.12064302884615384,2289.966112688249,2383.521145699721
mixed_sound_625.wav,mixed_sound_625,police,516.8,7b3b0f4dcf3bc21c3982c81e1da6fe78,44100,2,16,132300,3.0,True,mixed_sound_#,police_625,0.5299994945526123,0.10552884615384615,2189.194285516578,2258.8089156340134
mixed_sound_625_1.wav,mixed_sound_625_1,police,516.8,c9ef2502a15c028f43d9bf665d13e3c6,44100,2,16,132300,3.0,True,mixed_sound_#_#,police_625,0.5328148007392883,0.06107647235576923,1324.2208388705237,1675.9839984937073
mixed_sound_626.wav,mixed_sound_626,police,516.8,5b51941fe02bb87a43a5692e119ac0e3,44100,2,16,132300,3.0,True,mixed_sound_#,police_626,0.551879346370697,0.15370718149038462,2354.3478991559864,2341.7010357474237
mixed_sound_626_1.wav,mixed_sound_626_1,police,516.8,f85631faeecfdf6c1ce15975a4a45999,44100,2,16,132300,3.0,True,mixed_sound_#_#,police_626,0.5579645037651062,0.10721905048076923,2200.101518729739,2256.7440434686205
mixed_sound_627.wav,mixed_sound_627,police,516.8,2bba088deaafd38e64041d15a0921da0,44100,2,16,132300,3.0,True,mixed_sound_#,police_627,0.5999952554702759,0.04421950120192308,1120.5724639586908,1544.4669509091284
mixed_sound_627_1.wav,mixed_sound_627_1,police,516.8,96f9d89264cf8d321e1762b0c6a69f05,44100,2,16,132300,3.0,True,mixed_sound_#_#,police_627,0.49424096941947937,0.10759465144230769,2275.248279570173,2413.2813662891126
mixed_sound_628.wav,mixed_sound_628,police,516.8,e6c4cdec5b47c73bf3b4649c296ca9aa,44100,2,16,132300,3.0,True,mixed_sound_#,police_628,0.5976801514625549,0.03662109375,967.6536772456993,1378.15795583375
mixed_sound_628_1.wav,mixed_sound_628_1,police,516.8,809109cbd91827d06a59820d808f04de,44100,2,16,132300,3.0,True,mixed_sound_#_#,police_628,0.46324583888053894,0.11220327524038462,2368.284666568759,2452.8681844167045
mixed_sound_629.wav,mixed_sound_629,police,516.8,615cbbcf2bac7f4ac9c543da77d8f9c0,44100,2,16,132300,3.0,True,mixed_sound_#,police_629,0.5825036764144897,0.05715519831730769,1801.9833843682234,2269.036429344498
mixed_sound_629_1.wav,mixed_sound_629_1,police,516.8,4107e773cc1fa6ab9604479e70418db7,44100,2,16,132300,3.0,True,mixed_sound_#_#,police_629,0.574024498462677,0.059547776442307694,1380.5795805514535,1755.128183379821
mixed_sound_630.wav,mixed_sound_630,police,516.8,2770e02105376c4452cc39e2d5a4f4a9,44100,2,16,132300,3.0,True,mixed_sound_#,police_630,0.4990140497684479,0.22003455528846153,2929.0191234027247,2554.7482343568136
mixed_sound_630_1.wav,mixed_sound_630_1,police,516.8,3cceb811919403b91ec920aee6b750b8,44100,2,16,132300,3.0,True,mixed_sound_#_#,police_630,0.5325294733047485,0.06363055889423076,1357.5932505811238,1700.5784366553398
mixed_sound_631.wav,mixed_sound_631,police,516.8,f4672f53034ec6adb00e4d2350a78d5a,44100,2,16,132300,3.0,True,mixed_sound_#,police_631,0.6020368337631226,0.04600360576923077,1191.6593739691507,1582.82006356787
mixed_sound_631_1.wav,mixed_sound_631_1,police,516.8,ed13dafb3e790be11b8445bdadda5c33,44100,2,16,132300,3.0,True,mixed_sound_#_#,police_631,0.5656043887138367,0.09644305889423077,2092.52825331653,2236.647753192537
mixed_sound_632.wav,mixed_sound_632,police,516.8,885c8dcdf39b81ff994ebea34907f126,44100,2,16,132300,3.0,True,mixed_sound_#,police_632,0.45678505301475525,0.05009014423076923,1088.4911779163149,1489.3119803226195
mixed_sound_632_1.wav,mixed_sound_632_1,police,516.8,1e86c632da386ff99f85be95f0faa61e,44100,2,16,132300,3.0,True,mixed_sound_#_#,police_632,0.6061518788337708,0.04937274639423077,1267.3505829080618,1683.1532724550084
mixed_sound_633.wav,mixed_sound_633,police,516.8,c7af1e5aa6c01bb2ed3b8bdab8679b20,44100,2,16,132300,3.0,True,mixed_sound_#,police_633,0.46421924233436584,0.09173302283653846,2153.3057637958027,2388.648963541894
mixed_sound_633_1.wav,mixed_sound_633_1,police,516.8,0e2e6cb8dbd2d0e636d7f76e2118e67a,44100,2,16,132300,3.0,True,mixed_sound_#_#,police_633,0.5123898386955261,0.10700120192307692,2173.037075957243,2249.012945067289
mixed_sound_634.wav,mixed_sound_634,police,516.8,16c0ef1051dcf0e12d9ff2c56b82437b,44100,2,16,132300,3.0,True,mixed_sound_#,police_634,0.46406859159469604,0.181591796875,2923.5259701753735,2555.0161919106004
mixed_sound_634_1.wav,mixed_sound_634_1,police,516.8,5aba86d76f25c6539e6169a663044c2b,44100,2,16,132300,3.0,True,mixed_sound_#_#,police_634,0.5774535536766052,0.056997445913461536,1318.6234242463595,1717.1067981149656
mixed_sound_635.wav,mixed_sound_635,police,516.8,b3bf7c169eac1795081dddccc716c954,44100,2,16,132300,3.0,True,mixed_sound_#,police_635,0.5045006275177002,0.12059044471153846,2481.282382069831,2597.968622716424
mixed_sound_635_1.wav,mixed_sound_635_1,police,516.8,4cb27e8e3f439c296ebf8aeb73b369d1,44100,2,16,132300,3.0,True,mixed_sound_#_#,police_635,0.5595189929008484,0.05766225961538462,1344.5861542731432,1740.507861847486
mixed_sound_636.wav,mixed_sound_636,police,516.8,3abf28dff6d3e5b854c780f07522603e,44100,2,16,132300,3.0,True,mixed_sound_#,police_636,0.5187878012657166,0.11356670673076923,2247.118551903616,2292.149409784003
mixed_sound_636_1.wav,mixed_sound_636_1,police,516.8,38a32e28afa218a64fa75939658978cc,44100,2,16,132300,3.0,True,mixed_sound_#_#,police_636,0.585885763168335,0.05596454326923077,1383.211132511536,1781.671059492805
mixed_sound_637.wav,mixed_sound_637,police,516.8,38851179451e24ba527f028a5204c56a,44100,2,16,132300,3.0,True,mixed_sound_#,police_637,0.5255612134933472,0.12684420072115385,2367.146878506713,2479.6663341362496
mixed_sound_637_1.wav,mixed_sound_637_1,police,516.8,e563bd93b299b832e50fed977ce4754a,44100,2,16,132300,3.0,True,mixed_sound_#_#,police_637,0.35335445404052734,0.11284930889423077,2060.9154988569053,2116.0840285932914
mixed_sound_638.wav,mixed_sound_638,police,516.8,5d70a21ec6314b718511498a78db72d9,44100,2,16,132300,3.0,True,mixed_sound_#,police_638,0.40107613801956177,0.12093224158653847,2559.987118060352,2555.7911267392305
mixed_sound_638_1.wav,mixed_sound_638_1,police,516.8,ccae7479c56a430f17e197e70b14d6eb,44100,2,16,132300,3.0,True,mixed_sound_#_#,police_638,0.3993407189846039,0.20707256610576924,2751.5335963044263,2378.9808637131105
mixed_sound_639.wav,mixed_sound_639,police,516.8,87f72f042f0df86f7597f926755d2c91,44100,2,16,132300,3.0,True,mixed_sound_#,police_639,0.4856938123703003,0.07676156850961538,1144.8083871170784,1371.569305901374
mixed_sound_639_1.wav,mixed_sound_639_1,police,516.8,a045845fc1213fd508dfdefdf23a89d9,44100,2,16,132300,3.0,True,mixed_sound_#_#,police_639,0.5391709804534912,0.10332406850961538,2239.327307644275,2401.7465065482315
mixed_sound_640.wav,mixed_sound_640,police,516.8,437ff692fb1e402012d6ee5e874abcba,44100,2,16,132300,3.0,True,mixed_sound_#,police_640,0.6101135015487671,0.07983022836538461,2170.3237102162443,2407.9548147114187
mixed_sound_640_1.wav,mixed_sound_640_1,police,516.8,3446034eb8546e992309b7b7114de91a,44100,2,16,132300,3.0,True,mixed_sound_#_#,police_640,0.5603893399238586,0.08542668269230769,1565.3898306235046,1821.9639099455007
mixed_sound_641.wav,mixed_sound_641,police,516.8,570fafe251c2f7b3a39f9a2a9c6aec53,44100,2,16,132300,3.0,True,mixed_sound_#,police_641,0.5966496467590332,0.06064453125,1244.2350449037283,1578.4636620623774
mixed_sound_641_1.wav,mixed_sound_641_1,police,516.8,30aa798cf5db15a10ac2fd2587ab17d7,44100,2,16,132300,3.0,True,mixed_sound_#_#,police_641,0.578345775604248,0.10537860576923076,2234.0590763033474,2295.2199955221167
mixed_sound_642.wav,mixed_sound_642,police,516.8,f5d162da7c2f303bbc3b1ffd789e8d52,44100,2,16,132300,3.0,True,mixed_sound_#,police_642,0.6019095778465271,0.04987605168269231,1153.0344562303928,1493.7187849308596
mixed_sound_642_1.wav,mixed_sound_642_1,police,516.8,06437736b8c5bd1896102f51ac015e68,44100,2,16,132300,3.0,True,mixed_sound_#_#,police_642,0.5926256775856018,0.06642503004807693,1348.1180459507914,1637.4217340186626
mixed_sound_643.wav,mixed_sound_643,police,516.8,88422fc9a433d90f10c0ec714cb7338a,44100,2,16,132300,3.0,True,mixed_sound_#,police_643,0.6423165202140808,0.05286207932692308,1168.112497159939,1500.2909216310557
mixed_sound_643_1.wav,mixed_sound_643_1,police,516.8,ff44cb5b71942d2df57b922eae9fd944,44100,2,16,132300,3.0,True,mixed_sound_#_#,police_643,0.43834638595581055,0.1849384014423077,2708.985414271267,2364.179545280324
mixed_sound_644.wav,mixed_sound_644,police,516.8,60e074bb666956016b012e12ee8915f3,44100,2,16,132300,3.0,True,mixed_sound_#,police_644,0.574500322341919,0.08519005408653846,2260.2710430263146,2436.1130146231703
mixed_sound_644_1.wav,mixed_sound_644_1,police,516.8,b0a33c1e6ee2f9b70f0a89699594e7f1,44100,2,16,132300,3.0,True,mixed_sound_#_#,police_644,0.588053286075592,0.06900540865384615,1453.6487988708564,1747.4547665391297
mixed_sound_645.wav,mixed_sound_645,police,516.8,5f69536c20552deec95163a692dddadb,44100,2,16,132300,3.0,True,mixed_sound_#,police_645,0.483460009098053,0.08814603365384616,2015.0656772182801,2335.8700851296057
mixed_sound_645_1.wav,mixed_sound_645_1,police,516.8,376e4a850b8e26718481f74fb039f572,44100,2,16,132300,3.0,True,mixed_sound_#_#,police_645,0.6169116497039795,0.06598557692307692,1392.9759161032714,1669.6250552182462
mixed_sound_646.wav,mixed_sound_646,police,516.8,9c92fe9d3e4740aeb94de13de584ebd3,44100,2,16,132300,3.0,True,mixed_sound_#,police_646,0.5714229345321655,0.08209885817307692,2043.3768980560772,2342.530275354731
mixed_sound_646_1.wav,mixed_sound_646_1,police,516.8,278c036562573789ce7b4700386b1e7d,44100,2,16,132300,3.0,True,mixed_sound_#_#,police_646,0.4757632911205292,0.0800518329326923,1480.9209300603036,1741.146789493438
mixed_sound_647.wav,mixed_sound_647,police,516.8,c0f02b4f1393102ac0caaecd12b9fc6c,44100,2,16,132300,3.0,True,mixed_sound_#,police_647,0.5509048700332642,0.1318622295673077,2414.53143372553,2293.3695887124145
mixed_sound_647_1.wav,mixed_sound_647_1,police,516.8,2f53b299db11b39eeeae36508e680ed6,44100,2,16,132300,3.0,True,mixed_sound_#_#,police_647,0.6152945756912231,0.057042518028846155,1327.9432035036073,1691.7658910696205
mixed_sound_648.wav,mixed_sound_648,police,516.8,35bd5c2e5274d0f5d1a4fc695df545f0,44100,2,16,132300,3.0,True,mixed_sound_#,police_648,0.547292172908783,0.13102463942307693,2524.511676597421,2446.7283218829552
mixed_sound_648_1.wav,mixed_sound_648_1,police,516.8,b904ce2c297b53a308059d8d0289b73e,44100,2,16,132300,3.0,True,mixed_sound_#_#,police_648,0.5929288864135742,0.0689227764423077,1927.9763047641381,2148.748058995081
mixed_sound_649.wav,mixed_sound_649,police,516.8,ec140cddf314a58824d4a4a05839cc5d,44100,2,16,132300,3.0,True,mixed_sound_#,police_649,0.631987452507019,0.06181640625,1293.3108503773337,1642.8262555132494
mixed_sound_649_1.wav,mixed_sound_649_1,police,516.8,4b6c309ebeed90f2029d24c3121f56d9,44100,2,16,132300,3.0,True,mixed_sound_#_#,police_649,0.623468279838562,0.06505033052884615,1392.397402657098,1676.833305120771
mixed_sound_650.wav,mixed_sound_650,police,516.8,f28caadfded760e03cfc7f3c8b3c5109,44100,2,16,132300,3.0,True,mixed_sound_#,police_650,0.589625895023346,0.11441180889423076,2381.651729785169,2435.8628965163357
mixed_sound_650_1.wav,mixed_sound_650_1,police,516.8,e0380cdeb2366d1e5f9130e563a343ed,44100,2,16,132300,3.0,True,mixed_sound_#_#,police_650,0.5355496406555176,0.11224083533653846,2250.6299293726424,2220.9208902273585
mixed_sound_651.wav,mixed_sound_651,police,516.8,5fbdf004853fbfdaaba01425cc56e284,44100,2,16,132300,3.0,True,mixed_sound_#,police_651,0.47388362884521484,0.1644005408653846,2834.4352159018663,2446.625138913147
mixed_sound_651_1.wav,mixed_sound_651_1,police,516.8,d53a84af4a9c7e6fe628b5eed1951969,44100,2,16,132300,3.0,True,mixed_sound_#_#,police_651,0.5058763027191162,0.13587740384615385,2486.070344975959,2486.0051196038858
mixed_sound_652.wav,mixed_sound_652,police,516.8,9e5827001e47814361d5f57d91fcf2fe,44100,2,16,132300,3.0,True,mixed_sound_#,police_652,0.6231549978256226,0.053391676682692304,1143.7031851125596,1489.297079159884
mixed_sound_652_1.wav,mixed_sound_652_1,police,516.8,05fd04a9729c6526eca367ef6e21cf96,44100,2,16,132300,3.0,True,mixed_sound_#_#,police_652,0.6013007164001465,0.10772986778846154,2331.3626229865854,2344.895840080209
mixed_sound_653.wav,mixed_sound_653,police,516.8,358d4097e4e22f70a42ba443dca4b653,44100,2,16,132300,3.0,True,mixed_sound_#,police_653,0.4475233852863312,0.1736102764423077,2822.248304670283,2441.8108367936884
mixed_sound_653_1.wav,mixed_sound_653_1,police,516.8,0d9c4c906c5ab618e53f7fcd9cfe0185,44100,2,16,132300,3.0,True,mixed_sound_#_#,police_653,0.5569983124732971,0.09168795072115385,2329.5062632135773,2545.8291525439445
mixed_sound_654.wav,mixed_sound_654,police,516.8,e0f696db7bdc8d9aa3a81bd6dd133c85,44100,2,16,132300,3.0,True,mixed_sound_#,police_654,0.5546344518661499,0.06373572716346154,1273.9800746457024,1566.713315416873
mixed_sound_654_1.wav,mixed_sound_654_1,police,516.8,f64199eb4535c39a6132ab971e391776,44100,2,16,132300,3.0,True,mixed_sound_#_#,police_654,0.5425664186477661,0.12127028245192308,2353.962606769235,2334.6623065817403
mixed_sound_655.wav,mixed_sound_655,police,516.8,c4afa89c284bbc481f1ba1e4d16f4922,44100,2,16,132300,3.0,True,mixed_sound_#,police_655,0.5693106651306152,0.1174053485576923,2338.9033934912636,2387.107971842193
mixed_sound_655_1.wav,mixed_sound_655_1,police,516.8,db784d16cd2a1bc10d64204ac62c5559,44100,2,16,132300,3.0,True,mixed_sound_#_#,police_655,0.575904130935669,0.11026141826923076,2324.222891334239,2429.7242417836983
mixed_sound_656.wav,mixed_sound_656,police,516.8,f98985f3699e399b1cbf3b2441acdcc9,44100,2,16,132300,3.0,True,mixed_sound_#,police_656,0.6057161092758179,0.06138446514423077,1285.114165789552,1543.2765414788128
mixed_sound_656_1.wav,mixed_sound_656_1,police,516.8,cb375f60291852eedbe7c9ae41b093ca,44100,2,16,132300,3.0,True,mixed_sound_#_#,police_656,0.6098317503929138,0.057459435096153845,1363.9668342098137,1734.9188237503167
mixed_sound_657.wav,mixed_sound_657,police,516.8,460a93e31f4854d1a285c009273d77c5,44100,2,16,132300,3.0,True,mixed_sound_#,police_657,0.5664576292037964,0.11357797475961538,2434.6878243047827,2390.4126871469307
mixed_sound_657_1.wav,mixed_sound_657_1,police,516.8,962bf69defcba5ad37f1723e24d8623f,44100,2,16,132300,3.0,True,mixed_sound_#_#,police_657,0.6169620156288147,0.05560772235576923,1313.0223541805376,1679.0978642869256
mixed_sound_658.wav,mixed_sound_658,police,516.8,0e955966296875ecf4d20508c4f45136,44100,2,16,132300,3.0,True,mixed_sound_#,police_658,0.5325583815574646,0.14655949519230768,2683.7949781216967,2541.2402232164286
mixed_sound_658_1.wav,mixed_sound_658_1,police,516.8,03b2f83343d9ae5f399f196c5060901d,44100,2,16,132300,3.0,True,mixed_sound_#_#,police_658,0.5760051608085632,0.11558743990384615,2441.2680891682203,2412.8486982505106
mixed_sound_659.wav,mixed_sound_659,police,516.8,5ea6bcce5c4f2980590eebd6a4ea87f3,44100,2,16,132300,3.0,True,mixed_sound_#,police_659,0.5907712578773499,0.05739933894230769,1217.7893645956276,1534.2439595362673
mixed_sound_659_1.wav,mixed_sound_659_1,police,516.8,9f11d208c4ae1e2143f4f6514a8183dd,44100,2,16,132300,3.0,True,mixed_sound_#_#,police_659,0.5782780647277832,0.06790114182692308,1378.0697455354098,1669.4026065598675
mixed_sound_660.wav,mixed_sound_660,police,516.8,c2764a6165bc00fa4671999128cc74fe,44100,2,16,132300,3.0,True,mixed_sound_#,police_660,0.585841715335846,0.07634465144230769,1489.8653690006884,1745.0380812248238
mixed_sound_660_1.wav,mixed_sound_660_1,police,516.8,d59d9bb35aca2d7a5f984c9ff687a419,44100,2,16,132300,3.0,True,mixed_sound_#_#,police_660,0.5878969430923462,0.09432842548076924,2156.985822695085,2257.484245836536
mixed_sound_661.wav,mixed_sound_661,police,516.8,0702a73a63482fb178a746aa230339fb,44100,2,16,132300,3.0,True,mixed_sound_#,police_661,0.5217760801315308,0.06737530048076923,1235.9521328745052,1506.1356377538862
mixed_sound_661_1.wav,mixed_sound_661_1,police,516.8,5708e28c2d87b4fcb32dca66ba005134,44100,2,16,132300,3.0,True,mixed_sound_#_#,police_661,0.48052123188972473,0.08428485576923077,1791.0086671922797,1985.215199574952
mixed_sound_662.wav,mixed_sound_662,police,516.8,362f682aa24912e205012354d573fc11,44100,2,16,132300,3.0,True,mixed_sound_#,police_662,0.46889060735702515,0.09652569110576924,2278.078299565712,2438.4026470425415
mixed_sound_662_1.wav,mixed_sound_662_1,police,516.8,cecd1d6e6cf1e7995a9f322e7a15b5b0,44100,2,16,132300,3.0,True,mixed_sound_#_#,police_662,0.6063237190246582,0.055652794471153844,1344.0653366778834,1716.7404324065828
mixed_sound_663.wav,mixed_sound_663,police,516.8,530ae68bb58059db9351f81df7160415,44100,2,16,132300,3.0,True,mixed_sound_#,police_663,0.46079060435295105,0.13172701322115385,2440.466989341507,2352.8679717937925
mixed_sound_663_1.wav,mixed_sound_663_1,police,516.8,9c1ad1db1612040806db7bd238d76847,44100,2,16,132300,3.0,True,mixed_sound_#_#,police_663,0.6192442774772644,0.05592698317307692,1352.3042664379648,1708.532193940785
mixed_sound_664.wav,mixed_sound_664,police,516.8,39b1e8b1d051a973af5021a381e475c3,44100,2,16,132300,3.0,True,mixed_sound_#,police_664,0.530105710029602,0.07680288461538462,2017.576827071304,2348.8626094646397
mixed_sound_664_1.wav,mixed_sound_664_1,police,516.8,4937441c7342eda644a40c35e439f189,44100,2,16,132300,3.0,True,mixed_sound_#_#,police_664,0.4742054343223572,0.12571364182692307,2250.809425890526,2283.239123098759
mixed_sound_665.wav,mixed_sound_665,police,516.8,55be548658d19133e572f662da46bf72,44100,2,16,132300,3.0,True,mixed_sound_#,police_665,0.5950802564620972,0.05814678485576923,1183.7244741122422,1471.913998182008
mixed_sound_665_1.wav,mixed_sound_665_1,police,516.8,f5618950f6bbe5dda777f55690c3e91b,44100,2,16,132300,3.0,True,mixed_sound_#_#,police_665,0.6166083812713623,0.06331129807692308,1383.9399926287233,1671.630417187114
mixed_sound_666.wav,mixed_sound_666,police,516.8,56cd6e82323e432586be866da9cc2e49,44100,2,16,132300,3.0,True,mixed_sound_#,police_666,0.39000043272972107,0.09784029447115385,2056.548101806825,2233.8344681108415
mixed_sound_666_1.wav,mixed_sound_666_1,police,516.8,2a9add163486dceef06a1429b192b5a6,44100,2,16,132300,3.0,True,mixed_sound_#_#,police_666,0.4333357512950897,0.13060021033653846,2499.359108291765,2411.966981340445
mixed_sound_667.wav,mixed_sound_667,police,516.8,43d1cf99acaaaf6117dfe15ae6c13832,44100,2,16,132300,3.0,True,mixed_sound_#,police_667,0.46594393253326416,0.10562650240384615,2237.9311523314746,2411.1131184103942
mixed_sound_667_1.wav,mixed_sound_667_1,police,516.8,feed106dbb95aa96e07c32d3d5647d5d,44100,2,16,132300,3.0,True,mixed_sound_#_#,police_667,0.5636094212532043,0.08357496995192308,2152.311131541196,2331.473608919953
mixed_sound_668.wav,mixed_sound_668,police,516.8,516c7657ee6ba4ec2d6fdc07aa8b8886,44100,2,16,132300,3.0,True,mixed_sound_#,police_668,0.5546497702598572,0.10957782451923077,2363.7131720322977,2515.6712566538313
mixed_sound_668_1.wav,mixed_sound_668_1,police,516.8,2b76cc12f4ba8aea858031f5a2763c8d,44100,2,16,132300,3.0,True,mixed_sound_#_#,police_668,0.5862412452697754,0.10090144230769231,2254.599937106516,2360.2887187019246
mixed_sound_669.wav,mixed_sound_669,police,516.8,72de71d5d6cec1413ce93b57fc2b7214,44100,2,16,132300,3.0,True,mixed_sound_#,police_669,0.5498412847518921,0.04053485576923077,1080.9128970284219,1562.7296557991322
mixed_sound_669_1.wav,mixed_sound_669_1,police,516.8,1d2a3ee95b6e50d1868f306792c08cd0,44100,2,16,132300,3.0,True,mixed_sound_#_#,police_669,0.5659539103507996,0.08731971153846153,2090.7412486274875,2361.7513833923877
mixed_sound_670.wav,mixed_sound_670,police,516.8,5f41773ae79b042c5ffff4305187e738,44100,2,16,132300,3.0,True,mixed_sound_#,police_670,0.4974667429924011,0.12896259014423078,2328.5678088148006,2297.7526428595756
mixed_sound_670_1.wav,mixed_sound_670_1,police,516.8,14c8ae0fb7952f418cf3d66c40e8d753,44100,2,16,132300,3.0,True,mixed_sound_#_#,police_670,0.486065149307251,0.10833834134615385,2271.2747570482084,2411.2822816336743
mixed_sound_671.wav,mixed_sound_671,police,516.8,7b127d47edfe4730349c97317652a9e8,44100,2,16,132300,3.0,True,mixed_sound_#,police_671,0.5250287652015686,0.043795072115384616,1021.4462337139013,1430.2793153271857
mixed_sound_671_1.wav,mixed_sound_671_1,police,516.8,6e4c68dbf3251a5f8e445c59bcfeec49,44100,2,16,132300,3.0,True,mixed_sound_#_#,police_671,0.5374934077262878,0.06758939302884616,1436.6549652330818,1751.3777416052956
mixed_sound_672.wav,mixed_sound_672,police,516.8,2aa2efcca8ac0add5b5035f7db858671,44100,2,16,132300,3.0,True,mixed_sound_#,police_672,0.5599679946899414,0.04621394230769231,1037.7671249811315,1412.5937157461492
mixed_sound_672_1.wav,mixed_sound_672_1,police,516.8,eb2916bf01ff8bb777b0e7fa6bf5fc71,44100,2,16,132300,3.0,True,mixed_sound_#_#,police_672,0.5097225308418274,0.17955228365384615,2738.5844960124646,2513.9421675211947
mixed_sound_673.wav,mixed_sound_673,police,516.8,b6b8f61349637416b2b4a1aed84818bc,44100,2,16,132300,3.0,True,mixed_sound_#,police_673,0.5534233450889587,0.04038837139423077,1080.6683379639285,1569.9559615963908
mixed_sound_673_1.wav,mixed_sound_673_1,police,516.8,ec26e30d7e7c798d7f22b464fdbe834a,44100,2,16,132300,3.0,True,mixed_sound_#_#,police_673,0.49531319737434387,0.12586012620192308,2355.823108827152,2319.1866107223536
mixed_sound_674.wav,mixed_sound_674,police,516.8,d2238be817bc61cace546dfe7ef66a04,44100,2,16,132300,3.0,True,mixed_sound_#,police_674,0.6002429127693176,0.044677734375,1069.3700992727859,1442.8554558603912
mixed_sound_674_1.wav,mixed_sound_674_1,police,516.8,79487d66793de46c3697680e5d7048dc,44100,2,16,132300,3.0,True,mixed_sound_#_#,police_674,0.5153880715370178,0.06842698317307692,1392.9025974705191,1753.3888672368898
mixed_sound_675.wav,mixed_sound_675,police,516.8,30fc102ab7b213357ece95e34c1f305c,44100,2,16,132300,3.0,True,mixed_sound_#,police_675,0.5772202610969543,0.04919621394230769,1163.9803916125477,1584.564664122001
mixed_sound_675_1.wav,mixed_sound_675_1,police,516.8,0797e48254868eb751faee19728c592f,44100,2,16,132300,3.0,True,mixed_sound_#_#,police_675,0.6053268313407898,0.04714918870192308,1272.0143092638482,1707.5956087106479
mixed_sound_676.wav,mixed_sound_676,police,516.8,6eb96dbb44241c4b293ebabac71f1331,44100,2,16,132300,3.0,True,mixed_sound_#,police_676,0.5875610709190369,0.055795522836538464,1242.894731330637,1593.6574318341543
mixed_sound_676_1.wav,mixed_sound_676_1,police,516.8,16853c01930542c9869b1f99e4a3d4e3,44100,2,16,132300,3.0,True,mixed_sound_#_#,police_676,0.600415050983429,0.04830228365384615,1264.2182114338896,1687.674247615272
mixed_sound_677.wav,mixed_sound_677,police,516.8,0193b72d75a0385ed457ffe97dbb462e,44100,2,16,132300,3.0,True,mixed_sound_#,police_677,0.5578657984733582,0.05105543870192308,1159.1036942497851,1519.2829398802558
mixed_sound_677_1.wav,mixed_sound_677_1,police,516.8,dce2e1960e466f3aa237801dde3d4993,44100,2,16,132300,3.0,True,mixed_sound_#_#,police_677,0.5611518621444702,0.10881535456730769,2229.516341136446,2271.896392095953
mixed_sound_678.wav,mixed_sound_678,police,516.8,0c6614ac77e4b0a357f713f00978388f,44100,2,16,132300,3.0,True,mixed_sound_#,police_678,0.5647152662277222,0.047618689903846156,1057.1087516952064,1442.5084098195307
mixed_sound_678_1.wav,mixed_sound_678_1,police,516.8,993148737feee9aa4a67e4b13695c151,44100,2,16,132300,3.0,True,mixed_sound_#_#,police_678,0.5524041652679443,0.1106708233173077,2266.2020144193584,2290.0910011958545
mixed_sound_679.wav,mixed_sound_679,police,516.8,ab5e23b6fc9046306e6d5e894a74544f,44100,2,16,132300,3.0,True,mixed_sound_#,police_679,0.5646100044250488,0.05986328125,1279.0058745430088,1599.7953992628225
mixed_sound_679_1.wav,mixed_sound_679_1,police,516.8,2bdca5e7710d21e4169818e14b522a3b,44100,2,16,132300,3.0,True,mixed_sound_#_#,police_679,0.586156964302063,0.04942157451923077,1295.546521227903,1699.5169488979943
mixed_sound_680.wav,mixed_sound_680,police,516.8,4362ba345781be8e299fd2c10f421ad8,44100,2,16,132300,3.0,True,mixed_sound_#,police_680,0.38219574093818665,0.146875,2415.246477332296,2282.0861605912096
mixed_sound_680_1.wav,mixed_sound_680_1,police,516.8,60c66ec1eb9240a62b5715de315d88c8,44100,2,16,132300,3.0,True,mixed_sound_#_#,police_680,0.5571905374526978,0.06572641225961538,1373.1148314090378,1695.9076674834378
mixed_sound_681.wav,mixed_sound_681,police,516.8,f111d9378978520a39c019c032e47d37,44100,2,16,132300,3.0,True,mixed_sound_#,police_681,0.6239020228385925,0.04047475961538462,1057.9717241051785,1457.4346900218404
mixed_sound_681_1.wav,mixed_sound_681_1,police,516.8,0cfa8738980fc363237cb49503b72b11,44100,2,16,132300,3.0,True,mixed_sound_#_#,police_681,0.5716386437416077,0.06283804086538461,1367.0814789576918,1679.9360546186622
mixed_sound_682.wav,mixed_sound_682,police,516.8,09cb1b5f51a7bf429689448a2f37bd1a,44100,2,16,132300,3.0,True,mixed_sound_#,police_682,0.5936668515205383,0.08183218149038461,2197.6422240434213,2510.6823663030264
mixed_sound_682_1.wav,mixed_sound_682_1,police,516.8,6746d5d7ab60434265401a4d460bd388,44100,2,16,132300,3.0,True,mixed_sound_#_#,police_682,0.5047358274459839,0.12047400841346154,2311.388622232899,2297.7725624410305
mixed_sound_683.wav,mixed_sound_683,police,516.8,9e782107e5be0637cb643f4675799b35,44100,2,16,132300,3.0,True,mixed_sound_#,police_683,0.5792561173439026,0.03919771634615385,1106.0903463052603,1575.2171454047862
mixed_sound_683_1.wav,mixed_sound_683_1,police,516.8,5d4ecf3120e2ceef9470b3d0ac870152,44100,2,16,132300,3.0,True,mixed_sound_#_#,police_683,0.5718631744384766,0.05663311298076923,1342.4174327729427,1709.134708801045
mixed_sound_684.wav,mixed_sound_684,police,516.8,b624945c4a24cd906460db56c78e6cbd,44100,2,16,132300,3.0,True,mixed_sound_#,police_684,0.5806549191474915,0.039483173076923075,994.08949224851,1364.528904365561
mixed_sound_684_1.wav,mixed_sound_684_1,police,516.8,2cbc24f87ec1dd1dc31b844427746356,44100,2,16,132300,3.0,True,mixed_sound_#_#,police_684,0.5739963054656982,0.05751577524038461,1324.4385594705846,1715.2672483815588
mixed_sound_685.wav,mixed_sound_685,police,516.8,ee8cefb443fe5a88162e7fd00ab641a9,44100,2,16,132300,3.0,True,mixed_sound_#,police_685,0.5912076830863953,0.05548377403846154,1240.818950983971,1554.8209591310665
mixed_sound_685_1.wav,mixed_sound_685_1,police,516.8,88036d1b042c392673cfed59a4394034,44100,2,16,132300,3.0,True,mixed_sound_#_#,police_685,0.4828309118747711,0.1467998798076923,2512.4857059567194,2444.7974162946766
mixed_sound_686.wav,mixed_sound_686,police,516.8,a0fa4a800b1a87734e64e6176eca8ee9,44100,2,16,132300,3.0,True,mixed_sound_#,police_686,0.5525557398796082,0.05498422475961538,1142.3389091763747,1485.5027926762057
mixed_sound_686_1.wav,mixed_sound_686_1,police,516.8,ade5d2a311fd35cde87f1fd1a849f49e,44100,2,16,132300,3.0,True,mixed_sound_#_#,police_686,0.5995081067085266,0.06430288461538461,1409.6941851664187,1701.5999774145662
mixed_sound_687.wav,mixed_sound_687,police,516.8,c0c5e890af12795882f08dfce7573387,44100,2,16,132300,3.0,True,mixed_sound_#,police_687,0.5899782180786133,0.05747821514423077,1265.7719821762303,1601.0805593878263
mixed_sound_687_1.wav,mixed_sound_687_1,police,516.8,10e9e27345173bcf8042cc8e680b5aa4,44100,2,16,132300,3.0,True,mixed_sound_#_#,police_687,0.5342515707015991,0.06458458533653846,1354.0323196633117,1686.6191542315885
mixed_sound_688.wav,mixed_sound_688,police,516.8,a9463cf0b1331ac934f924cf75609173,44100,2,16,132300,3.0,True,mixed_sound_#,police_688,0.6218639612197876,0.07076322115384616,1706.1531182476244,2069.8160096660295
mixed_sound_688_1.wav,mixed_sound_688_1,police,516.8,c17696f9d184ac8e9a04faefd2530296,44100,2,16,132300,3.0,True,mixed_sound_#_#,police_688,0.5930393934249878,0.06325120192307693,1589.7716995604246,2027.5928764883492
mixed_sound_689.wav,mixed_sound_689,police,516.8,9d05cfcaec4b0b2b082a2796cf010a90,44100,2,16,132300,3.0,True,mixed_sound_#,police_689,0.5796617269515991,0.03903620793269231,987.6629356343747,1344.211007858655
mixed_sound_689_1.wav,mixed_sound_689_1,police,516.8,8169a4809bbee65f7458aaaf7a1c65ff,44100,2,16,132300,3.0,True,mixed_sound_#_#,police_689,0.47079727053642273,0.14148512620192308,2445.6018985115907,2298.558705868291
mixed_sound_690.wav,mixed_sound_690,police,516.8,67417401f3ce2bd100cf3378fc42c357,44100,2,16,132300,3.0,True,mixed_sound_#,police_690,0.4274943470954895,0.13457782451923078,2131.965973397368,2119.1084093183867
mixed_sound_690_1.wav,mixed_sound_690_1,police,516.8,4c8afe0c3d6bd77c22d2b3c7824b340b,44100,2,16,132300,3.0,True,mixed_sound_#_#,police_690,0.5624198913574219,0.0792705829326923,2028.2137548979001,2324.9998369329214
mixed_sound_691.wav,mixed_sound_691,police,516.8,79d1e3afa28c52a7e4d014257ffd8828,44100,2,16,132300,3.0,True,mixed_sound_#,police_691,0.4354195296764374,0.08863807091346154,2042.7644224578125,2322.309768671579
mixed_sound_691_1.wav,mixed_sound_691_1,police,516.8,efce85afcd3b823ea5bc2f5e579d6c87,44100,2,16,132300,3.0,True,mixed_sound_#_#,police_691,0.5390679240226746,0.0641826923076923,1353.3183755969965,1697.7298450322603
mixed_sound_692.wav,mixed_sound_692,police,516.8,f390aedaa356d2c28660ee54a66376c5,44100,2,16,132300,3.0,True,mixed_sound_#,police_692,0.5760791301727295,0.040538611778846156,1151.5080751110984,1619.7960370698322
mixed_sound_692_1.wav,mixed_sound_692_1,police,516.8,c5051e51ace85aeb7e93886a8b277a29,44100,2,16,132300,3.0,True,mixed_sound_#_#,police_692,0.6032392978668213,0.05477764423076923,1374.042688103459,1768.7270613170185
mixed_sound_693.wav,mixed_sound_693,police,516.8,6007d9403652b005e8704326efa96fe7,44100,2,16,132300,3.0,True,mixed_sound_#,police_693,0.5420170426368713,0.077587890625,1442.6669206852555,1744.333243315563
mixed_sound_693_1.wav,mixed_sound_693_1,police,516.8,219e05ad9db7bb857c7935cb26164406,44100,2,16,132300,3.0,True,mixed_sound_#_#,police_693,0.5643757581710815,0.08585862379807692,1974.3290387059092,2183.5700581671317
mixed_sound_694.wav,mixed_sound_694,police,516.8,b621ee9a8d1d912c298053bddcbe2dda,44100,2,16,132300,3.0,True,mixed_sound_#,police_694,0.5759909749031067,0.04395282451923077,1092.2652791337568,1518.963086270228
mixed_sound_694_1.wav,mixed_sound_694_1,police,516.8,821a73e29fa0c9ed1f50928f8ad762d3,44100,2,16,132300,3.0,True,mixed_sound_#_#,police_694,0.5040121078491211,0.08721454326923077,2076.338189538584,2356.592284325987
mixed_sound_695.wav,mixed_sound_695,police,516.8,4c08b66f17ade2a6a79295e635e7a408,44100,2,16,132300,3.0,True,mixed_sound_#,police_695,0.5893112421035767,0.045567908653846155,1133.796809223572,1561.0452894388304
mixed_sound_695_1.wav,mixed_sound_695_1,police,516.8,d3ac02a7c21894846f58084db805c013,44100,2,16,132300,3.0,True,mixed_sound_#_#,police_695,0.5032826066017151,0.06328876201923077,1417.2649699216252,1769.1681180365997
mixed_sound_696.wav,mixed_sound_696,police,516.8,2e693a63883b57d1264840de0b59d112,44100,2,16,132300,3.0,True,mixed_sound_#,police_696,0.5000127553939819,0.056156099759615385,1168.8946733112052,1532.8639805906962
mixed_sound_696_1.wav,mixed_sound_696_1,police,516.8,d752c4eb6c5083093bfd039a08aa736d,44100,2,16,132300,3.0,True,mixed_sound_#_#,police_696,0.5292574167251587,0.05934495192307692,1448.0427980481768,1838.3593200942444
mixed_sound_697.wav,mixed_sound_697,police,516.8,20b0793b5face6a7a3a870899277f844,44100,2,16,132300,3.0,True,mixed_sound_#,police_697,0.5777280330657959,0.05791766826923077,1275.845044103657,1661.096235079094
mixed_sound_697_1.wav,mixed_sound_697_1,police,516.8,9a5a3db088c005ac6c6c3d5c2a3da91e,44100,2,16,132300,3.0,True,mixed_sound_#_#,police_697,0.4411056637763977,0.17057917668269232,2532.1464533083877,2411.037215410282
mixed_sound_698.wav,mixed_sound_698,police,516.8,f11cf03bcc652ade577e736e4d145b54,44100,2,16,132300,3.0,True,mixed_sound_#,police_698,0.6051421165466309,0.05782376802884615,1264.9661795364016,1573.4900876252375
mixed_sound_698_1.wav,mixed_sound_698_1,police,516.8,a7196535f99ecd191a3a6a2bd05e3aa4,44100,2,16,132300,3.0,True,mixed_sound_#_#,police_698,0.46520093083381653,0.09578575721153847,2061.1724098791474,2275.1301558962305
mixed_sound_699.wav,mixed_sound_699,police,516.8,8c7883acc3326af4885822183e5eb087,44100,2,16,132300,3.0,True,mixed_sound_#,police_699,0.4058779180049896,0.12067307692307692,2555.461463114451,2569.2268730763067
mixed_sound_699_1.wav,mixed_sound_699_1,police,516.8,1de05498145557844c719784bb2af86a,44100,2,16,132300,3.0,True,mixed_sound_#_#,police_699,0.5586315393447876,0.067724609375,1831.0083186301413,2191.3627001956193
mixed_sound_700.wav,mixed_sound_700,police,516.8,12dc6a581b0c32515fcffa7fe159231b,44100,2,16,132300,3.0,True,mixed_sound_#,police_700,0.5660433173179626,0.04497445913461538,1147.8480030240996,1573.6960111587093
mixed_sound_700_1.wav,mixed_sound_700_1,police,516.8,f6820db15376aa2d21291b06c5e173d5,44100,2,16,132300,3.0,True,mixed_sound_#_#,police_700,0.6022799015045166,0.08219275841346153,2212.123443371424,2428.9655004843667
mixed_sound_701.wav,mixed_sound_701,police,516.8,f7239459981b42c70db8f33bda9947b2,44100,2,16,132300,3.0,True,mixed_sound_#,police_701,0.556901216506958,0.08118239182692308,2058.651251430165,2324.0245190922305
mixed_sound_701_1.wav,mixed_sound_701_1,police,516.8,b2ecb9ab86f3ca44c2bbb17a675dc868,44100,2,16,132300,3.0,True,mixed_sound_#_#,police_701,0.5457456111907959,0.08399564302884616,1588.8469373946325,1877.6469018085277
mixed_sound_702.wav,mixed_sound_702,police,516.8,a99619d3dd96093c25499179b445a25d,44100,2,16,132300,3.0,True,mixed_sound_#,police_702,0.5486874580383301,0.05436072716346154,1747.161256662367,2260.1877470458226
mixed_sound_702_1.wav,mixed_sound_702_1,police,516.8,95cd3fb2e6285e35966a3d11b6070656,44100,2,16,132300,3.0,True,mixed_sound_#_#,police_702,0.568573534488678,0.11221454326923076,2230.5747818664677,2286.2090970989298
mixed_sound_703.wav,mixed_sound_703,police,516.8,26eaa20fc668db8796ee074cb19d7202,44100,2,16,132300,3.0,True,mixed_sound_#,police_703,0.48206639289855957,0.147314453125,2499.042944616525,2352.285746779378
mixed_sound_703_1.wav,mixed_sound_703_1,police,516.8,ff6e43daf6c51710e83fac5ae84f508d,44100,2,16,132300,3.0,True,mixed_sound_#_#,police_703,0.5666154026985168,0.10890549879807693,2227.1003274202767,2276.4425946599267
mixed_sound_704.wav,mixed_sound_704,police,516.8,8dd99c0678a9262aa3a53dd2d7c28983,44100,2,16,132300,3.0,True,mixed_sound_#,police_704,0.5932500958442688,0.106982421875,2325.016747584775,2356.7078825035187
mixed_sound_704_1.wav,mixed_sound_704_1,police,516.8,2c65550923fff2cbbb9084cba47513fd,44100,2,16,132300,3.0,True,mixed_sound_#_#,police_704,0.5468358993530273,0.0983623798076923,2209.675323685886,2350.6807436691697
mixed_sound_705.wav,mixed_sound_705,police,516.8,90431546e4c8691d5e7f8d9002d5d830,44100,2,16,132300,3.0,True,mixed_sound_#,police_705,0.4867335557937622,0.11036283052884616,2254.7540033952287,2360.6686957120205
mixed_sound_705_1.wav,mixed_sound_705_1,police,516.8,e64346b373fbf909553e801756efef59,44100,2,16,132300,3.0,True,mixed_sound_#_#,police_705,0.4218299388885498,0.11289438100961538,2184.4641367699637,2301.2297138135705
mixed_sound_706.wav,mixed_sound_706,police,516.8,6a1f355681f93455b36971096e6e062c,44100,2,16,132300,3.0,True,mixed_sound_#,police_706,0.6287015676498413,0.04083533653846154,1119.2418488116036,1528.9117304498782
mixed_sound_706_1.wav,mixed_sound_706_1,police,516.8,28c46b19d71f7d8b8fa9d71709de5f64,44100,2,16,132300,3.0,True,mixed_sound_#_#,police_706,0.5410364866256714,0.12659630408653846,2362.7375325820335,2375.3194163512967
mixed_sound_707.wav,mixed_sound_707,police,516.8,8c32ad7d99c54bca6d54365a3e2f3659,44100,2,16,132300,3.0,True,mixed_sound_#,police_707,0.5872342586517334,0.04632286658653846,1135.9891685839161,1528.7610437453268
mixed_sound_707_1.wav,mixed_sound_707_1,police,516.8,8d0cc26aaf82a0a9c9768f70122cd1b1,44100,2,16,132300,3.0,True,mixed_sound_#_#,police_707,0.5758671760559082,0.056881009615384615,1374.932255405935,1738.0320416476613
mixed_sound_708.wav,mixed_sound_708,police,516.8,d10fba178f8a2d4d06b1b5475dac3a8e,44100,2,16,132300,3.0,True,mixed_sound_#,police_708,0.5274544954299927,0.09237530048076924,2365.7980645388693,2611.8976565646026
mixed_sound_708_1.wav,mixed_sound_708_1,police,516.8,2d712d5ab3f7792d3e791b80be4a7cd5,44100,2,16,132300,3.0,True,mixed_sound_#_#,police_708,0.5672864317893982,0.1029296875,2261.0150027715595,2402.8325096823737
mixed_sound_709.wav,mixed_sound_709,police,516.8,f961d301632723ebbe1c361624d74cbc,44100,2,16,132300,3.0,True,mixed_sound_#,police_709,0.55536288022995,0.05569411057692308,1269.1347360186126,1618.9731473890397
mixed_sound_709_1.wav,mixed_sound_709_1,police,516.8,f971d9446ac92119c1325d76d586915b,44100,2,16,132300,3.0,True,mixed_sound_#_#,police_709,0.5536631345748901,0.10671950120192308,2176.0221962959736,2234.978875342435
mixed_sound_710.wav,mixed_sound_710,police,516.8,2400f54e4048aa7d853cba0ec58866e5,44100,2,16,132300,3.0,True,mixed_sound_#,police_710,0.5015263557434082,0.14631535456730768,2447.2845965311676,2305.823481453646
mixed_sound_710_1.wav,mixed_sound_710_1,police,516.8,a7ad47e828213e6b598d40398c59c04e,44100,2,16,132300,3.0,True,mixed_sound_#_#,police_710,0.5760313868522644,0.06279296875,1411.900237400855,1758.8480533305046
mixed_sound_711.wav,mixed_sound_711,police,516.8,0600a88a666b0803ac6fb1985c0c17e4,44100,2,16,132300,3.0,True,mixed_sound_#,police_711,0.606391191482544,0.05065354567307692,1202.0527329961155,1574.193850385147
mixed_sound_711_1.wav,mixed_sound_711_1,police,516.8,b0b6832d57dc05ed4988495d09342354,44100,2,16,132300,3.0,True,mixed_sound_#_#,police_711,0.5106616616249084,0.12561598557692308,2521.4777271806893,2569.8286097762884
mixed_sound_712.wav,mixed_sound_712,police,516.8,68666c46cf2bae599d8d38269448b93e,44100,2,16,132300,3.0,True,mixed_sound_#,police_712,0.4971994161605835,0.06339017427884615,1334.6248871469684,1637.2636663354047
mixed_sound_712_1.wav,mixed_sound_712_1,police,516.8,4abae464a652af047da25ef36acd5754,44100,2,16,132300,3.0,True,mixed_sound_#_#,police_712,0.5784717202186584,0.06089618389423077,1382.9142832267303,1750.1014671243925
mixed_sound_713.wav,mixed_sound_713,police,516.8,afba88f91ce26a70eff64923e54669da,44100,2,16,132300,3.0,True,mixed_sound_#,police_713,0.5768751502037048,0.06201923076923077,1401.2577409287646,1750.2530401930417
mixed_sound_713_1.wav,mixed_sound_713_1,police,516.8,53b32eac9bd4bbf9936eb99bd1ed40c5,44100,2,16,132300,3.0,True,mixed_sound_#_#,police_713,0.45842573046684265,0.08504732572115385,1660.1328992485535,1918.222374287373
mixed_sound_714.wav,mixed_sound_714,police,516.8,cd3a37f96636ec81f2286ebbd7f9e4fe,44100,2,16,132300,3.0,True,mixed_sound_#,police_714,0.5898522138595581,0.06002103365384615,1283.5504352570515,1606.1476014852874
mixed_sound_714_1.wav,mixed_sound_714_1,police,516.8,882ef1bb71fdc76c27383d7494298b90,44100,2,16,132300,3.0,True,mixed_sound_#_#,police_714,0.5992079377174377,0.05578425480769231,1410.3352758495928,1798.7422104143373
mixed_sound_715.wav,mixed_sound_715,police,516.8,600b0ccf6d75d9370db24b3b137c34f7,44100,2,16,132300,3.0,True,mixed_sound_#,police_715,0.5827326774597168,0.059213491586538464,1323.6620565437395,1668.338519337757
mixed_sound_715_1.wav,mixed_sound_715_1,police,516.8,0d88686ea51be9b2fa0d47ea3277a595,44100,2,16,132300,3.0,True,mixed_sound_#_#,police_715,0.5799688100814819,0.06142578125,1461.8919323587527,1838.782180200537
mixed_sound_716.wav,mixed_sound_716,police,516.8,8b21c6d1df68dc7b9589bd3432ec553b,44100,2,16,132300,3.0,True,mixed_sound_#,police_716,0.46538665890693665,0.13538536658653846,2382.6331497768433,2404.904564973893
mixed_sound_716_1.wav,mixed_sound_716_1,police,516.8,c8e4b5845d589feda0c979113bc89d6a,44100,2,16,132300,3.0,True,mixed_sound_#_#,police_716,0.587917685508728,0.04855018028846154,1401.298825079687,1828.927331707822
mixed_sound_717.wav,mixed_sound_717,police,516.8,729f01bc64bb54c50930467e346611ab,44100,2,16,132300,3.0,True,mixed_sound_#,police_717,0.4851532578468323,0.10610727163461539,2204.6622444319346,2391.9017217599853
mixed_sound_717_1.wav,mixed_sound_717_1,police,516.8,26a2d3cbe4df0a07393ff5af4d69d3c9,44100,2,16,132300,3.0,True,mixed_sound_#_#,police_717,0.5668647289276123,0.06532451923076923,1485.5993318064322,1835.5099119022118
mixed_sound_718.wav,mixed_sound_718,police,516.8,d6065b0939159417329f3ea5f915b67b,44100,2,16,132300,3.0,True,mixed_sound_#,police_718,0.5818361639976501,0.053879957932692304,1263.6068128563102,1673.93248189856
mixed_sound_718_1.wav,mixed_sound_718_1,police,516.8,375958ef585bcc84c97eead035c03a1f,44100,2,16,132300,3.0,True,mixed_sound_#_#,police_718,0.3883541524410248,0.15897686298076924,2611.4353937628775,2396.031339919079
mixed_sound_719.wav,mixed_sound_719,police,516.8,e73417db24125c94597768d35d7c776b,44100,2,16,132300,3.0,True,mixed_sound_#,police_719,0.4520886242389679,0.11794996995192308,2222.682022831154,2242.6142727977804
mixed_sound_719_1.wav,mixed_sound_719_1,police,516.8,e107ece58cd4807ed375186d5feb148c,44100,2,16,132300,3.0,True,mixed_sound_#_#,police_719,0.5204967856407166,0.1236328125,2241.0749982864695,2300.735956809298
mixed_sound_720.wav,mixed_sound_720,police,516.8,17835de115c103059b399d4e01b96d0c,44100,2,16,132300,3.0,True,mixed_sound_#,police_720,0.5261404514312744,0.047776442307692304,1114.2127845884959,1510.7549540841933
mixed_sound_720_1.wav,mixed_sound_720_1,police,516.8,37824e34c86a018d0048458f4e2f3720,44100,2,16,132300,3.0,True,mixed_sound_#_#,police_720,0.4778629243373871,0.209716796875,2825.867202711605,2476.472166539194
mixed_sound_721.wav,mixed_sound_721,police,516.8,12eb7c0e70b85a00d2b815325d8aa196,44100,2,16,132300,3.0,True,mixed_sound_#,police_721,0.515171229839325,0.047385817307692306,1146.9632345177963,1526.4577540618623
mixed_sound_721_1.wav,mixed_sound_721_1,police,516.8,d935a50cdcde80cc0636c27d77710c61,44100,2,16,132300,3.0,True,mixed_sound_#_#,police_721,0.4774625897407532,0.10027794471153846,2261.502318325039,2390.9012063966143
mixed_sound_722.wav,mixed_sound_722,police,516.8,ac88a6cba7eb9d76701720d25e7299c0,44100,2,16,132300,3.0,True,mixed_sound_#,police_722,0.5607069134712219,0.054139122596153846,1266.31953431464,1635.4456197165377
mixed_sound_722_1.wav,mixed_sound_722_1,police,516.8,559057e946886e4bfce90b8b03780552,44100,2,16,132300,3.0,True,mixed_sound_#_#,police_722,0.4346989691257477,0.20057466947115385,2888.125627812377,2485.5241555217003
mixed_sound_723.wav,mixed_sound_723,police,516.8,62f8b69b35794e582ce7792774c5b6a5,44100,2,16,132300,3.0,True,mixed_sound_#,police_723,0.5587802529335022,0.04032076322115385,1186.4773427856856,1626.764423223098
mixed_sound_723_1.wav,mixed_sound_723_1,police,516.8,b715bb69a7041312271b42d4dc0f1762,44100,2,16,132300,3.0,True,mixed_sound_#_#,police_723,0.4210517108440399,0.1884089543269231,2803.3088371391414,2492.6097704118906
mixed_sound_724.wav,mixed_sound_724,police,516.8,72d1590a15c4898532fe209afa12f267,44100,2,16,132300,3.0,True,mixed_sound_#,police_724,0.5349314212799072,0.10505934495192308,2399.4531444668028,2490.9071172775843
mixed_sound_724_1.wav,mixed_sound_724_1,police,516.8,e652914ff2fce39e936cba61b62835d9,44100,2,16,132300,3.0,True,mixed_sound_#_#,police_724,0.5109947323799133,0.1286395733173077,2398.081227687148,2363.0809074775398
mixed_sound_725.wav,mixed_sound_725,police,516.8,5654df2bf151ec78f778b8556a30e711,44100,2,16,132300,3.0,True,mixed_sound_#,police_725,0.6091427803039551,0.05601337139423077,1380.8206480629683,1818.7730762051388
mixed_sound_725_1.wav,mixed_sound_725_1,police,516.8,85a7077a0e25866af36de48b13aabdc0,44100,2,16,132300,3.0,True,mixed_sound_#_#,police_725,0.5134755969047546,0.1248309795673077,2289.6351838078403,2361.0775705150604
mixed_sound_726.wav,mixed_sound_726,police,516.8,a7c5586568443eaf68e9f07ca11beb39,44100,2,16,132300,3.0,True,mixed_sound_#,police_726,0.502635657787323,0.21907677283653845,2953.8906194620045,2587.1962219012958
mixed_sound_726_1.wav,mixed_sound_726_1,police,516.8,941fdc4cdef859340e3fee7ff9a5219c,44100,2,16,132300,3.0,True,mixed_sound_#_#,police_726,0.40698397159576416,0.110498046875,2202.796613263594,2341.173237018932
mixed_sound_727.wav,mixed_sound_727,police,516.8,9794ea659c13a6188be9d88235785394,44100,2,16,132300,3.0,True,mixed_sound_#,police_727,0.6045143008232117,0.05237379807692308,1191.0133905799346,1538.0820428051559
mixed_sound_727_1.wav,mixed_sound_727_1,police,516.8,b5756232a80902cfe02dd60a05b96504,44100,2,16,132300,3.0,True,mixed_sound_#_#,police_727,0.5777802467346191,0.05333909254807692,1356.910334506545,1753.98347908633
mixed_sound_728.wav,mixed_sound_728,police,516.8,d48e0743e853adb50dc1c0e92f1b0ce5,44100,2,16,132300,3.0,True,mixed_sound_#,police_728,0.5976696014404297,0.04613506610576923,1144.8205395095765,1545.3258627847335
mixed_sound_728_1.wav,mixed_sound_728_1,police,516.8,bb4c2f5bea449ea064c16292737cbbd4,44100,2,16,132300,3.0,True,mixed_sound_#_#,police_728,0.5743603706359863,0.05700495793269231,1349.9266629288077,1705.3121894961098
mixed_sound_729.wav,mixed_sound_729,police,516.8,9700cfba49ebaae615a623d2538c5519,44100,2,16,132300,3.0,True,mixed_sound_#,police_729,0.5847195982933044,0.04263446514423077,1131.4406138751858,1575.2270126317615
mixed_sound_729_1.wav,mixed_sound_729_1,police,516.8,aeb467b61299304125114616b2d4a251,44100,2,16,132300,3.0,True,mixed_sound_#_#,police_729,0.6005598902702332,0.0634765625,1367.3233725481589,1664.763441036658
mixed_sound_730.wav,mixed_sound_730,police,516.8,17f0a23d3d229caeaa917db5ade6e7b3,44100,2,16,132300,3.0,True,mixed_sound_#,police_730,0.6056206226348877,0.04276592548076923,1015.5381816340641,1406.763175793527
mixed_sound_730_1.wav,mixed_sound_730_1,police,516.8,99ce691ca06ea597216e97e27142fe29,44100,2,16,132300,3.0,True,mixed_sound_#_#,police_730,0.572310209274292,0.05005634014423077,1343.882756042921,1767.2280096470877
mixed_sound_731.wav,mixed_sound_731,police,516.8,9d74cc9bd0a72bb96b7a6978f67387e4,44100,2,16,132300,3.0,True,mixed_sound_#,police_731,0.5893893241882324,0.04399038461538462,1096.6331533881587,1515.8404784095153
mixed_sound_731_1.wav,mixed_sound_731_1,police,516.8,72eae3901ced1fe136604567b12e1903,44100,2,16,132300,3.0,True,mixed_sound_#_#,police_731,0.45241817831993103,0.14003530649038462,2522.070664974409,2439.1585182018994
mixed_sound_732.wav,mixed_sound_732,police,516.8,ce34f01f8fc693a0e81080e583fbbfff,44100,2,16,132300,3.0,True,mixed_sound_#,police_732,0.5398353934288025,0.09515850360576923,2092.724125533735,2247.561936688872
mixed_sound_732_1.wav,mixed_sound_732_1,police,516.8,4382651187a35b3572e6e3c15b45558b,44100,2,16,132300,3.0,True,mixed_sound_#_#,police_732,0.5628508925437927,0.05289588341346154,1336.3298430845377,1772.4626529120158
mixed_sound_733.wav,mixed_sound_733,police,516.8,0832d7b5167ffcbf6c28a75cd0a541a8,44100,2,16,132300,3.0,True,mixed_sound_#,police_733,0.3404504954814911,0.0941631610576923,1997.5956087562845,2109.5493116240445
mixed_sound_733_1.wav,mixed_sound_733_1,police,516.8,e60c2ae0a61ef75758e495b8438b768c,44100,2,16,132300,3.0,True,mixed_sound_#_#,police_733,0.5912624001502991,0.05230994591346154,1333.2619277363156,1765.5606310844555
mixed_sound_734.wav,mixed_sound_734,police,516.8,13a6d3cd502ce80e956c35e2c2c69d8a,44100,2,16,132300,3.0,True,mixed_sound_#,police_734,0.5927995443344116,0.04643930288461538,1121.0243846978203,1520.3940805652503
mixed_sound_734_1.wav,mixed_sound_734_1,police,516.8,47b826bf15c079e46bf8d473515e696e,44100,2,16,132300,3.0,True,mixed_sound_#_#,police_734,0.5587689876556396,0.05286959134615385,1316.2454922141924,1681.6159484794744
mixed_sound_735.wav,mixed_sound_735,police,516.8,a7d6b647807bb0b7e7ed62b099d367f2,44100,2,16,132300,3.0,True,mixed_sound_#,police_735,0.49258410930633545,0.09509840745192308,1992.1930220232537,2260.1511728414907
mixed_sound_735_1.wav,mixed_sound_735_1,police,516.8,21cc69ce38dc01ff89d268b3223a2e04,44100,2,16,132300,3.0,True,mixed_sound_#_#,police_735,0.5836372971534729,0.065771484375,1428.0377668183282,1755.6716406597338
mixed_sound_736.wav,mixed_sound_736,police,516.8,73d7d1209e0518af47a9e2a43b7e45cf,44100,2,16,132300,3.0,True,mixed_sound_#,police_736,0.5478375554084778,0.07759164663461539,1925.6065737234053,2161.600324100471
mixed_sound_736_1.wav,mixed_sound_736_1,police,516.8,a669a64bc9cb77f193c166fe2370e10c,44100,2,16,132300,3.0,True,mixed_sound_#_#,police_736,0.48315319418907166,0.12949969951923077,2397.6359258534035,2373.8378197362836
mixed_sound_737.wav,mixed_sound_737,police,516.8,8f35324907e19fea5339d51d1c3d5ad2,44100,2,16,132300,3.0,True,mixed_sound_#,police_737,0.502635657787323,0.053335336538461536,1190.9821141183565,1487.332748352504
mixed_sound_737_1.wav,mixed_sound_737_1,police,516.8,4ff89a636416ba720d2dd557c7811ee0,44100,2,16,132300,3.0,True,mixed_sound_#_#,police_737,0.4910511076450348,0.11603816105769231,2274.450349015805,2309.0070859897282
mixed_sound_738.wav,mixed_sound_738,police,516.8,2a8455ab5e50bf9b12952c8efcc647f9,44100,2,16,132300,3.0,True,mixed_sound_#,police_738,0.6040324568748474,0.06290564903846153,1369.511531158124,1648.15815223464
mixed_sound_738_1.wav,mixed_sound_738_1,police,516.8,1e9c6224397030a3985753bb00eeb6bf,44100,2,16,132300,3.0,True,mixed_sound_#_#,police_738,0.4297720193862915,0.101513671875,1870.293428573881,1998.50799071493
mixed_sound_739.wav,mixed_sound_739,police,516.8,dd56399affb803445b0cb4c584e04dd1,44100,2,16,132300,3.0,True,mixed_sound_#,police_739,0.567359983921051,0.04588341346153846,1149.6862838476375,1443.3283451693262
mixed_sound_739_1.wav,mixed_sound_739_1,police,516.8,33b25f0cb7171e8df6ea561dffaafdb4,44100,2,16,132300,3.0,True,mixed_sound_#_#,police_739,0.5512564778327942,0.06654146634615385,1413.6406682952327,1699.2174807543126
mixed_sound_740.wav,mixed_sound_740,police,516.8,0a3bc7928eadd47b51cf235cb79c9a52,44100,2,16,132300,3.0,True,mixed_sound_#,police_740,0.4188091456890106,0.16743539663461537,2544.459606027709,2369.451158120899
mixed_sound_740_1.wav,mixed_sound_740_1,police,516.8,7222be7a5b776d95b7025a7ce4387067,44100,2,16,132300,3.0,True,mixed_sound_#_#,police_740,0.4820537865161896,0.10755709134615385,2090.01861974399,2188.015118873849
mixed_sound_741.wav,mixed_sound_741,police,516.8,c02209bec006e15ff0e582a5fb4abc52,44100,2,16,132300,3.0,True,mixed_sound_#,police_741,0.5301834940910339,0.1563025841346154,2364.5091815757755,2331.7494609284718
mixed_sound_741_1.wav,mixed_sound_741_1,police,516.8,9bfd1552d1f90ff1dadda1b6f28ac7a4,44100,2,16,132300,3.0,True,mixed_sound_#_#,police_741,0.45860499143600464,0.12287034254807692,2214.726527617786,2257.0759928222456
mixed_sound_742.wav,mixed_sound_742,police,516.8,f35a812a3f136552f99246762b06033c,44100,2,16,132300,3.0,True,mixed_sound_#,police_742,0.5562053918838501,0.09229642427884616,2067.688869320635,2232.7792697172936
mixed_sound_742_1.wav,mixed_sound_742_1,police,516.8,98a8ae5e04bfb1815f8c29fce0d85ba2,44100,2,16,132300,3.0,True,mixed_sound_#_#,police_742,0.5907681584358215,0.06448692908653846,1403.9532722705808,1690.6413507686755
mixed_sound_743.wav,mixed_sound_743,police,516.8,9278f482f4fc1a651608905c34518b58,44100,2,16,132300,3.0,True,mixed_sound_#,police_743,0.5133722424507141,0.12386192908653847,2441.7770918085134,2506.004182732973
mixed_sound_743_1.wav,mixed_sound_743_1,police,516.8,a3b1de1dce1246acc74a5c0fa8085e3b,44100,2,16,132300,3.0,True,mixed_sound_#_#,police_743,0.5821200609207153,0.10248272235576923,2222.381984211944,2240.16788583881
mixed_sound_744.wav,mixed_sound_744,police,516.8,69e40de00ac84c1d4aca6e02f58aa6b8,44100,2,16,132300,3.0,True,mixed_sound_#,police_744,0.44772103428840637,0.1778057391826923,2755.0481206598483,2508.7479507591584
mixed_sound_744_1.wav,mixed_sound_744_1,police,516.8,d8da0f6e7e7478c2cd508f6f4abb93f7,44100,2,16,132300,3.0,True,mixed_sound_#_#,police_744,0.4845700263977051,0.10701622596153847,2099.9096470592685,2255.658345754193
mixed_sound_745.wav,mixed_sound_745,police,516.8,e4c20bdb2d55fbd2319b000cc268bb9f,44100,2,16,132300,3.0,True,mixed_sound_#,police_745,0.5484816431999207,0.07703951322115385,1475.3626516152692,1762.642295410369
mixed_sound_745_1.wav,mixed_sound_745_1,police,516.8,be427415688655c147147b3a389e8c21,44100,2,16,132300,3.0,True,mixed_sound_#_#,police_745,0.5625540614128113,0.07361027644230769,1918.8638344613714,2237.877408435352
mixed_sound_746.wav,mixed_sound_746,police,516.8,32e2ee984a0c416cdbf23bf8a9800b61,44100,2,16,132300,3.0,True,mixed_sound_#,police_746,0.3612084686756134,0.12740760216346153,2175.468937876287,2169.531294088102
mixed_sound_746_1.wav,mixed_sound_746_1,police,516.8,5db4b053860078630193a87e24744eff,44100,2,16,132300,3.0,True,mixed_sound_#_#,police_746,0.5502548813819885,0.10550255408653846,2209.598233529386,2250.676090439253
mixed_sound_747.wav,mixed_sound_747,police,516.8,ddb5f9482f1de719df2f56a548155009,44100,2,16,132300,3.0,True,mixed_sound_#,police_747,0.4164009988307953,0.15796274038461539,2603.622736084763,2363.4024613111305
mixed_sound_747_1.wav,mixed_sound_747_1,police,516.8,4281b7e57505d4bb05501c4761270cec,44100,2,16,132300,3.0,True,mixed_sound_#_#,police_747,0.4405478537082672,0.166162109375,2559.9089748979122,2313.5771590950426
mixed_sound_748.wav,mixed_sound_748,police,516.8,c28c6bb7bfb32f1690ffc6fe25dcefcc,44100,2,16,132300,3.0,True,mixed_sound_#,police_748,0.5515497326850891,0.062180739182692304,1357.5882375846536,1666.0903422228828
mixed_sound_748_1.wav,mixed_sound_748_1,police,516.8,a173a624ad01a9cb1bc811fcb90ecf14,44100,2,16,132300,3.0,True,mixed_sound_#_#,police_748,0.537841796875,0.06609450120192308,1429.9312772303274,1739.0801625814652
mixed_sound_749.wav,mixed_sound_749,police,516.8,cf61fb6d5eed2d8328b5241813b451ef,44100,2,16,132300,3.0,True,mixed_sound_#,police_749,0.5810192227363586,0.06514047475961539,1905.6785121628845,2153.0759621429183
mixed_sound_749_1.wav,mixed_sound_749_1,police,516.8,a79694b40dcd7bdb72c7a99c09411513,44100,2,16,132300,3.0,True,mixed_sound_#_#,police_749,0.5827363729476929,0.06792743389423077,1397.2777483157834,1674.4458405573494
mixed_sound_750.wav,mixed_sound_750,police,516.8,7e1369b67aec34cacbfd47fd4665dda3,44100,2,16,132300,3.0,True,mixed_sound_#,police_750,0.5065618753433228,0.1182391826923077,2252.163829926885,2216.00715110843
mixed_sound_750_1.wav,mixed_sound_750_1,police,516.8,e0b8ec7404e2a53ba850215a7b4120ce,44100,2,16,132300,3.0,True,mixed_sound_#_#,police_750,0.5716562271118164,0.05502178485576923,1390.8443673911333,1772.3180598899592
mixed_sound_751.wav,mixed_sound_751,police,516.8,2aa8348e22baa2fe0a7830f464b89e7d,44100,2,16,132300,3.0,True,mixed_sound_#,police_751,0.528144121170044,0.04943284254807692,1112.04439445432,1477.447727821038
mixed_sound_751_1.wav,mixed_sound_751_1,police,516.8,12f59e860a39d721293012299bce3a95,44100,2,16,132300,3.0,True,mixed_sound_#_#,police_751,0.541395366191864,0.056618088942307694,1280.931093360336,1662.2259935190586
mixed_sound_752.wav,mixed_sound_752,police,516.8,858add49fac771e194a230eb3b8d6981,44100,2,16,132300,3.0,True,mixed_sound_#,police_752,0.5721339583396912,0.06117412860576923,1323.3460768482232,1659.58877511963
mixed_sound_752_1.wav,mixed_sound_752_1,police,516.8,f6af4864bbe679f0749ba9ceca33ca6b,44100,2,16,132300,3.0,True,mixed_sound_#_#,police_752,0.4790855944156647,0.1764423076923077,2844.2034628976457,2512.6575551329333
mixed_sound_753.wav,mixed_sound_753,police,516.8,f36ca570dc363da8b3067cbc32550549,44100,2,16,132300,3.0,True,mixed_sound_#,police_753,0.35221022367477417,0.2164325420673077,3031.82698794502,2533.7310489898027
mixed_sound_753_1.wav,mixed_sound_753_1,police,516.8,1604fa521e1612e4f301e4c65b90aa3b,44100,2,16,132300,3.0,True,mixed_sound_#_#,police_753,0.5481486320495605,0.10850736177884615,2232.992631809854,2273.6016751667908
mixed_sound_754.wav,mixed_sound_754,police,516.8,428523fea1ee6c646c33e23a839d2c68,44100,2,16,132300,3.0,True,mixed_sound_#,police_754,0.35928502678871155,0.12172475961538462,2251.650015368978,2355.5047825030483
mixed_sound_754_1.wav,mixed_sound_754_1,police,516.8,15359f5dd21c629c2c15c86b7c906225,44100,2,16,132300,3.0,True,mixed_sound_#_#,police_754,0.5485775470733643,0.07524038461538461,2074.133944151465,2369.700281174759
mixed_sound_755.wav,mixed_sound_755,police,516.8,e495d464303d7b98f540e442a8090530,44100,2,16,132300,3.0,True,mixed_sound_#,police_755,0.44986966252326965,0.10982196514423077,2301.148085947975,2467.4497254284815
mixed_sound_755_1.wav,mixed_sound_755_1,police,516.8,d18040b1c68bbab166287c3ef2b30470,44100,2,16,132300,3.0,True,mixed_sound_#_#,police_755,0.3745935261249542,0.08192608173076923,1572.2190910945935,1859.6043406773815
mixed_sound_756.wav,mixed_sound_756,police,516.8,1d23997e77a800d9c17c51801d6eed1b,44100,2,16,132300,3.0,True,mixed_sound_#,police_756,0.45614418387413025,0.13637319711538462,2415.737799627197,2420.591462580128
mixed_sound_756_1.wav,mixed_sound_756_1,police,516.8,9be855d3eb070f22f856ba2303111fe7,44100,2,16,132300,3.0,True,mixed_sound_#_#,police_756,0.49803265929222107,0.11405874399038461,2214.930204660304,2261.5007046061105
mixed_sound_757.wav,mixed_sound_757,police,516.8,36faf0b90dee46dccd80b45bb59afad1,44100,2,16,132300,3.0,True,mixed_sound_#,police_757,0.6067012548446655,0.04806189903846154,1198.8107680511916,1575.2063182991108
mixed_sound_757_1.wav,mixed_sound_757_1,police,516.8,dd2eb2827cf9c6259a1bfcc829437cc4,44100,2,16,132300,3.0,True,mixed_sound_#_#,police_757,0.5750149488449097,0.07163837139423077,1530.373570795467,1822.9964334581368
mixed_sound_758.wav,mixed_sound_758,police,516.8,8377af863ddca8a09628e3fcb77754a0,44100,2,16,132300,3.0,True,mixed_sound_#,police_758,0.6055654883384705,0.07070688100961539,1450.7962965344864,1750.9494761887481
mixed_sound_758_1.wav,mixed_sound_758_1,police,516.8,bf4038b2baff0d346d2ecf541cec9800,44100,2,16,132300,3.0,True,mixed_sound_#_#,police_758,0.3792365491390228,0.17090219350961539,2624.7276883927575,2304.450710676077
mixed_sound_759.wav,mixed_sound_759,police,516.8,113f230dabed24855cc3650a8903ceff,44100,2,16,132300,3.0,True,mixed_sound_#,police_759,0.6231430768966675,0.08891225961538461,1626.4889517189697,1971.291438518844
mixed_sound_759_1.wav,mixed_sound_759_1,police,516.8,18ced721b66c3a1db324f2a762ccbd02,44100,2,16,132300,3.0,True,mixed_sound_#_#,police_759,0.555350124835968,0.1023700420673077,1689.614695260546,1895.8216106631946
mixed_sound_760.wav,mixed_sound_760,police,516.8,87e7a2933d8c3694c316dae7fe611cdc,44100,2,16,132300,3.0,True,mixed_sound_#,police_760,0.5924320220947266,0.102880859375,2248.388450442885,2269.497852340312
mixed_sound_760_1.wav,mixed_sound_760_1,police,516.8,0f7bacba2b9051cbdc52ac4dc72156c0,44100,2,16,132300,3.0,True,mixed_sound_#_#,police_760,0.5951805710792542,0.06091496394230769,1526.2114729380512,1862.5771274925648
mixed_sound_761.wav,mixed_sound_761,police,516.8,56ebc538fd83b946ef36a49f2a69b183,44100,2,16,132300,3.0,True,mixed_sound_#,police_761,0.632210373878479,0.06290564903846153,1362.827070227455,1624.4556428856715
mixed_sound_761_1.wav,mixed_sound_761_1,police,516.8,17ee600f5de92b5576c33e746d7a9190,44100,2,16,132300,3.0,True,mixed_sound_#_#,police_761,0.578662097454071,0.08303786057692308,2054.305218735426,2335.4620416433872
mixed_sound_762.wav,mixed_sound_762,police,516.8,56ec8eec488d74e9a1eac5209c67ee53,44100,2,16,132300,3.0,True,mixed_sound_#,police_762,0.48393532633781433,0.16783353365384615,2643.551616274141,2364.099018254178
mixed_sound_762_1.wav,mixed_sound_762_1,police,516.8,bc5dc6cc795e8798ba75572060a9498a,44100,2,16,132300,3.0,True,mixed_sound_#_#,police_762,0.44429951906204224,0.17652493990384616,2726.170825340356,2493.4792017021873
mixed_sound_763.wav,mixed_sound_763,police,516.8,bc83d4bca92d87dfe16d452a057a13f9,44100,2,16,132300,3.0,True,mixed_sound_#,police_763,0.5220131278038025,0.09978590745192308,1885.6696004187365,1979.3874863863869
mixed_sound_763_1.wav,mixed_sound_763_1,police,516.8,5be73fef44b875cf580261cc2f3d6d36,44100,2,16,132300,3.0,True,mixed_sound_#_#,police_763,0.580224335193634,0.0891376201923077,2044.7116986955095,2279.5339192217366
mixed_sound_764.wav,mixed_sound_764,police,516.8,a965d9d2a8ab406e7f9db2e012831a18,44100,2,16,132300,3.0,True,mixed_sound_#,police_764,0.6156278252601624,0.09961688701923077,2157.611484403888,2207.915795983279
mixed_sound_764_1.wav,mixed_sound_764_1,police,516.8,526c0dc6346e0fa9c0e6010d6807f7d3,44100,2,16,132300,3.0,True,mixed_sound_#_#,police_764,0.5368268489837646,0.13987379807692307,2456.212755379456,2391.6759457709827
mixed_sound_765.wav,mixed_sound_765,police,516.8,cb29dfb9485878acf316f693be0a761b,44100,2,16,132300,3.0,True,mixed_sound_#,police_765,0.6773718595504761,0.06310471754807692,1521.5086680464433,1754.899618357459
mixed_sound_765_1.wav,mixed_sound_765_1,police,516.8,4d3c55b5a2432d53e2b0da643441ec07,44100,2,16,132300,3.0,True,mixed_sound_#_#,police_765,0.5770055651664734,0.1120868389423077,2314.667367445998,2307.081021317802
mixed_sound_766.wav,mixed_sound_766,police,516.8,b61776e8993f86c08acbc09284fd92b7,44100,2,16,132300,3.0,True,mixed_sound_#,police_766,0.6155518889427185,0.09698016826923077,2177.4053299537727,2214.3216428442197
mixed_sound_766_1.wav,mixed_sound_766_1,police,516.8,629693968c2601e58f26137c740b2e24,44100,2,16,132300,3.0,True,mixed_sound_#_#,police_766,0.6336879134178162,0.055833082932692304,1335.9211296676694,1650.890672181447
mixed_sound_767.wav,mixed_sound_767,police,516.8,bd196718383525440ef74727aae8d9a0,44100,2,16,132300,3.0,True,mixed_sound_#,police_767,0.48084792494773865,0.13219651442307692,2311.6659021971973,2258.1356118791514
mixed_sound_767_1.wav,mixed_sound_767_1,police,516.8,9ff95c4c1a32f57b5595cfdba72f8d8c,44100,2,16,132300,3.0,True,mixed_sound_#_#,police_767,0.6021621823310852,0.05886418269230769,1322.097727588942,1624.1962508320244
mixed_sound_768.wav,mixed_sound_768,police,516.8,7b542996311a7f4ccbb5ad62c4f338f7,44100,2,16,132300,3.0,True,mixed_sound_#,police_768,0.5494670271873474,0.12891376201923077,2356.7482506758884,2375.2114183791587
mixed_sound_768_1.wav,mixed_sound_768_1,police,516.8,dea8e935130f5d7387b599cb5b4d0fa3,44100,2,16,132300,3.0,True,mixed_sound_#_#,police_768,0.5626476407051086,0.08644831730769231,2087.1175944537686,2250.553747874912
mixed_sound_769.wav,mixed_sound_769,police,516.8,6982882938614b0f36b78574db63839d,44100,2,16,132300,3.0,True,mixed_sound_#,police_769,0.4721049964427948,0.14744966947115384,2327.750652113994,2223.313871267979
mixed_sound_769_1.wav,mixed_sound_769_1,police,516.8,a3a94ee89d91f64ea31074d7203d902a,44100,2,16,132300,3.0,True,mixed_sound_#_#,police_769,0.6132878661155701,0.05374474158653846,1304.6707825255419,1690.8132494031493
mixed_sound_770.wav,mixed_sound_770,police,516.8,706b5334b4b4d286d7c9a3f30523f5e5,44100,2,16,132300,3.0,True,mixed_sound_#,police_770,0.4239999055862427,0.09462515024038462,1858.1624110397904,1958.6472815661518
mixed_sound_770_1.wav,mixed_sound_770_1,police,516.8,117e02c58701f3598211fdd7120fb138,44100,2,16,132300,3.0,True,mixed_sound_#_#,police_770,0.6209288239479065,0.05163762019230769,1272.7083499457315,1614.9932560379357
mixed_sound_771.wav,mixed_sound_771,police,516.8,6378e780cc2ebe19dba594425b988bba,44100,2,16,132300,3.0,True,mixed_sound_#,police_771,0.5707586407661438,0.10202073317307692,2112.27665604968,2197.2021447845054
mixed_sound_771_1.wav,mixed_sound_771_1,police,516.8,0f30c212626e2e84aefdc29ab4e1626c,44100,2,16,132300,3.0,True,mixed_sound_#_#,police_771,0.5863105058670044,0.055731670673076925,1325.6850480845333,1677.0798439262153
mixed_sound_772.wav,mixed_sound_772,police,516.8,1150ed7e7108154f5c5804d79fef82a9,44100,2,16,132300,3.0,True,mixed_sound_#,police_772,0.5520878434181213,0.07104116586538461,1944.5816497126496,2277.428639795566
mixed_sound_772_1.wav,mixed_sound_772_1,police,516.8,ad581e008c7363ae6ebec9d36003ff29,44100,2,16,132300,3.0,True,mixed_sound_#_#,police_772,0.4948297441005707,0.16935096153846155,2768.022198321295,2490.992568318615
mixed_sound_773.wav,mixed_sound_773,police,516.8,ce02d1302d3a459f2ca52e2b9baea6b9,44100,2,16,132300,3.0,True,mixed_sound_#,police_773,0.583429753780365,0.092333984375,2040.2861418426462,2194.392571011129
mixed_sound_773_1.wav,mixed_sound_773_1,police,516.8,36300b960cb26642b8de5550d9ba0b8d,44100,2,16,132300,3.0,True,mixed_sound_#_#,police_773,0.5740612745285034,0.08822866586538461,2054.6744915648496,2325.1931754692046
mixed_sound_774.wav,mixed_sound_774,police,516.8,13532500cc609f0fe23cb971b51ff85b,44100,2,16,132300,3.0,True,mixed_sound_#,police_774,0.5742310881614685,0.10770733173076923,2163.106428964628,2169.524557693292
mixed_sound_774_1.wav,mixed_sound_774_1,police,516.8,3459dde7130a61fc157404b6bd677137,44100,2,16,132300,3.0,True,mixed_sound_#_#,police_774,0.6233474016189575,0.055495042067307696,1306.9016538532271,1642.571244726104
mixed_sound_775.wav,mixed_sound_775,police,516.8,2b44682a7c2501dffc1917efef83b4a9,44100,2,16,132300,3.0,True,mixed_sound_#,police_775,0.6170856952667236,0.05979567307692308,1302.539623327625,1562.9556524152822
mixed_sound_775_1.wav,mixed_sound_775_1,police,516.8,65164b7d0007ede1d61957acc0bfb785,44100,2,16,132300,3.0,True,mixed_sound_#_#,police_775,0.5608681440353394,0.08265099158653846,2031.8909820657161,2300.847434061262
mixed_sound_776.wav,mixed_sound_776,police,516.8,1af58f76a08a1668511066fe09069731,44100,2,16,132300,3.0,True,mixed_sound_#,police_776,0.6367324590682983,0.06402869591346154,1382.902322093065,1627.1893075414132
mixed_sound_776_1.wav,mixed_sound_776_1,police,516.8,08f0cdf24feb66e2f74fbf77f740d4b9,44100,2,16,132300,3.0,True,mixed_sound_#_#,police_776,0.6012262105941772,0.0647723858173077,1381.7558422755517,1653.9458188599053
mixed_sound_777.wav,mixed_sound_777,police,516.8,82085f408a87f4a21d4a42637fc3e0e5,44100,2,16,132300,3.0,True,mixed_sound_#,police_777,0.57126384973526,0.07740009014423077,1471.764268894445,1605.165738161204
mixed_sound_777_1.wav,mixed_sound_777_1,police,516.8,eb182e19faf7cefd1bda09702d3f48ca,44100,2,16,132300,3.0,True,mixed_sound_#_#,police_777,0.43246036767959595,0.16151216947115385,2453.79452468808,2272.4219620792355
mixed_sound_778.wav,mixed_sound_778,police,516.8,b59d93d3ca5a2d2560d8dd02996fe593,44100,2,16,132300,3.0,True,mixed_sound_#,police_778,0.660670280456543,0.06598557692307692,1504.2375207066311,1714.9757862020344
mixed_sound_778_1.wav,mixed_sound_778_1,police,516.8,ff90ac3e288b6f1a6ddd53f6d49ed16a,44100,2,16,132300,3.0,True,mixed_sound_#_#,police_778,0.6168242692947388,0.070703125,1473.3513773083728,1701.4234343252176
mixed_sound_779.wav,mixed_sound_779,police,516.8,c10f5c61d1522db5cc3c606f681e19c0,44100,2,16,132300,3.0,True,mixed_sound_#,police_779,0.6696261763572693,0.06578275240384615,1510.802543341496,1741.1587383000021
mixed_sound_779_1.wav,mixed_sound_779_1,police,516.8,5147a433ed42170cb7ffde6e1dd2cb54,44100,2,16,132300,3.0,True,mixed_sound_#_#,police_779,0.5759748816490173,0.06986177884615384,1472.579524464479,1735.774996163266
mixed_sound_780.wav,mixed_sound_780,police,516.8,ec323f5970ff1e58fb1a2b0423a153b3,44100,2,16,132300,3.0,True,mixed_sound_#,police_780,0.5938810110092163,0.06498272235576923,1327.9456930420083,1545.4099939215491
mixed_sound_780_1.wav,mixed_sound_780_1,police,516.8,adef02bddd86efa9c498f3c82632fa5a,44100,2,16,132300,3.0,True,mixed_sound_#_#,police_780,0.5818348526954651,0.05775240384615385,1332.8142002282193,1627.5216796546642
mixed_sound_781.wav,mixed_sound_781,police,516.8,4ed86a2c8123fbba8a513a7892280655,44100,2,16,132300,3.0,True,mixed_sound_#,police_781,0.5926937460899353,0.066259765625,1693.3165176920252,2052.0973486844023
mixed_sound_781_1.wav,mixed_sound_781_1,police,516.8,d02af2391f15b2245971dcc3702fc749,44100,2,16,132300,3.0,True,mixed_sound_#_#,police_781,0.6075742244720459,0.059964693509615384,1303.0943586501378,1621.0862252023303
mixed_sound_782.wav,mixed_sound_782,police,516.8,5bfd24cf6eb3523dc40c7468618a7e58,44100,2,16,132300,3.0,True,mixed_sound_#,police_782,0.5851198434829712,0.05555889423076923,1166.3744519825896,1386.3179261548419
mixed_sound_782_1.wav,mixed_sound_782_1,police,516.8,256cd8a0322e4410b355fc3f18758878,44100,2,16,132300,3.0,True,mixed_sound_#_#,police_782,0.45112699270248413,0.07691556490384616,1402.9790400437603,1630.2777814832684
mixed_sound_783.wav,mixed_sound_783,police,516.8,cfcc6433366cd525bb002b9224cd96da,44100,2,16,132300,3.0,True,mixed_sound_#,police_783,0.6280660033226013,0.052685546875,1164.8003369863811,1438.9962220442276
mixed_sound_783_1.wav,mixed_sound_783_1,police,516.8,ed7ae89660e8d120139b0682cfe19c39,44100,2,16,132300,3.0,True,mixed_sound_#_#,police_783,0.5249172449111938,0.13090444711538463,2348.5516755435665,2333.721943086524
mixed_sound_784.wav,mixed_sound_784,police,516.8,8f7d9783d4a86da14659151891a3a680,44100,2,16,132300,3.0,True,mixed_sound_#,police_784,0.5673578977584839,0.07908653846153846,2007.099348057297,2307.347096811676
mixed_sound_784_1.wav,mixed_sound_784_1,police,516.8,ae9616e439643e79cf338c8eaf2addcf,44100,2,16,132300,3.0,True,mixed_sound_#_#,police_784,0.44899627566337585,0.14381009615384616,2442.668291330883,2403.0198064709048
mixed_sound_785.wav,mixed_sound_785,police,516.8,0a661a38f3e814a8de32b5df97fb398e,44100,2,16,132300,3.0,True,mixed_sound_#,police_785,0.6109607815742493,0.06269906850961539,1258.3555404685771,1512.0184233217951
mixed_sound_785_1.wav,mixed_sound_785_1,police,516.8,1c878b070fb49acbd89162e40830710d,44100,2,16,132300,3.0,True,mixed_sound_#_#,police_785,0.4946872889995575,0.11169621394230769,2145.0935466089445,2248.6949868936845
mixed_sound_786.wav,mixed_sound_786,police,516.8,38ecb4fdfd25558f6c8eb5e1a6ea1af2,44100,2,16,132300,3.0,True,mixed_sound_#,police_786,0.4425413906574249,0.09776517427884615,2063.8718478234678,2263.3985329160746
mixed_sound_786_1.wav,mixed_sound_786_1,police,516.8,6b42169cfccdabbfa00594badef8cc6b,44100,2,16,132300,3.0,True,mixed_sound_#_#,police_786,0.5389468669891357,0.06041917067307692,1329.81983912631,1636.6540722731909
mixed_sound_787.wav,mixed_sound_787,police,516.8,e261676dc3ebb9b3be210ebda66834f8,44100,2,16,132300,3.0,True,mixed_sound_#,police_787,0.6302749514579773,0.061275540865384615,1288.7578622069757,1553.076536362537
mixed_sound_787_1.wav,mixed_sound_787_1,police,516.8,1152d89393d75a3fed3d0fac1327ee5b,44100,2,16,132300,3.0,True,mixed_sound_#_#,police_787,0.6184030175209045,0.055517578125,1297.1765588417845,1640.4061812778436
mixed_sound_788.wav,mixed_sound_788,police,516.8,10cd816369fbfa62f093543204e2875f,44100,2,16,132300,3.0,True,mixed_sound_#,police_788,0.5941666960716248,0.049169921875,1140.714215282627,1491.6077801677434
mixed_sound_788_1.wav,mixed_sound_788_1,police,516.8,385d26a43cc83a2edfbfec2ac81f7a07,44100,2,16,132300,3.0,True,mixed_sound_#_#,police_788,0.6342326998710632,0.049320162259615385,1280.442509905665,1648.328165008748
mixed_sound_789.wav,mixed_sound_789,police,516.8,b7b853df9b8dbe547e86d8530f5b1475,44100,2,16,132300,3.0,True,mixed_sound_#,police_789,0.5198412537574768,0.10701246995192308,2157.544015387226,2274.269787873876
mixed_sound_789_1.wav,mixed_sound_789_1,police,516.8,1dc626aa7683d1503626a88f9423f259,44100,2,16,132300,3.0,True,mixed_sound_#_#,police_789,0.5978981852531433,0.05028545673076923,1282.8278193069182,1652.908163240717
mixed_sound_790.wav,mixed_sound_790,police,516.8,dfb905d16135fe1c9e9146a7804c030c,44100,2,16,132300,3.0,True,mixed_sound_#,police_790,0.5536850094795227,0.07589768629807692,2027.0062855785095,2362.123428637731
mixed_sound_790_1.wav,mixed_sound_790_1,police,516.8,ef6088841b7a8a173ef7da743f6f45cc,44100,2,16,132300,3.0,True,mixed_sound_#_#,police_790,0.5710328221321106,0.13150165264423078,2426.3958605759476,2344.461918013118
mixed_sound_791.wav,mixed_sound_791,police,516.8,34f04e83742e7cdf05e2f9e8dcc3d15e,44100,2,16,132300,3.0,True,mixed_sound_#,police_791,0.6167478561401367,0.05770733173076923,1239.4473091318962,1531.1848032984885
mixed_sound_791_1.wav,mixed_sound_791_1,police,516.8,557583f326f1654fedaeca3ae5e22b4d,44100,2,16,132300,3.0,True,mixed_sound_#_#,police_791,0.5107120275497437,0.12247971754807692,2340.497526569218,2364.7586679851042
mixed_sound_792.wav,mixed_sound_792,police,516.8,cb25b9a6031b104f96fe052ecdea98fe,44100,2,16,132300,3.0,True,mixed_sound_#,police_792,0.4196290373802185,0.06251502403846154,1087.357017940256,1277.756906629419
mixed_sound_792_1.wav,mixed_sound_792_1,police,516.8,8088fdfb42a3a379c6816f4ed8e41712,44100,2,16,132300,3.0,True,mixed_sound_#_#,police_792,0.4475041329860687,0.14343825120192308,2471.651192013276,2419.4637785024443
mixed_sound_793.wav,mixed_sound_793,police,516.8,19c0b7c220a9ad64c0e5ba79ceffd293,44100,2,16,132300,3.0,True,mixed_sound_#,police_793,0.469310998916626,0.09807316706730769,2053.246452590318,2225.2441514028897
mixed_sound_793_1.wav,mixed_sound_793_1,police,516.8,1cdc5e40dbc508f2b23bc04fe3b23641,44100,2,16,132300,3.0,True,mixed_sound_#_#,police_793,0.4945961534976959,0.21417518028846153,2957.9783219299175,2502.4676101626515
mixed_sound_794.wav,mixed_sound_794,police,516.8,a260faca9f8dbb34fe951419eaac38ba,44100,2,16,132300,3.0,True,mixed_sound_#,police_794,0.6108951568603516,0.047738882211538464,1120.9756661376525,1454.2152650198157
mixed_sound_794_1.wav,mixed_sound_794_1,police,516.8,29949c9772ef3b1cd8a544e3177a6d09,44100,2,16,132300,3.0,True,mixed_sound_#_#,police_794,0.5335438251495361,0.06404747596153847,1344.4646307606788,1690.0299166355892
mixed_sound_795.wav,mixed_sound_795,police,516.8,c903d4348d967313512d15a8dcd1eb70,44100,2,16,132300,3.0,True,mixed_sound_#,police_795,0.5853177309036255,0.04781775841346154,1089.4790397371098,1377.8943392054393
mixed_sound_795_1.wav,mixed_sound_795_1,police,516.8,3583139121c8816ece56079e4b17b1ee,44100,2,16,132300,3.0,True,mixed_sound_#_#,police_795,0.5912451148033142,0.056219951923076925,1338.3356899713588,1680.525731173248
mixed_sound_796.wav,mixed_sound_796,police,516.8,8bc542fe17a3ce813bc8ee2487c8ceaa,44100,2,16,132300,3.0,True,mixed_sound_#,police_796,0.40852057933807373,0.13980994591346155,2300.8741121956123,2207.2066130282583
mixed_sound_796_1.wav,mixed_sound_796_1,police,516.8,1522ed0f58675a390b2dcdb6406daffd,44100,2,16,132300,3.0,True,mixed_sound_#_#,police_796,0.5954185724258423,0.05685471754807692,1364.6931813921735,1724.8721331471397
mixed_sound_797.wav,mixed_sound_797,police,516.8,cae4dc505fe1fd06478149b324d5ae48,44100,2,16,132300,3.0,True,mixed_sound_#,police_797,0.6179880499839783,0.06116286057692308,1280.1955901414908,1551.5067761044977
mixed_sound_797_1.wav,mixed_sound_797_1,police,516.8,b155ace6d0199109aa5da7c4a17596ba,44100,2,16,132300,3.0,True,mixed_sound_#_#,police_797,0.5865012407302856,0.06148212139423077,1341.246900887197,1674.9601685097048
mixed_sound_798.wav,mixed_sound_798,police,516.8,8f0f54e7396caed1101f0fdd2cb36dc2,44100,2,16,132300,3.0,True,mixed_sound_#,police_798,0.5707891583442688,0.053887469951923075,1137.9109630682408,1457.2207584636535
mixed_sound_798_1.wav,mixed_sound_798_1,police,516.8,2b86deccd28b95535ee1f739b3d2a2ca,44100,2,16,132300,3.0,True,mixed_sound_#_#,police_798,0.5938851833343506,0.05946138822115385,1378.4567216894836,1766.8067941843206
mixed_sound_799.wav,mixed_sound_799,police,516.8,dd953a7e3518092796e3892374618a55,44100,2,16,132300,3.0,True,mixed_sound_#,police_799,0.48427143692970276,0.155859375,2562.614298251607,2543.1788788172703
mixed_sound_799_1.wav,mixed_sound_799_1,police,516.8,941ddc7761e3534e25efe0baff94f43d,44100,2,16,132300,3.0,True,mixed_sound_#_#,police_799,0.584928035736084,0.06175255408653846,1382.4448202752553,1747.7901412094113
mixed_sound_800.wav,mixed_sound_800,police,516.8,ddcc792877b926652fc5d5bbded86257,44100,2,16,132300,3.0,True,mixed_sound_#,police_800,0.6049439311027527,0.04650315504807692,1067.5891984860386,1416.2972628439377
mixed_sound_800_1.wav,mixed_sound_800_1,police,516.8,782df358cfb2439696b9758c9fc813eb,44100,2,16,132300,3.0,True,mixed_sound_#_#,police_800,0.5587300062179565,0.10661808894230769,2162.2343225651252,2219.2952934924947
mixed_sound_801.wav,mixed_sound_801,police,516.8,600688951ccde6d21d1b01c126e6efca,44100,2,16,132300,3.0,True,mixed_sound_#,police_801,0.3236137926578522,0.1158203125,2027.2866838948353,2176.609539512777
mixed_sound_801_1.wav,mixed_sound_801_1,police,516.8,17b05e2229582feaa95007ca611171ab,44100,2,16,132300,3.0,True,mixed_sound_#_#,police_801,0.3824802041053772,0.13454026442307693,2345.2083091733584,2281.504991928275
mixed_sound_802.wav,mixed_sound_802,police,516.8,bc97455a8825c1c8f01c6b7efae23529,44100,2,16,132300,3.0,True,mixed_sound_#,police_802,0.5836119055747986,0.046826171875,1106.9092824115337,1494.3202873640955
mixed_sound_802_1.wav,mixed_sound_802_1,police,516.8,7c67257b991653db9fdb8c9d32e4fac6,44100,2,16,132300,3.0,True,mixed_sound_#_#,police_802,0.48624977469444275,0.20078876201923077,2791.9544512739576,2447.8250497027616
mixed_sound_803.wav,mixed_sound_803,police,516.8,03fc3e383eb696d614fc35f2e69b945a,44100,2,16,132300,3.0,True,mixed_sound_#,police_803,0.5869314074516296,0.05775615985576923,1240.5170160886532,1608.4227910712523
mixed_sound_803_1.wav,mixed_sound_803_1,police,516.8,2e93cd76464b43827998d67d9ed95678,44100,2,16,132300,3.0,True,mixed_sound_#_#,police_803,0.6049619317054749,0.05320387620192308,1284.7825376829558,1652.8930604923498
mixed_sound_804.wav,mixed_sound_804,police,516.8,a447fc8ca6743442ac26487242dbdd6d,44100,2,16,132300,3.0,True,mixed_sound_#,police_804,0.5533570051193237,0.08149789663461539,2131.2247456833115,2362.296345839753
mixed_sound_804_1.wav,mixed_sound_804_1,police,516.8,bc7f61d4bb2e308955c75ae2c2c28e57,44100,2,16,132300,3.0,True,mixed_sound_#_#,police_804,0.4666682779788971,0.11724384014423077,2196.0696099553893,2258.534568988953
mixed_sound_805.wav,mixed_sound_805,police,516.8,dd40608aea2700b5c4e55d08a072b263,44100,2,16,132300,3.0,True,mixed_sound_#,police_805,0.5853516459465027,0.049729567307692304,1142.527689409506,1511.2733981936349
mixed_sound_805_1.wav,mixed_sound_805_1,police,516.8,45ce285e19f3fbd41b15655b6b79e093,44100,2,16,132300,3.0,True,mixed_sound_#_#,police_805,0.5971934199333191,0.06285682091346154,1371.6267425145186,1661.0949285715558
mixed_sound_806.wav,mixed_sound_806,police,516.8,552286bc7a6e2ab89f9b0f4eadfd3eae,44100,2,16,132300,3.0,True,mixed_sound_#,police_806,0.5378813743591309,0.08411207932692308,1749.8114537891395,2082.518838945767
mixed_sound_806_1.wav,mixed_sound_806_1,police,516.8,3fd6b57830b4615100491e60655f7899,44100,2,16,132300,3.0,True,mixed_sound_#_#,police_806,0.5882405042648315,0.06441180889423077,1346.5494413746887,1653.3313981329495
mixed_sound_807.wav,mixed_sound_807,police,516.8,8468e14438ba81be300c403751d5e3f7,44100,2,16,132300,3.0,True,mixed_sound_#,police_807,0.46626192331314087,0.10389122596153846,2203.3453901875737,2367.956359914574
mixed_sound_807_1.wav,mixed_sound_807_1,police,516.8,ceae5af0ab9d4bc94793a87919fbaae9,44100,2,16,132300,3.0,True,mixed_sound_#_#,police_807,0.5575617551803589,0.08584359975961539,2082.3888880801733,2337.0988011074173
mixed_sound_808.wav,mixed_sound_808,police,516.8,eb5f669ba4fed5ee194de826596381f6,44100,2,16,132300,3.0,True,mixed_sound_#,police_808,0.562239408493042,0.08020582932692308,1903.0881480007454,2188.084610380477
mixed_sound_808_1.wav,mixed_sound_808_1,police,516.8,33c3a050a848e95b4a0924637d3fa566,44100,2,16,132300,3.0,True,mixed_sound_#_#,police_808,0.579761803150177,0.057421875,1341.340336276162,1727.3839545686394
mixed_sound_809.wav,mixed_sound_809,police,516.8,039836b349bd30eac0dc85e40023ce0d,44100,2,16,132300,3.0,True,mixed_sound_#,police_809,0.6045761108398438,0.0627178485576923,1292.7544818370268,1579.966239470408
mixed_sound_809_1.wav,mixed_sound_809_1,police,516.8,a3455e1f2a77b1a4758ace018565cbbd,44100,2,16,132300,3.0,True,mixed_sound_#_#,police_809,0.5850619673728943,0.06942983774038461,1911.8772357220607,2141.993912039745
mixed_sound_810.wav,mixed_sound_810,police,516.8,22d93e56928a17aac35f2d7b73894ebe,44100,2,16,132300,3.0,True,mixed_sound_#,police_810,0.443069189786911,0.08746243990384615,1986.676596526472,2316.647437699078
mixed_sound_810_1.wav,mixed_sound_810_1,police,516.8,e7370cb4fd822d190d286ad6a9739d49,44100,2,16,132300,3.0,True,mixed_sound_#_#,police_810,0.555387556552887,0.08309795673076924,1954.2486280299615,2143.763269538848
mixed_sound_811.wav,mixed_sound_811,police,516.8,b4625565baccad127abf9fb9658329a7,44100,2,16,132300,3.0,True,mixed_sound_#,police_811,0.6076064109802246,0.053857421875,1217.5932203741352,1578.198014178753
mixed_sound_811_1.wav,mixed_sound_811_1,police,516.8,143e2d8877462579304d92ac9f03cd6e,44100,2,16,132300,3.0,True,mixed_sound_#_#,police_811,0.5137418508529663,0.08527268629807692,1907.1491120060584,2143.735958566223
mixed_sound_812.wav,mixed_sound_812,police,516.8,f5c67acfb380cb3bcfff9c4644589ac1,44100,2,16,132300,3.0,True,mixed_sound_#,police_812,0.5921338796615601,0.06356670673076924,1231.8888622452607,1502.0470393451337
mixed_sound_812_1.wav,mixed_sound_812_1,police,516.8,dede5b1ddbe5b584a92f44b7de01a669,44100,2,16,132300,3.0,True,mixed_sound_#_#,police_812,0.5833433270454407,0.085302734375,2155.0466671802083,2401.2943391100093
mixed_sound_813.wav,mixed_sound_813,police,516.8,a6b2fd1ea757e33d6394f921b8e98a07,44100,2,16,132300,3.0,True,mixed_sound_#,police_813,0.5027998685836792,0.06197415865384615,1153.2837403255523,1449.894415924
mixed_sound_813_1.wav,mixed_sound_813_1,police,516.8,550d940247c2307352fb6b10cf679deb,44100,2,16,132300,3.0,True,mixed_sound_#_#,police_813,0.5895331501960754,0.08159930889423077,2108.944293839952,2362.9605511153986
mixed_sound_814.wav,mixed_sound_814,police,516.8,daf0753b7fcdf1a0ea220a5ba6395554,44100,2,16,132300,3.0,True,mixed_sound_#,police_814,0.5425290465354919,0.1193584735576923,2239.9669544266617,2279.9868056834543
mixed_sound_814_1.wav,mixed_sound_814_1,police,516.8,32e3bb98479ecfeb6ea37e5c96446c5f,44100,2,16,132300,3.0,True,mixed_sound_#_#,police_814,0.6093961000442505,0.05780874399038462,1365.7816910940312,1721.0450481820646
mixed_sound_815.wav,mixed_sound_815,police,516.8,75eab87d4604a46b929928e973ba7750,44100,2,16,132300,3.0,True,mixed_sound_#,police_815,0.5706771612167358,0.09124474158653846,2015.1667118380979,2179.8107535081717
mixed_sound_815_1.wav,mixed_sound_815_1,police,516.8,792d3ffad8539a225e815a7e5fa97fe1,44100,2,16,132300,3.0,True,mixed_sound_#_#,police_815,0.6174970269203186,0.05389873798076923,1306.3659881802423,1661.3095632721038
mixed_sound_816.wav,mixed_sound_816,police,516.8,05b8bd5ba923b0a30aaeed660d9eb317,44100,2,16,132300,3.0,True,mixed_sound_#,police_816,0.6320220828056335,0.044846754807692304,1116.5641842720727,1485.431871421533
mixed_sound_816_1.wav,mixed_sound_816_1,police,516.8,07f48c5593456242071e188ca142328d,44100,2,16,132300,3.0,True,mixed_sound_#_#,police_816,0.6164529919624329,0.052756911057692306,1311.0926064917926,1675.548874407206
mixed_sound_817.wav,mixed_sound_817,police,516.8,bf87ad7ed8fe9ccb8a302e8a64be4f47,44100,2,16,132300,3.0,True,mixed_sound_#,police_817,0.575467050075531,0.1095703125,2219.4402670479176,2265.108413911953
mixed_sound_817_1.wav,mixed_sound_817_1,police,516.8,023aa9b88202d461658fc00bfba1e64a,44100,2,16,132300,3.0,True,mixed_sound_#_#,police_817,0.6132373809814453,0.05359450120192308,1295.1533713104109,1657.2056103791383
mixed_sound_818.wav,mixed_sound_818,police,516.8,d8e337c9371f9ee7ee0bb4ee3aa57543,44100,2,16,132300,3.0,True,mixed_sound_#,police_818,0.5296893119812012,0.1208984375,2390.0179116583986,2398.0196949659526
mixed_sound_818_1.wav,mixed_sound_818_1,police,516.8,68f2a64fc662307aef67379e69495dda,44100,2,16,132300,3.0,True,mixed_sound_#_#,police_818,0.5912559628486633,0.060715895432692304,1341.0931899175212,1651.4280171326097
mixed_sound_819.wav,mixed_sound_819,police,516.8,c4fe75481c07e6203c1c402013189d06,44100,2,16,132300,3.0,True,mixed_sound_#,police_819,0.6050956845283508,0.055908203125,1272.8476863585206,1531.940386789247
mixed_sound_819_1.wav,mixed_sound_819_1,police,516.8,fe890008f5df146bffe26c44af012669,44100,2,16,132300,3.0,True,mixed_sound_#_#,police_819,0.45368441939353943,0.09476787860576923,1800.1313622519024,1944.6500085690202
mixed_sound_820.wav,mixed_sound_820,police,516.8,352b65df3d472f9f5eab2987b9a18996,44100,2,16,132300,3.0,True,mixed_sound_#,police_820,0.5451736450195312,0.1296123798076923,2256.117102697226,2148.231199410764
mixed_sound_820_1.wav,mixed_sound_820_1,police,516.8,341135c97fd5166cfb5da4fd3800643a,44100,2,16,132300,3.0,True,mixed_sound_#_#,police_820,0.5425440669059753,0.06582406850961539,1442.5350806216284,1653.5325045246364
mixed_sound_821.wav,mixed_sound_821,police,516.8,b42785d3038ee08ed1e0dcd7a7f940f1,44100,2,16,132300,3.0,True,mixed_sound_#,police_821,0.5892882347106934,0.05855618990384615,1317.4221230557262,1586.2084125301594
mixed_sound_821_1.wav,mixed_sound_821_1,police,516.8,5988d3d366d212016b76034b4cbcd3d4,44100,2,16,132300,3.0,True,mixed_sound_#_#,police_821,0.4596818685531616,0.10753831129807692,2076.2397542446124,2197.7896269340213
mixed_sound_822.wav,mixed_sound_822,police,516.8,46c93751ca72131e0e1eaf1104a05e87,44100,2,16,132300,3.0,True,mixed_sound_#,police_822,0.5076104998588562,0.13029597355769232,2367.3440950387126,2292.275150837018
mixed_sound_822_1.wav,mixed_sound_822_1,police,516.8,7ddd323425fda1193ac680a16a681eea,44100,2,16,132300,3.0,True,mixed_sound_#_#,police_822,0.47748279571533203,0.15640775240384616,2656.79545927245,2554.8401639370045
mixed_sound_823.wav,mixed_sound_823,police,516.8,4e05f25826f6e9d944f13551420c5631,44100,2,16,132300,3.0,True,mixed_sound_#,police_823,0.6222983002662659,0.059656700721153845,1327.1845775008676,1651.800769728729
mixed_sound_823_1.wav,mixed_sound_823_1,police,516.8,f83982eeeb62be191ed2de22347be58f,44100,2,16,132300,3.0,True,mixed_sound_#_#,police_823,0.5800287127494812,0.07262244591346154,1539.8685953094428,1813.6791653200569
mixed_sound_824.wav,mixed_sound_824,police,516.8,775b4a6d60ea0d0273edb2f5a323cbbc,44100,2,16,132300,3.0,True,mixed_sound_#,police_824,0.44674646854400635,0.18360877403846154,2766.1208919556857,2483.8559427099644
mixed_sound_824_1.wav,mixed_sound_824_1,police,516.8,1a33893fd248e3712eae8e1981834e23,44100,2,16,132300,3.0,True,mixed_sound_#_#,police_824,0.44943612813949585,0.22862454927884615,2869.3340100564324,2435.9253330312454
mixed_sound_825.wav,mixed_sound_825,police,516.8,38b3253afb30aa55ce85b02a7db5fdd1,44100,2,16,132300,3.0,True,mixed_sound_#,police_825,0.5692733526229858,0.06673677884615385,1288.705976062663,1614.8792684000587
mixed_sound_825_1.wav,mixed_sound_825_1,police,516.8,f4826675ee117ab356ad4043a55cbc8b,44100,2,16,132300,3.0,True,mixed_sound_#_#,police_825,0.5561819076538086,0.08977614182692308,1637.5709530438535,1870.3618956665396
mixed_sound_826.wav,mixed_sound_826,police,516.8,0a1b6f0bfceca3fba7b7dada422b1930,44100,2,16,132300,3.0,True,mixed_sound_#,police_826,0.5677816271781921,0.11061448317307693,2188.675501136698,2246.487690052879
mixed_sound_826_1.wav,mixed_sound_826_1,police,516.8,687af42ceb711eb9ec67b230a50d877e,44100,2,16,132300,3.0,True,mixed_sound_#_#,police_826,0.43539732694625854,0.20564152644230768,2894.21151682633,2445.5556404216204
mixed_sound_827.wav,mixed_sound_827,police,516.8,6a85237b1857a90bb5346d4cd0295f5a,44100,2,16,132300,3.0,True,mixed_sound_#,police_827,0.5371397733688354,0.09397911658653846,1658.4451710863532,1701.7817674168546
mixed_sound_827_1.wav,mixed_sound_827_1,police,516.8,970298c91cf8174e72322a14aa06da48,44100,2,16,132300,3.0,True,mixed_sound_#_#,police_827,0.577118992805481,0.06228966346153846,1373.56090274445,1662.8146175676545
sound_401.wav,sound_401,traffic,516.8,f69f080f5ab234b68c7c21a2337c3881,44100,2,16,132300,3.0,True,sound_#,traffic_401,0.21912147104740143,0.04105318509615385,970.2843854494912,1327.691596976201
sound_402.wav,sound_402,traffic,516.8,9d265e6ac608d6c69081f1977b805ef3,44100,2,16,132300,3.0,True,sound_#,traffic_402,0.23319292068481445,0.04176307091346154,1043.1501495475359,1488.6441004511544
sound_403.wav,sound_403,traffic,516.8,b85ff71d33c2873d6b4a50c2ce3da55d,44100,2,16,132300,3.0,True,sound_#,traffic_403,0.25698551535606384,0.04700270432692308,1061.4323543910689,1445.897473244698
sound_404.wav,sound_404,traffic,516.8,5b0648c6ee637912c5b512dbbba4b555,44100,2,16,132300,3.0,True,sound_#,traffic_404,0.1846742331981659,0.08129131610576923,1365.4235811003023,1567.4131296708997
sound_405.wav,sound_405,traffic,516.8,6122cccef7f8ad5e9a3fc6129c2c9c9a,44100,2,16,132300,3.0,True,sound_#,traffic_405,0.2480984628200531,0.055187049278846156,1105.7508637792707,1412.768744185693
sound_406.wav,sound_406,traffic,516.8,d0a5bb1509146cd938ec03f8b2c541c6,44100,2,16,132300,3.0,True,sound_#,traffic_406,0.18835203349590302,0.05821439302884615,1172.563896513334,1482.83857694887
sound_407.wav,sound_407,traffic,516.8,c6fb27af0af622ac7aaa75c87a52f6ca,44100,2,16,132300,3.0,True,sound_#,traffic_407,0.22927159070968628,0.058860426682692306,1185.5056736939298,1526.0328245993237
sound_408.wav,sound_408,traffic,516.8,b09f7f58b1e0c28438371b099a56850f,44100,2,16,132300,3.0,True,sound_#,traffic_408,0.2232886701822281,0.050270432692307694,1084.4999043000014,1444.4155132741305
sound_409.wav,sound_409,traffic,516.8,403c6f8eb5bc16dc2fab6c31a9368446,44100,2,16,132300,3.0,True,sound_#,traffic_409,0.21995577216148376,0.035738431490384616,1016.3672216475046,1497.592065258251
sound_410.wav,sound_410,traffic,516.8,039315f5de61257c0279418e368e7d67,44100,2,16,132300,3.0,True,sound_#,traffic_410,0.2353868931531906,0.03395432692307692,1051.8050440831696,1573.9847685301118
sound_411.wav,sound_411,traffic,516.8,ca20f52b9f2d291fedaf0e8b9c182a8c,44100,2,16,132300,3.0,True,sound_#,traffic_411,0.24714936316013336,0.03880333533653846,1025.4362410606784,1537.3800279333564
sound_412.wav,sound_412,traffic,516.8,a21c3067906b03fecf6f9c6a7e9d95a5,44100,2,16,132300,3.0,True,sound_#,traffic_412,0.19113041460514069,0.04017427884615385,946.1960345216083,1362.472796079684
sound_413.wav,sound_413,traffic,516.8,f56fbe9715ddd194beec798ed3c267c4,44100,2,16,132300,3.0,True,sound_#,traffic_413,0.2670770585536957,0.03429612379807692,901.4402075385634,1301.0213837499555
sound_414.wav,sound_414,traffic,516.8,4109a5455b6b4a59c94aa6823b070db6,44100,2,16,132300,3.0,True,sound_#,traffic_414,0.25267547369003296,0.03325946514423077,880.207757539284,1310.7849959795915
sound_415.wav,sound_415,traffic,516.8,0b616002740760f524a6ee79a4060e4d,44100,2,16,132300,3.0,True,sound_#,traffic_415,0.22982937097549438,0.04296123798076923,966.3180947471539,1379.1041461278105
sound_416.wav,sound_416,traffic,516.8,6e20e2d7fb3bb84e7cd01eab89ede107,44100,2,16,132300,3.0,True,sound_#,traffic_416,0.23126718401908875,0.04045597956730769,993.170901577681,1429.512605482439
sound_417.wav,sound_417,traffic,516.8,618a6ad726449de004c0cf2e25953c80,44100,2,16,132300,3.0,True,sound_#,traffic_417,0.2499653697013855,0.036328125,900.9525890984308,1335.0958582789435
sound_418.wav,sound_418,traffic,516.8,db3ba1d397385eac777271fc5b976cb4,44100,2,16,132300,3.0,True,sound_#,traffic_418,0.2586192190647125,0.04058368389423077,965.2903246911377,1342.908412490431
sound_419.wav,sound_419,traffic,516.8,e7532682a8519cc3efbe7bbec3bcc8da,44100,2,16,132300,3.0,True,sound_#,traffic_419,0.21609200537204742,0.053771033653846154,1075.4495689121102,1403.6767617510143
sound_420.wav,sound_420,traffic,516.8,3bf50f1c80105eacc0caad6954a051fe,44100,2,16,132300,3.0,True,sound_#,traffic_420,0.2578304708003998,0.05383488581730769,1116.9294952559692,1444.3814947016629
sound_421.wav,sound_421,traffic,516.8,84583f3b3536bd3932f16f6dfcbb176e,44100,2,16,132300,3.0,True,sound_#,traffic_421,0.2210884392261505,0.07729867788461539,1275.1581561412022,1624.5863478200276
sound_422.wav,sound_422,traffic,516.8,51fd830c81ea7f0a0e5e67aa2441523f,44100,2,16,132300,3.0,True,sound_#,traffic_422,0.2343730330467224,0.056020883413461536,1097.971326501085,1426.5467594348818
sound_423.wav,sound_423,traffic,516.8,6bf15300d2f300552b32a8dcb332901c,44100,2,16,132300,3.0,True,sound_#,traffic_423,0.21277014911174774,0.04189453125,1035.40267627294,1449.4145591350748
sound_424.wav,sound_424,traffic,516.8,edae0c6900d61d14c7c40ccaeabc0d24,44100,2,16,132300,3.0,True,sound_#,traffic_424,0.24224264919757843,0.04541766826923077,1128.8170659621474,1607.273005841193
sound_425.wav,sound_425,traffic,516.8,c5650f69b6ca9bd9df419f0bee996fbb,44100,2,16,132300,3.0,True,sound_#,traffic_425,0.23836569488048553,0.04725435697115385,1109.6311950833244,1548.6586491134026
sound_426.wav,sound_426,traffic,516.8,912791ad230bb60c6f6766a86609ae96,44100,2,16,132300,3.0,True,sound_#,traffic_426,0.20539571344852448,0.04169170673076923,987.1202767303309,1409.8777349563888
sound_427.wav,sound_427,traffic,516.8,57bcc578132020cb09c5d6cfaa76e397,44100,2,16,132300,3.0,True,sound_#,traffic_427,0.12009726464748383,0.04468524639423077,990.8172265801677,1360.059207765133
sound_428.wav,sound_428,traffic,516.8,d7d490f00f8dfb76a0d5a904cb56f8d4,44100,2,16,132300,3.0,True,sound_#,traffic_428,0.23402871191501617,0.04134990985576923,1023.8721921125973,1442.2648982662995
sound_429.wav,sound_429,traffic,516.8,dc62d5d4b00a1559b3ca4e7d9edf1126,44100,2,16,132300,3.0,True,sound_#,traffic_429,0.26825854182243347,0.03609149639423077,982.0392864361445,1408.3771917219476
sound_430.wav,sound_430,traffic,516.8,de277cc74d6e5c0f325e5301db2188ab,44100,2,16,132300,3.0,True,sound_#,traffic_430,0.250436931848526,0.045477764423076925,1038.8454948356962,1441.114231481033
sound_431.wav,sound_431,traffic,516.8,75f8b4b4c8b07d563032acc43e4debc2,44100,2,16,132300,3.0,True,sound_#,traffic_431,0.24237680435180664,0.057042518028846155,1188.0128218933864,1575.1411868220953
sound_432.wav,sound_432,traffic,516.8,452e986c124d9a5218ea04a073307235,44100,2,16,132300,3.0,True,sound_#,traffic_432,0.2115471065044403,0.055307241586538464,1136.7006095740528,1475.6915576286763
sound_433.wav,sound_433,traffic,516.8,5bdee549d81a36278e75d146bcf43d9e,44100,2,16,132300,3.0,True,sound_#,traffic_433,0.2278369665145874,0.046814903846153846,975.8917666921985,1323.2728104027588
sound_434.wav,sound_434,traffic,516.8,b8c339dbaddc3a77de7db01b1c9bbb8e,44100,2,16,132300,3.0,True,sound_#,traffic_434,0.22251267731189728,0.0509765625,1000.1188734957782,1376.6681874890128
sound_435.wav,sound_435,traffic,516.8,7efb014151561c5921c697da7e190723,44100,2,16,132300,3.0,True,sound_#,traffic_435,0.24500112235546112,0.05126201923076923,1086.4550316409016,1415.3568661761062
sound_436.wav,sound_436,traffic,516.8,75f662a24bcae40dea321d57591b608a,44100,2,16,132300,3.0,True,sound_#,traffic_436,0.18556733429431915,0.03423227163461538,908.5256358197948,1307.4442874651813
sound_437.wav,sound_437,traffic,516.8,f5bfb85e5a861ffc8ba8e4a12421c0d5,44100,2,16,132300,3.0,True,sound_#,traffic_437,0.2491740882396698,0.027753155048076922,810.9042873996701,1196.7525683677966
sound_438.wav,sound_438,traffic,516.8,eca845782d838151b72610b4257f4046,44100,2,16,132300,3.0,True,sound_#,traffic_438,0.1875162273645401,0.03805213341346154,860.6527693985527,1220.2669449283044
sound_439.wav,sound_439,traffic,516.8,14155350d380cafa5a9b070b3f9979b9,44100,2,16,132300,3.0,True,sound_#,traffic_439,0.15944711863994598,0.042566856971153845,1077.6507008039982,1546.2692500087455
sound_440.wav,sound_440,traffic,516.8,513fa894ea11076705a3fb9b9ae5af49,44100,2,16,132300,3.0,True,sound_#,traffic_440,0.23634451627731323,0.042874849759615384,1080.5961631222685,1551.938481654962
sound_441.wav,sound_441,traffic,516.8,adddb5002a2230057e655db547eee9fb,44100,2,16,132300,3.0,True,sound_#,traffic_441,0.13344746828079224,0.05415414663461538,1124.8744505111013,1503.5997007675433
sound_442.wav,sound_442,traffic,516.8,e58fe33cc3b74f946bc464d58062918d,44100,2,16,132300,3.0,True,sound_#,traffic_442,0.2363288700580597,0.05457857572115385,1148.5735832870591,1520.5306206142482
sound_443.wav,sound_443,traffic,516.8,88516f622d4910e89e0a93cd2126c5f1,44100,2,16,132300,3.0,True,sound_#,traffic_443,0.22704726457595825,0.04348332331730769,1041.4393949734424,1450.9023228778199
sound_444.wav,sound_444,traffic,516.8,096e94442d29fbd125ea3737de69068a,44100,2,16,132300,3.0,True,sound_#,traffic_444,0.251661092042923,0.04136493389423077,987.6272515110999,1379.3197436548896
sound_445.wav,sound_445,traffic,516.8,87b2b3ec44199423d48b2c6d39b7e252,44100,2,16,132300,3.0,True,sound_#,traffic_445,0.24350786209106445,0.04342322716346154,1074.4829634796045,1500.3805989485809
sound_446.wav,sound_446,traffic,516.8,5a3e4a9b5002565dd2eff2e97ce2056b,44100,2,16,132300,3.0,True,sound_#,traffic_446,0.22534100711345673,0.04973332331730769,1103.8384254522907,1480.5054394592412
sound_447.wav,sound_447,traffic,516.8,87d24d5ac02f88c97be65258da4fcac2,44100,2,16,132300,3.0,True,sound_#,traffic_447,0.23136082291603088,0.046698467548076925,1064.2244278874302,1444.712826541946
sound_448.wav,sound_448,traffic,516.8,535e1daf0b6a5e9e479395046081d532,44100,2,16,132300,3.0,True,sound_#,traffic_448,0.2501356899738312,0.05017277644230769,1057.6310513268463,1449.9274905680172
sound_449.wav,sound_449,traffic,516.8,f499ac962124df53a7cd88dfb780bdb7,44100,2,16,132300,3.0,True,sound_#,traffic_449,0.27116838097572327,0.04422701322115385,1008.3967179303974,1428.9010219124025
sound_450.wav,sound_450,traffic,516.8,9b7cb02aeb519bb63b6e1adf841d7c8c,44100,2,16,132300,3.0,True,sound_#,traffic_450,0.2659588158130646,0.04292743389423077,981.5676955441877,1397.0974103909891
sound_451.wav,sound_451,traffic,516.8,9898a403bd65c0e8e96e86a9316738d2,44100,2,16,132300,3.0,True,sound_#,traffic_451,0.2278829962015152,0.04318284254807692,979.6243173703175,1401.6919549967038
sound_452.wav,sound_452,traffic,516.8,317957a808a3d84d688c05f11fe1015c,44100,2,16,132300,3.0,True,sound_#,traffic_452,0.24099069833755493,0.039156400240384616,1009.4239529723069,1473.874773029654
sound_453.wav,sound_453,traffic,516.8,415495ed39bf450598bee70be2a0f8d7,44100,2,16,132300,3.0,True,sound_#,traffic_453,0.23633797466754913,0.05409405048076923,1141.3248226661433,1552.6337967151069
sound_454.wav,sound_454,traffic,516.8,b650a8c3ac71a28fc0d20b105641ff43,44100,2,16,132300,3.0,True,sound_#,traffic_454,0.2632080018520355,0.05362079326923077,1111.1748901568455,1451.664924260562
sound_455.wav,sound_455,traffic,516.8,1183e0881f18e6282cd6afb39d76139c,44100,2,16,132300,3.0,True,sound_#,traffic_455,0.22912722826004028,0.052501502403846156,1040.4726367981532,1369.6365983642474
sound_456.wav,sound_456,traffic,516.8,82409d9e7d101a5f5e9f33a81b947f4a,44100,2,16,132300,3.0,True,sound_#,traffic_456,0.23807239532470703,0.045740685096153845,1087.3575605538563,1554.1248487068717
sound_457.wav,sound_457,traffic,516.8,c78f9bdd873e1b323e20a6cf9e5aa5a7,44100,2,16,132300,3.0,True,sound_#,traffic_457,0.26136544346809387,0.04284480168269231,1085.9811632190651,1602.3825944393272
sound_458.wav,sound_458,traffic,516.8,10944ec325044f8ff342f455b8dfc636,44100,2,16,132300,3.0,True,sound_#,traffic_458,0.21243083477020264,0.04618013822115385,988.6531698386311,1395.539988158771
sound_459.wav,sound_459,traffic,516.8,cec290cf625f2c5f56b6e5175dde8426,44100,2,16,132300,3.0,True,sound_#,traffic_459,0.223471537232399,0.04587965745192308,983.4448195516318,1372.1609741435188
sound_460.wav,sound_460,traffic,516.8,2d261f02de50f0bbebb480031402af40,44100,2,16,132300,3.0,True,sound_#,traffic_460,0.23822282254695892,0.04234149639423077,1006.3700163356012,1376.0761547552058
sound_461.wav,sound_461,traffic,516.8,c8e84df197035477a3e48efc41e78037,44100,2,16,132300,3.0,True,sound_#,traffic_461,0.22342362999916077,0.03950946514423077,938.7588696220594,1305.1324211506046
sound_462.wav,sound_462,traffic,516.8,c9504e094a3095b63149373b9745a749,44100,2,16,132300,3.0,True,sound_#,traffic_462,0.24667643010616302,0.04201847956730769,1042.1364507486553,1489.7855633833647
sound_463.wav,sound_463,traffic,516.8,090b1083350eb06d282af0ae78445072,44100,2,16,132300,3.0,True,sound_#,traffic_463,0.2608826458454132,0.04736328125,1060.9614620805773,1444.5010533164068
sound_464.wav,sound_464,traffic,516.8,44b82b7c910501bf6132731cc77d7fd1,44100,2,16,132300,3.0,True,sound_#,traffic_464,0.18242064118385315,0.08120868389423076,1364.3088218227754,1568.8679683920889
sound_465.wav,sound_465,traffic,516.8,bad89f2ae9a56c79029f5d95ef34c6f3,44100,2,16,132300,3.0,True,sound_#,traffic_465,0.24941764771938324,0.05588942307692308,1106.7298334925376,1412.4003265435158
sound_466.wav,sound_466,traffic,516.8,1673d4de78bd6450b78138c2937859c8,44100,2,16,132300,3.0,True,sound_#,traffic_466,0.19161179661750793,0.05822566105769231,1170.602875417693,1481.0586998849528
sound_467.wav,sound_467,traffic,516.8,7767f4903558cb496c68f4636466768a,44100,2,16,132300,3.0,True,sound_#,traffic_467,0.22896239161491394,0.05820688100961539,1182.699856260484,1522.408791500012
sound_468.wav,sound_468,traffic,516.8,a6481ba69c5e201886815fde3b75682a,44100,2,16,132300,3.0,True,sound_#,traffic_468,0.21970076858997345,0.04951923076923077,1083.9646539619548,1444.4332761393537
sound_469.wav,sound_469,traffic,516.8,c4fb34346a15290a009a04dfea027805,44100,2,16,132300,3.0,True,sound_#,traffic_469,0.21971188485622406,0.03657602163461538,1015.5463206714127,1496.2652939614852
sound_470.wav,sound_470,traffic,516.8,577cce72c5a1c4c0cd3c067755b7a399,44100,2,16,132300,3.0,True,sound_#,traffic_470,0.23861096799373627,0.033214393028846156,1052.0425681493268,1574.5787621467814
sound_471.wav,sound_471,traffic,516.8,4cb4c1eef671fac5eb417f498bed04cc,44100,2,16,132300,3.0,True,sound_#,traffic_471,0.2384377121925354,0.03820988581730769,1029.1456602003866,1542.4178627863284
sound_472.wav,sound_472,traffic,516.8,c0ec62332c1a65125dba4e8d7de686bf,44100,2,16,132300,3.0,True,sound_#,traffic_472,0.18590442836284637,0.039490685096153846,946.0847827965929,1361.2036947457416
sound_473.wav,sound_473,traffic,516.8,ad25065321274999724c38ecddabaac6,44100,2,16,132300,3.0,True,sound_#,traffic_473,0.26890233159065247,0.03494215745192308,902.2842422027186,1302.620481937281
sound_474.wav,sound_474,traffic,516.8,3c6b7f77d49b0e27b8cf104a43f83a27,44100,2,16,132300,3.0,True,sound_#,traffic_474,0.25169482827186584,0.03286884014423077,881.843890692569,1313.3415714366586
sound_475.wav,sound_475,traffic,516.8,fd7db754aca05cbd1ef775b3ad1cf104,44100,2,16,132300,3.0,True,sound_#,traffic_475,0.22813192009925842,0.04286733774038461,966.9096980958977,1381.3358704643135
sound_476.wav,sound_476,traffic,516.8,c29d989c7afd36f7846ae94e709cdf6a,44100,2,16,132300,3.0,True,sound_#,traffic_476,0.23250985145568848,0.040696364182692304,993.1828232689738,1430.072962557083
sound_477.wav,sound_477,traffic,516.8,42bf0bf4278fa4a1b5bffe3ade15c2b9,44100,2,16,132300,3.0,True,sound_#,traffic_477,0.24677127599716187,0.03625300480769231,901.9413319907012,1336.352143662307
sound_478.wav,sound_478,traffic,516.8,0f983d59e6f83b9cf61ba6fbd689599d,44100,2,16,132300,3.0,True,sound_#,traffic_478,0.2641790509223938,0.041237229567307694,965.5300588680113,1342.3901495953214
sound_479.wav,sound_479,traffic,516.8,cd9cbba5e18c145d9bbe414d37718a60,44100,2,16,132300,3.0,True,sound_#,traffic_479,0.22768613696098328,0.054112830528846155,1074.5003546433218,1400.007452637331
sound_480.wav,sound_480,traffic,516.8,a20c6c24f39cf001bb90cd07290d93e4,44100,2,16,132300,3.0,True,sound_#,traffic_480,0.25172802805900574,0.054052734375,1116.6527778943585,1441.512490941102
sound_481.wav,sound_481,traffic,516.8,3f87902874e96d77ff7e0a11cfa14798,44100,2,16,132300,3.0,True,sound_#,traffic_481,0.22197245061397552,0.077783203125,1275.6029956835264,1623.579079549435
sound_482.wav,sound_482,traffic,516.8,9df3b3402b7cc2d8e83bdd3e58c731f2,44100,2,16,132300,3.0,True,sound_#,traffic_482,0.23891402781009674,0.05629507211538461,1100.0431365264594,1427.3700118606266
sound_483.wav,sound_483,traffic,516.8,c655d6250d974e6e7bb1f56134e5b24a,44100,2,16,132300,3.0,True,sound_#,traffic_483,0.2157112956047058,0.04212740384615385,1036.3421200905332,1452.1632265085157
sound_484.wav,sound_484,traffic,516.8,f17ca7da19ebc6f3bb4566c2cd404bd4,44100,2,16,132300,3.0,True,sound_#,traffic_484,0.239741250872612,0.045470252403846154,1128.1627823603053,1607.4387703869322
sound_485.wav,sound_485,traffic,516.8,e73cb958e9f85d1b8fadeae419a65c21,44100,2,16,132300,3.0,True,sound_#,traffic_485,0.23598869144916534,0.04738206129807692,1111.1140396478952,1549.8309119325893
sound_486.wav,sound_486,traffic,516.8,93836a7887c3746de546ea3348bbc562,44100,2,16,132300,3.0,True,sound_#,traffic_486,0.21445319056510925,0.041932091346153846,986.5381817371153,1411.5903473164617
sound_487.wav,sound_487,traffic,516.8,3e77212609840bee59b77bf7acc538ae,44100,2,16,132300,3.0,True,sound_#,traffic_487,0.12134917080402374,0.04488807091346154,989.6239462872162,1357.3171463076903
sound_488.wav,sound_488,traffic,516.8,9e5fb23b4d5f21912f1e118019aa2793,44100,2,16,132300,3.0,True,sound_#,traffic_488,0.23910000920295715,0.04197340745192308,1024.4790595581521,1443.7023146457343
sound_489.wav,sound_489,traffic,516.8,7a0aa456119f1714141f237e2b60323c,44100,2,16,132300,3.0,True,sound_#,traffic_489,0.2704710364341736,0.03577974759615385,980.9185829069282,1406.5109550109328
sound_490.wav,sound_490,traffic,516.8,5735aaa2e402c566da5a7a2a1cb0fe23,44100,2,16,132300,3.0,True,sound_#,traffic_490,0.23908071219921112,0.04582707331730769,1040.388510806796,1441.541826096293
sound_491.wav,sound_491,traffic,516.8,1335797004b519dc50dabf86d200f682,44100,2,16,132300,3.0,True,sound_#,traffic_491,0.24559782445430756,0.0564453125,1186.6335508504433,1575.3506383630881
sound_492.wav,sound_492,traffic,516.8,1a4b86cd0c01fd6f5ca74d7e7809ad72,44100,2,16,132300,3.0,True,sound_#,traffic_492,0.21581634879112244,0.05528094951923077,1137.1909353106291,1477.3518290302957
sound_493.wav,sound_493,traffic,516.8,65daec39a7a92af0803e7267534dd80b,44100,2,16,132300,3.0,True,sound_#,traffic_493,0.21678484976291656,0.04732947716346154,975.4091277104795,1324.5460289578352
sound_494.wav,sound_494,traffic,516.8,f83735d2378446ca517be989aac7f64e,44100,2,16,132300,3.0,True,sound_#,traffic_494,0.22275090217590332,0.050289212740384615,1000.0682168483861,1376.893277559947
sound_495.wav,sound_495,traffic,516.8,947b479edfa304d304f95dc213b36c26,44100,2,16,132300,3.0,True,sound_#,traffic_495,0.24708853662014008,0.05207331730769231,1086.6895135608984,1415.7850470591538
sound_496.wav,sound_496,traffic,516.8,75bd742c4a77da33634ccb85d9160074,44100,2,16,132300,3.0,True,sound_#,traffic_496,0.18576912581920624,0.03360126201923077,906.8519744514895,1303.6798856005037
sound_497.wav,sound_497,traffic,516.8,2e6cb205f2a676e921b9b1b878a14e0e,44100,2,16,132300,3.0,True,sound_#,traffic_497,0.2502489686012268,0.027783203125,810.2557473265234,1196.9294790315273
sound_498.wav,sound_498,traffic,516.8,aa22c62097ff62ddeb66ae72a2a39179,44100,2,16,132300,3.0,True,sound_#,traffic_498,0.18920880556106567,0.03830003004807692,862.4567743676605,1223.3823074423199
sound_499.wav,sound_499,traffic,516.8,05c46f4cb8d5601742ed1ad523aeaa19,44100,2,16,132300,3.0,True,sound_#,traffic_499,0.1590735763311386,0.042630709134615384,1075.7136667355994,1543.914840241052
sound_500.wav,sound_500,traffic,516.8,19be28a42ada557eecba240eb7a5671f,44100,2,16,132300,3.0,True,sound_#,traffic_500,0.2394023984670639,0.04337439903846154,1079.9802365521161,1548.769236128955
sound_501.wav,sound_501,traffic,516.8,d4d32ed8ab6e5d102c90720ae356fdbf,44100,2,16,132300,3.0,True,sound_#,traffic_501,0.13190890848636627,0.05367713341346154,1125.2801797258476,1504.3262668541029
sound_502.wav,sound_502,traffic,516.8,a7c88e4a06ff46c7bd7df707a76977fa,44100,2,16,132300,3.0,True,sound_#,traffic_502,0.23874306678771973,0.05426307091346154,1150.6719136105635,1523.2423482055158
sound_503.wav,sound_503,traffic,516.8,6a0b097d104350c62249188d14b2d1b3,44100,2,16,132300,3.0,True,sound_#,traffic_503,0.22672076523303986,0.04340444711538462,1040.8682278026074,1449.0092810889469
sound_504.wav,sound_504,traffic,516.8,7c1ef52619a2b29e55cc18996afb8375,44100,2,16,132300,3.0,True,sound_#,traffic_504,0.24897417426109314,0.04161283052884615,987.9998113333595,1379.644477094967
sound_505.wav,sound_505,traffic,516.8,f404572b7e19234f5a5314509846b49b,44100,2,16,132300,3.0,True,sound_#,traffic_505,0.2509167790412903,0.042889873798076926,1075.1280897205593,1502.8055544521046
sound_506.wav,sound_506,traffic,516.8,403c314647ea83b540194a703c5f5c5a,44100,2,16,132300,3.0,True,sound_#,traffic_506,0.22642238438129425,0.050214092548076926,1102.162497912492,1477.9540836624294
sound_507.wav,sound_507,traffic,516.8,15093d43a592748fde2cad7dd39c081c,44100,2,16,132300,3.0,True,sound_#,traffic_507,0.2335473597049713,0.04662334735576923,1064.0827585565048,1442.1441200769514
sound_508.wav,sound_508,traffic,516.8,51e1f3589c7fde0c27f24a4c3b047025,44100,2,16,132300,3.0,True,sound_#,traffic_508,0.2476145178079605,0.050856370192307696,1058.4298689369734,1450.17685069538
sound_509.wav,sound_509,traffic,516.8,3d4ac1a6745bcb8a2fcf49d019753031,44100,2,16,132300,3.0,True,sound_#,traffic_509,0.26927173137664795,0.043949068509615385,1009.2110189105771,1428.896558449782
sound_510.wav,sound_510,traffic,516.8,13a04a76bc76b89810440a99de683928,44100,2,16,132300,3.0,True,sound_#,traffic_510,0.26344922184944153,0.04307391826923077,980.3420822271294,1393.4594922093263
sound_511.wav,sound_511,traffic,516.8,7b7a35256bce8d64280b82019b32ca3e,44100,2,16,132300,3.0,True,sound_#,traffic_511,0.23262245953083038,0.04304011418269231,980.9293265296847,1403.260809746235
sound_512.wav,sound_512,traffic,516.8,75492469d161fb05826951a038ade945,44100,2,16,132300,3.0,True,sound_#,traffic_512,0.2385980784893036,0.03881084735576923,1008.9641498909717,1472.8156989993472
sound_513.wav,sound_513,traffic,516.8,e2007df60270ba85915aaddce969f5c1,44100,2,16,132300,3.0,True,sound_#,traffic_513,0.2371722310781479,0.05396259014423077,1141.0466751335161,1554.5683803272614
sound_514.wav,sound_514,traffic,516.8,7e88490db4ebba7bdf21997e9dac9e27,44100,2,16,132300,3.0,True,sound_#,traffic_514,0.262930691242218,0.05304987980769231,1111.641895732631,1455.3373341558483
sound_515.wav,sound_515,traffic,516.8,41eba1365f88a44c8baa2829eb825d58,44100,2,16,132300,3.0,True,sound_#,traffic_515,0.2311019003391266,0.051923076923076926,1042.9877674716442,1372.9608024738623
sound_516.wav,sound_516,traffic,516.8,26c0f57d97ef6066a6a9141474cec418,44100,2,16,132300,3.0,True,sound_#,traffic_516,0.22519589960575104,0.04571814903846154,1088.0286451817576,1555.7138879203296
sound_517.wav,sound_517,traffic,516.8,5729456b986e8d3855f32a590f17f15a,44100,2,16,132300,3.0,True,sound_#,traffic_517,0.2580610513687134,0.04270582932692308,1084.3837543605173,1600.448510089798
sound_518.wav,sound_518,traffic,516.8,b7e4c9095e17f2ef21de4ed94f7d5f3e,44100,2,16,132300,3.0,True,sound_#,traffic_518,0.21174867451190948,0.04601862980769231,987.5993806630729,1394.1853777874423
sound_519.wav,sound_519,traffic,516.8,75e981ca215d1b6d3e985c3d717bd8c8,44100,2,16,132300,3.0,True,sound_#,traffic_519,0.22628213465213776,0.045263671875,983.9664413070496,1373.4162075268284
sound_520.wav,sound_520,traffic,516.8,9ea971bf1f5d296f46d73224d6006500,44100,2,16,132300,3.0,True,sound_#,traffic_520,0.23985277116298676,0.04237905649038461,1005.6697339636121,1375.9681628221228
sound_521.wav,sound_521,traffic,516.8,cdee1a47f932eb61d2f0dacee877c863,44100,2,16,132300,3.0,True,sound_#,traffic_521,0.22377683222293854,0.03873572716346154,939.1486501651082,1303.4220116600798
sound_522.wav,sound_522,traffic,516.8,4bf0428e0b03a99f253165e1cf1752ea,44100,2,16,132300,3.0,True,sound_#,traffic_522,0.23720932006835938,0.04193960336538462,1041.4926195572227,1486.859908541986
sound_523.wav,sound_523,traffic,516.8,a76b3dcd0cb6f779727b8956aef45e47,44100,2,16,132300,3.0,True,sound_#,traffic_523,0.2592957019805908,0.04763371394230769,1060.0639290141323,1442.5776748175022
sound_524.wav,sound_524,traffic,516.8,43875ec115912cba06aac6b145054ec4,44100,2,16,132300,3.0,True,sound_#,traffic_524,0.18473687767982483,0.08112605168269231,1365.0484139133926,1569.3110388765372
sound_525.wav,sound_525,traffic,516.8,a36409d29d9521accbbaec392d69d673,44100,2,16,132300,3.0,True,sound_#,traffic_525,0.2534925043582916,0.05554387019230769,1106.1203249578116,1412.2419942019956
sound_526.wav,sound_526,traffic,516.8,2d18842d1a9f6b916b0a516a03d12627,44100,2,16,132300,3.0,True,sound_#,traffic_526,0.19130615890026093,0.058030348557692304,1171.7739387813222,1482.6421812767799
sound_527.wav,sound_527,traffic,516.8,9342a2b938f040fc5a1e2be29aed7faf,44100,2,16,132300,3.0,True,sound_#,traffic_527,0.2257978618144989,0.05865009014423077,1182.1359747124343,1521.2400640175097
sound_528.wav,sound_528,traffic,516.8,de39b2fa18bb363a5bf8f2069f584f3c,44100,2,16,132300,3.0,True,sound_#,traffic_528,0.22505471110343933,0.049620643028846154,1082.1889492055395,1441.367879042204
sound_529.wav,sound_529,traffic,516.8,514ad0564c18eec88a601bbc471c8153,44100,2,16,132300,3.0,True,sound_#,traffic_529,0.2127482146024704,0.03544546274038462,1016.9954982618423,1497.3112649067455
sound_530.wav,sound_530,traffic,516.8,7e66a0bf944fefac2a6a80a5d2bdbb88,44100,2,16,132300,3.0,True,sound_#,traffic_530,0.23604707419872284,0.03411583533653846,1052.1954161617596,1575.5002187513153
sound_531.wav,sound_531,traffic,516.8,a786bde74bef3ba8a9f15d1ec09d20a6,44100,2,16,132300,3.0,True,sound_#,traffic_531,0.23786820471286774,0.03872821514423077,1025.751094169528,1536.6792401652883
sound_532.wav,sound_532,traffic,516.8,292a571e9d8ebcdea43111480fb4c752,44100,2,16,132300,3.0,True,sound_#,traffic_532,0.19251465797424316,0.039618389423076925,946.3512878935661,1361.9420421736224
sound_533.wav,sound_533,traffic,516.8,97c32b9cb4fdfc661b15522d15e00f52,44100,2,16,132300,3.0,True,sound_#,traffic_533,0.2630505859851837,0.034491436298076925,899.5472034554559,1300.5298444907812
sound_534.wav,sound_534,traffic,516.8,2c6e51f70b66d0dd66ba7fee162025c1,44100,2,16,132300,3.0,True,sound_#,traffic_534,0.25084251165390015,0.033695162259615385,880.1134372689271,1311.0889168607644
sound_535.wav,sound_535,traffic,516.8,be41a1023f14883c4df6ee43f70e57fa,44100,2,16,132300,3.0,True,sound_#,traffic_535,0.22881147265434265,0.04302133413461538,965.9384880268216,1377.1053909111092
sound_536.wav,sound_536,traffic,516.8,4d18fd8deee0b9ccdc22e530c7e83cae,44100,2,16,132300,3.0,True,sound_#,traffic_536,0.2381441593170166,0.040936748798076926,992.5450287804073,1429.4107121927852
sound_537.wav,sound_537,traffic,516.8,3c43ff1cfd6f6b7a40631d21d373e4a2,44100,2,16,132300,3.0,True,sound_#,traffic_537,0.24948559701442719,0.03649338942307692,901.4397368396562,1335.0500715283024
sound_538.wav,sound_538,traffic,516.8,810387347d909dc62c9c67236eb6496b,44100,2,16,132300,3.0,True,sound_#,traffic_538,0.2651076316833496,0.041128305288461536,966.1048890589194,1343.2824155570106
sound_539.wav,sound_539,traffic,516.8,7491c58938b8a748eb45088c0898f7f0,44100,2,16,132300,3.0,True,sound_#,traffic_539,0.22398705780506134,0.052847055288461536,1073.7229368443507,1400.8501717203596
sound_540.wav,sound_540,traffic,516.8,0316e694d9b44a989d04ca7e055c5e0b,44100,2,16,132300,3.0,True,sound_#,traffic_540,0.2560064494609833,0.05341796875,1116.4115995955035,1443.6699924498837
sound_541.wav,sound_541,traffic,516.8,74189ab0cc716844abe6078cda80dadc,44100,2,16,132300,3.0,True,sound_#,traffic_541,0.2239038497209549,0.0765625,1274.15482922697,1623.5354303329136
sound_542.wav,sound_542,traffic,516.8,75e11ee15ea0401fee3bf359f46dccb5,44100,2,16,132300,3.0,True,sound_#,traffic_542,0.24463768303394318,0.05578801081730769,1099.9271364120177,1427.2937919819665
sound_543.wav,sound_543,traffic,516.8,e5ae806eec8aa3856b2e4acaba3af261,44100,2,16,132300,3.0,True,sound_#,traffic_543,0.21576598286628723,0.041823167067307696,1035.8483432056303,1451.84952942666
sound_544.wav,sound_544,traffic,516.8,1047623d05cabb9589fbc983a48f4db1,44100,2,16,132300,3.0,True,sound_#,traffic_544,0.22991114854812622,0.04582707331730769,1128.6150519732146,1607.5618918045016
sound_545.wav,sound_545,traffic,516.8,e0f9b25812dcfcc17fd3eba3808a5ecb,44100,2,16,132300,3.0,True,sound_#,traffic_545,0.23748664557933807,0.04719050480769231,1109.712796606081,1550.0643154494487
sound_546.wav,sound_546,traffic,516.8,baaf88bef040fb1eed1ddcaf862da89e,44100,2,16,132300,3.0,True,sound_#,traffic_546,0.20736318826675415,0.04196589543269231,986.4419747615424,1409.0387998903743
sound_547.wav,sound_547,traffic,516.8,d652926a15a3a13233392c1b1ec8ae71,44100,2,16,132300,3.0,True,sound_#,traffic_547,0.12111395597457886,0.044508713942307696,988.3866797097979,1356.593168977972
sound_548.wav,sound_548,traffic,516.8,ab6e752305cf23ff274fb5b9d02c50e2,44100,2,16,132300,3.0,True,sound_#,traffic_548,0.2399713397026062,0.04187199519230769,1024.4078260271249,1441.7977065711045
sound_549.wav,sound_549,traffic,516.8,75f3458c394c7848b256fccbc1aa75e7,44100,2,16,132300,3.0,True,sound_#,traffic_549,0.2741188108921051,0.03611778846153846,980.6427989941133,1407.8947177927278
sound_550.wav,sound_550,traffic,516.8,daf2df6dfe0edf9389cf2b0e6dfe4040,44100,2,16,132300,3.0,True,sound_#,traffic_550,0.24232333898544312,0.045658052884615385,1039.6649557288197,1443.1990004387885
sound_551.wav,sound_551,traffic,516.8,6aa20ca51b2fd1a692be2c694bb331b8,44100,2,16,132300,3.0,True,sound_#,traffic_551,0.2490329146385193,0.05675706129807692,1188.7612353571692,1576.516586867371
sound_552.wav,sound_552,traffic,516.8,36e679ddde0b879ee0010b1c2ec0a129,44100,2,16,132300,3.0,True,sound_#,traffic_552,0.216424360871315,0.05542743389423077,1135.8403885827643,1476.0367342063691
sound_553.wav,sound_553,traffic,516.8,9d63394ec4196aef27cbae5b0f898027,44100,2,16,132300,3.0,True,sound_#,traffic_553,0.20957651734352112,0.046705979567307696,974.6263769955154,1320.4051280941676
sound_554.wav,sound_554,traffic,516.8,621989a95dde4c7be7c148106c1fc9e7,44100,2,16,132300,3.0,True,sound_#,traffic_554,0.22174568474292755,0.05072490985576923,999.1859009349812,1374.7486526317525
sound_555.wav,sound_555,traffic,516.8,fe1498d9dbac33f9dea3bb631dfc0958,44100,2,16,132300,3.0,True,sound_#,traffic_555,0.2461673468351364,0.05132211538461538,1086.2839871044655,1416.0115070146535
sound_556.wav,sound_556,traffic,516.8,390c3dfe79b5c7ca6b3a4795887d4d45,44100,2,16,132300,3.0,True,sound_#,traffic_556,0.1858372837305069,0.03388296274038462,909.1792190502904,1308.2569174224368
sound_557.wav,sound_557,traffic,516.8,98277070f43f73a85d6858d02ef2ec95,44100,2,16,132300,3.0,True,sound_#,traffic_557,0.24788914620876312,0.02772686298076923,809.646666806173,1194.3981124751444
sound_558.wav,sound_558,traffic,516.8,7142d6c4873dfc5b0c235092d88b2021,44100,2,16,132300,3.0,True,sound_#,traffic_558,0.18908542394638062,0.03745868389423077,862.4937086044737,1225.0021277873582
sound_559.wav,sound_559,traffic,516.8,5379994bd22cb879b148b72b68036c5f,44100,2,16,132300,3.0,True,sound_#,traffic_559,0.16244591772556305,0.04234525240384615,1077.3213601664684,1544.1179483959463
sound_560.wav,sound_560,traffic,516.8,76da6bfcacbb647da6b8ccb12dabfa8b,44100,2,16,132300,3.0,True,sound_#,traffic_560,0.2420477718114853,0.04196589543269231,1080.0070859219286,1549.9920708701852
sound_561.wav,sound_561,traffic,516.8,df8f1f2815d610828fea5a813fcfcda4,44100,2,16,132300,3.0,True,sound_#,traffic_561,0.131739541888237,0.05372971754807692,1125.3695727372906,1506.3560791113077
sound_562.wav,sound_562,traffic,516.8,bff4e9ac6fbc4381360811fbe2f31e58,44100,2,16,132300,3.0,True,sound_#,traffic_562,0.2363506257534027,0.05448091947115385,1152.6066481741857,1526.6273911538556
sound_563.wav,sound_563,traffic,516.8,5353710b58db97077fbfe23bf8037fa4,44100,2,16,132300,3.0,True,sound_#,traffic_563,0.22498103976249695,0.042882361778846155,1041.7232879906878,1450.9963467827874
sound_564.wav,sound_564,traffic,516.8,615e8674eb9f193988e16fcca9232ba3,44100,2,16,132300,3.0,True,sound_#,traffic_564,0.2515828013420105,0.04132361778846154,988.283360891736,1381.5312174644823
sound_565.wav,sound_565,traffic,516.8,880c5c30d61d43300258644fde630c41,44100,2,16,132300,3.0,True,sound_#,traffic_565,0.24570158123970032,0.04276216947115385,1074.3898167350565,1501.6089258133943
sound_566.wav,sound_566,traffic,516.8,46154a37a6da60505fc918bad54cca2d,44100,2,16,132300,3.0,True,sound_#,traffic_566,0.2282227724790573,0.04969576322115385,1103.8982774696685,1479.8234184382802
sound_567.wav,sound_567,traffic,516.8,1c22ca0d912c6d615514822541e20911,44100,2,16,132300,3.0,True,sound_#,traffic_567,0.23388224840164185,0.04617262620192308,1065.285610714408,1443.7072573605083
sound_568.wav,sound_568,traffic,516.8,190a8d8d9398bb31318840fe4bf84db6,44100,2,16,132300,3.0,True,sound_#,traffic_568,0.24595297873020172,0.0494140625,1058.145063953656,1452.3268282805577
sound_569.wav,sound_569,traffic,516.8,eb4250e5ff12b5da20e3f84df103b7c8,44100,2,16,132300,3.0,True,sound_#,traffic_569,0.2708984315395355,0.04424579326923077,1010.7261261962473,1431.329337697409
sound_570.wav,sound_570,traffic,516.8,e4e3fadad73e901e6133b777a2ead45b,44100,2,16,132300,3.0,True,sound_#,traffic_570,0.2647753059864044,0.04325796274038462,983.4220117061146,1398.6297556167424
sound_571.wav,sound_571,traffic,516.8,20379be1f2380051764413704f55b5b6,44100,2,16,132300,3.0,True,sound_#,traffic_571,0.22557969391345978,0.043622295673076926,981.647058255966,1404.1425184801797
sound_572.wav,sound_572,traffic,516.8,0406aece1dcf68ad55dd95bc543108fb,44100,2,16,132300,3.0,True,sound_#,traffic_572,0.23577678203582764,0.03926156850961538,1009.5635240151397,1474.2383560060644
sound_573.wav,sound_573,traffic,516.8,9d98d8103eed45e3c96e70cef6907a0c,44100,2,16,132300,3.0,True,sound_#,traffic_573,0.23375242948532104,0.05383864182692308,1141.5770408833748,1552.568129995414
sound_574.wav,sound_574,traffic,516.8,c610ebef11f33be4f48efb0957359f44,44100,2,16,132300,3.0,True,sound_#,traffic_574,0.2586025297641754,0.053057391826923074,1112.2915746035724,1452.759157029606
sound_575.wav,sound_575,traffic,516.8,963f8ae10cb01c8164d64ce9d0f9215a,44100,2,16,132300,3.0,True,sound_#,traffic_575,0.22554782032966614,0.051844200721153845,1041.8914135304444,1373.360037707594
sound_576.wav,sound_576,traffic,516.8,e2270c9196ce82880168c55e46be2ae1,44100,2,16,132300,3.0,True,sound_#,traffic_576,0.2368810474872589,0.04599609375,1085.6021574662434,1552.1795783328803
sound_577.wav,sound_577,traffic,516.8,1ff87e6d8cfc94b7e94b65c017a3a30e,44100,2,16,132300,3.0,True,sound_#,traffic_577,0.2654868960380554,0.043055138221153845,1084.8567955647684,1600.544927342987
sound_578.wav,sound_578,traffic,516.8,ac4c4e427d93db1da369da1c294c1155,44100,2,16,132300,3.0,True,sound_#,traffic_578,0.21147112548351288,0.04596980168269231,988.0007665940286,1394.1810013965685
sound_579.wav,sound_579,traffic,516.8,a9bd973c35899439ef8b6c2aa874976b,44100,2,16,132300,3.0,True,sound_#,traffic_579,0.22162704169750214,0.04551156850961539,983.9428349059414,1373.650114478194
sound_580.wav,sound_580,traffic,516.8,d3e17c4dbd0212feaa98cf243549bdf3,44100,2,16,132300,3.0,True,sound_#,traffic_580,0.23958921432495117,0.04195462740384615,1006.11179031821,1376.6428633326925
sound_581.wav,sound_581,traffic,516.8,91a48f54a1c7c430790b21e2b8625bcf,44100,2,16,132300,3.0,True,sound_#,traffic_581,0.223504900932312,0.038423978365384616,939.0459206558215,1305.5531700841452
sound_582.wav,sound_582,traffic,516.8,655a7945e5451f4dbab1f0fa2a9dab29,44100,2,16,132300,3.0,True,sound_#,traffic_582,0.2372010499238968,0.04210111177884615,1042.9949482925574,1489.3805326623026
sound_583.wav,sound_583,traffic,516.8,30af3603c502c225397114cb7bb7c443,44100,2,16,132300,3.0,True,sound_#,traffic_583,0.25992700457572937,0.04711162860576923,1060.7382202661886,1444.0415469660827
sound_584.wav,sound_584,traffic,516.8,a681b99e804daa00dc2e58d29076c040,44100,2,16,132300,3.0,True,sound_#,traffic_584,0.18615029752254486,0.0810809795673077,1367.0102537802532,1571.7272531298297
sound_585.wav,sound_585,traffic,516.8,086c529e03dc4a122277b1feab7610f0,44100,2,16,132300,3.0,True,sound_#,traffic_585,0.24863497912883759,0.055397385817307694,1106.8260086395846,1411.9810441850123
sound_586.wav,sound_586,traffic,516.8,34351553d7dbc55a003b9005290a7aff,44100,2,16,132300,3.0,True,sound_#,traffic_586,0.19144828617572784,0.058082932692307694,1170.2459359596726,1481.3351134109382
sound_587.wav,sound_587,traffic,516.8,59e08d7a1587f1d1787a540adeb017bd,44100,2,16,132300,3.0,True,sound_#,traffic_587,0.22592225670814514,0.05824068509615385,1182.0011040022637,1519.9135827624714
sound_588.wav,sound_588,traffic,516.8,de156110f0ae7b739a4923730348e6ae,44100,2,16,132300,3.0,True,sound_#,traffic_588,0.22144217789173126,0.04933143028846154,1081.9102919403042,1441.7478158208962
sound_589.wav,sound_589,traffic,516.8,ff0cf474629ab7571273a5d538503880,44100,2,16,132300,3.0,True,sound_#,traffic_589,0.21748055517673492,0.036038912259615384,1015.1842784742274,1495.3005960971252
sound_590.wav,sound_590,traffic,516.8,68003eb3466f42216ae628d7b96e2c61,44100,2,16,132300,3.0,True,sound_#,traffic_590,0.23790116608142853,0.03366135817307692,1053.1452383357625,1576.62084458708
sound_591.wav,sound_591,traffic,516.8,9c4a64a3f305f7859983369ffe2f1b8e,44100,2,16,132300,3.0,True,sound_#,traffic_591,0.25377827882766724,0.03856670673076923,1027.8924449833987,1541.6429327338592
sound_592.wav,sound_592,traffic,516.8,cad7b9c7c02e564f6a41c3ccb9b5021a,44100,2,16,132300,3.0,True,sound_#,traffic_592,0.1881115883588791,0.03985126201923077,946.2982380040783,1361.2456230037515
sound_593.wav,sound_593,traffic,516.8,8138940bfe6a01dbfbbe2814b26509c1,44100,2,16,132300,3.0,True,sound_#,traffic_593,0.27392008900642395,0.03419471153846154,901.4712774408158,1303.706814957158
sound_594.wav,sound_594,traffic,516.8,0397b101034e155b0b0c7a0c6b6a0907,44100,2,16,132300,3.0,True,sound_#,traffic_594,0.25512242317199707,0.033804086538461536,882.7381714184619,1314.1988182358027
sound_595.wav,sound_595,traffic,516.8,f1e118c35acd5df7643768ac89c77ee0,44100,2,16,132300,3.0,True,sound_#,traffic_595,0.2271144539117813,0.043280498798076925,966.7229061239188,1379.0200342813578
sound_596.wav,sound_596,traffic,516.8,09d01af9aa826179bfb17487afe377f7,44100,2,16,132300,3.0,True,sound_#,traffic_596,0.2377617359161377,0.040748948317307694,992.2897469237255,1431.2389740312703
sound_597.wav,sound_597,traffic,516.8,52f74f645861023d2915fa8ab6e58e5c,44100,2,16,132300,3.0,True,sound_#,traffic_597,0.2459252029657364,0.03599008413461539,901.6898121569237,1334.965847019099
sound_598.wav,sound_598,traffic,516.8,0f0e5925df33ea00c3538a5a9e666a7b,44100,2,16,132300,3.0,True,sound_#,traffic_598,0.2631940543651581,0.04098557692307692,965.7336362127276,1345.7208145473344
sound_599.wav,sound_599,traffic,516.8,fe10100d9a7b390abae075c083ffa086,44100,2,16,132300,3.0,True,sound_#,traffic_599,0.2159343659877777,0.05318509615384615,1073.7152470090457,1402.0191237074673
sound_600.wav,sound_600,traffic,516.8,a5c8da1a5808b5b73d84c55440580e0c,44100,2,16,132300,3.0,True,sound_#,traffic_600,0.25170156359672546,0.05398888221153846,1115.5485950978866,1443.2396605254223
sound_601.wav,sound_601,traffic,517.0,3f286c37dab261e5ad004ba6f83d47eb,44100,2,16,132300,3.0,True,sound_#,traffic_601,0.19965478777885437,0.12825270432692307,2286.5102312088347,2273.710328978446
sound_602.wav,sound_602,traffic,517.0,c8f281efdf2b902fe81e53a3cd3544f7,44100,2,16,132300,3.0,True,sound_#,traffic_602,0.19376540184020996,0.13961838942307692,2325.181723506733,2239.8894259626645
sound_603.wav,sound_603,traffic,517.0,7599c735145c875ff5cb263584ee0344,44100,2,16,132300,3.0,True,sound_#,traffic_603,0.1789863258600235,0.15105919471153847,2301.5736348965315,2254.1978625086595
sound_604.wav,sound_604,traffic,517.0,b6eb114c0ae15a936a40f58ad723e5ae,44100,2,16,132300,3.0,True,sound_#,traffic_604,0.22750039398670197,0.11087364783653846,2194.6787444893457,2244.9283260279008
sound_605.wav,sound_605,traffic,517.0,f3961a8300b33dc0089e830a4e1a2a51,44100,2,16,132300,3.0,True,sound_#,traffic_605,0.11520953476428986,0.14767127403846153,2455.963552159685,2328.4702010574088
sound_606.wav,sound_606,traffic,517.0,c6430cd8ad5585698117c3ff26ce6963,44100,2,16,132300,3.0,True,sound_#,traffic_606,0.2079484462738037,0.14879432091346154,2349.2040763626405,2226.999630874084
sound_607.wav,sound_607,traffic,517.0,819b487ccbc1b765ef957919da8911b2,44100,2,16,132300,3.0,True,sound_#,traffic_607,0.15867206454277039,0.17040640024038461,2499.8373733592166,2277.7825713557845
sound_608.wav,sound_608,traffic,517.0,831ca77ee8f7ffbfa1374f66a23e103a,44100,2,16,132300,3.0,True,sound_#,traffic_608,0.2001757174730301,0.14538010817307692,2327.3549109005958,2219.7587711747133
sound_609.wav,sound_609,traffic,517.0,32688414722df6ffa5b8dae87993cb02,44100,2,16,132300,3.0,True,sound_#,traffic_609,0.20189808309078217,0.11501277043269231,2176.600308534427,2171.7174023295797
sound_610.wav,sound_610,traffic,517.0,6ec8ea4de47a6ae9b5aa2b5044b38765,44100,2,16,132300,3.0,True,sound_#,traffic_610,0.18069100379943848,0.11634239783653846,2240.3233683660465,2256.549119826196
sound_611.wav,sound_611,traffic,517.0,4c9a3bcb222a8b6fe3e4c5444efd95b6,44100,2,16,132300,3.0,True,sound_#,traffic_611,0.2205544412136078,0.10472506009615384,2157.7909979879496,2233.7765726887883
sound_612.wav,sound_612,traffic,517.0,308ad5f91142f79f975232b74b1c4237,44100,2,16,132300,3.0,True,sound_#,traffic_612,0.09101664274930954,0.10765850360576923,2140.0828284052163,2204.526567865105
sound_613.wav,sound_613,traffic,517.0,22ec3cdb1a7b0e133f349399711e4358,44100,2,16,132300,3.0,True,sound_#,traffic_613,0.22920502722263336,0.10050706129807692,2188.954249944203,2303.4709646759175
sound_614.wav,sound_614,traffic,517.0,1ea5ef39338aa39f31f5272b3f31bb06,44100,2,16,132300,3.0,True,sound_#,traffic_614,0.1891566812992096,0.11915940504807693,2293.9475132373964,2302.8488734432763
sound_615.wav,sound_615,traffic,517.0,08094f4e7fab5d959c552c7bf2d84efd,44100,2,16,132300,3.0,True,sound_#,traffic_615,0.2140694558620453,0.0956768329326923,2207.861104148233,2322.0884999361774
sound_616.wav,sound_616,traffic,517.0,0ae0916bf207bb83e89f11de1fe8ead4,44100,2,16,132300,3.0,True,sound_#,traffic_616,0.213377445936203,0.18019456129807693,2510.913433998092,2409.895763470537
sound_617.wav,sound_617,traffic,517.0,8d1fc06423b50f9c35b5928e74a246cd,44100,2,16,132300,3.0,True,sound_#,traffic_617,0.17230455577373505,0.12041015625,2232.2221401363076,2348.0029326080935
sound_618.wav,sound_618,traffic,517.0,2ed2ffb23a0a1c58f4f656e6a36c21bd,44100,2,16,132300,3.0,True,sound_#,traffic_618,0.19041216373443604,0.09122220552884615,1716.2086814111326,2094.9241844090907
sound_619.wav,sound_619,traffic,517.0,1fc550378e277bed2632f8ee0f5173a5,44100,2,16,132300,3.0,True,sound_#,traffic_619,0.21084876358509064,0.09227013221153846,2134.7850493962064,2331.6622097529
sound_620.wav,sound_620,traffic,517.0,088ee00c7dc3261a4de3e551019fa865,44100,2,16,132300,3.0,True,sound_#,traffic_620,0.22492355108261108,0.10480769230769231,2117.2032916955727,2215.9130850866036
sound_621.wav,sound_621,traffic,517.0,344746eef9e0091c45bed9ed48c57ebc,44100,2,16,132300,3.0,True,sound_#,traffic_621,0.1857350617647171,0.13818359375,2267.0356235494414,2280.257909248558
sound_622.wav,sound_622,traffic,517.0,39418a5db5e5363f3d3b09bdc8cf12df,44100,2,16,132300,3.0,True,sound_#,traffic_622,0.22413937747478485,0.10877779447115385,2229.4071094244464,2286.107376761968
sound_623.wav,sound_623,traffic,517.0,834d3e29fdb32e63893cc961e31d0c88,44100,2,16,132300,3.0,True,sound_#,traffic_623,0.22403712570667267,0.11975661057692308,2429.2781231672475,2403.393651008382
sound_624.wav,sound_624,traffic,517.0,95bbd17889f18628f57b8a68dd846590,44100,2,16,132300,3.0,True,sound_#,traffic_624,0.2240450084209442,0.14322415865384616,2610.6199548612412,2495.4992375650495
sound_625.wav,sound_625,traffic,517.0,5ee6ce4cfe49eb50014bcf855adad859,44100,2,16,132300,3.0,True,sound_#,traffic_625,0.1876104176044464,0.12789588341346153,2282.0872001730168,2302.71468632393
sound_626.wav,sound_626,traffic,517.0,7846eb85e147f1dd05702d83fc662ccb,44100,2,16,132300,3.0,True,sound_#,traffic_626,0.2206963747739792,0.103173828125,2194.4450221297207,2300.6605804189467
sound_627.wav,sound_627,traffic,517.0,c30aa3380815f8d320f56d233e8f3b61,44100,2,16,132300,3.0,True,sound_#,traffic_627,0.2351895272731781,0.09957181490384616,2095.0483785018396,2197.683741224911
sound_628.wav,sound_628,traffic,517.0,8a55eaf5e28612785f66fbd86cf13c68,44100,2,16,132300,3.0,True,sound_#,traffic_628,0.2258417010307312,0.09265324519230769,1983.083923150326,2164.1547439295437
sound_629.wav,sound_629,traffic,517.0,e0bbd7eedad1cb489f9513f705f73a70,44100,2,16,132300,3.0,True,sound_#,traffic_629,0.23706050217151642,0.10457106370192308,2171.313093270456,2274.4080271548464
sound_630.wav,sound_630,traffic,517.0,8e0714557c1323c6a0d657180bdf7a32,44100,2,16,132300,3.0,True,sound_#,traffic_630,0.2116730958223343,0.10819185697115384,2147.799146015513,2229.010866564791
sound_631.wav,sound_631,traffic,517.0,437352141daffe4a5578f69c47437ca6,44100,2,16,132300,3.0,True,sound_#,traffic_631,0.19863446056842804,0.108203125,2167.384604227747,2233.367606486599
sound_632.wav,sound_632,traffic,517.0,f02b7e5ba354dcda7f7dbca824fc35c3,44100,2,16,132300,3.0,True,sound_#,traffic_632,0.22197166085243225,0.07738882211538461,1887.2419412208033,2130.6567008891975
sound_633.wav,sound_633,traffic,517.0,f57a94394e80d7a10c36b32d21d488b8,44100,2,16,132300,3.0,True,sound_#,traffic_633,0.18293577432632446,0.09825345552884615,2070.3685178807514,2258.8990790585967
sound_634.wav,sound_634,traffic,517.0,a795923b758df8580b110b472a950622,44100,2,16,132300,3.0,True,sound_#,traffic_634,0.20306171476840973,0.11118915264423077,2095.531133836015,2193.131808885318
sound_635.wav,sound_635,traffic,517.0,5ed0397c60493bc818f13865d73aa121,44100,2,16,132300,3.0,True,sound_#,traffic_635,0.23970375955104828,0.11099008413461539,2046.8289063756838,2177.7988030917118
sound_636.wav,sound_636,traffic,517.0,047685b3cef53590e65567ce6525b919,44100,2,16,132300,3.0,True,sound_#,traffic_636,0.2538206875324249,0.0947265625,2088.3635081501025,2246.720321677017
sound_637.wav,sound_637,traffic,517.0,6b390314e63c6ea970cce52a8fb20696,44100,2,16,132300,3.0,True,sound_#,traffic_637,0.23431114852428436,0.0822002704326923,2101.7743591809267,2283.802688297471
sound_638.wav,sound_638,traffic,517.0,0f63b410a0107ab92da55402670797e1,44100,2,16,132300,3.0,True,sound_#,traffic_638,0.19126440584659576,0.138037109375,2298.9564082148745,2239.466478527545
sound_639.wav,sound_639,traffic,517.0,e2d9770a5d8866cb14452b39ae3e3619,44100,2,16,132300,3.0,True,sound_#,traffic_639,0.20188815891742706,0.13484825721153845,2298.642594757902,2317.0342773711272
sound_640.wav,sound_640,traffic,517.0,0eb18fd27f16b62863ad561f8457213f,44100,2,16,132300,3.0,True,sound_#,traffic_640,0.2432643622159958,0.07622445913461538,2350.492015937372,2540.0096254583195
sound_641.wav,sound_641,traffic,517.0,ac37dd4c8e04dd0f043e387f4686ea04,44100,2,16,132300,3.0,True,sound_#,traffic_641,0.24607010185718536,0.07689678485576923,2410.2297705832552,2497.421409668606
sound_642.wav,sound_642,traffic,517.0,88f871b3cadfdc678fa342d16538d316,44100,2,16,132300,3.0,True,sound_#,traffic_642,0.2220323383808136,0.10022911658653846,2193.2539028322494,2296.7940600935303
sound_643.wav,sound_643,traffic,517.0,6aca2e95d063e66ed0b31c20efbae2f7,44100,2,16,132300,3.0,True,sound_#,traffic_643,0.14215290546417236,0.16196664663461538,2560.2735988908726,2301.1145181732413
sound_644.wav,sound_644,traffic,517.0,32f653e5098f85058dc470bf6750ec38,44100,2,16,132300,3.0,True,sound_#,traffic_644,0.10072974860668182,0.08089693509615385,1976.3492544617754,2177.2594153842574
sound_645.wav,sound_645,traffic,517.0,66d7e27497aa304e4c87b706c82a7d6a,44100,2,16,132300,3.0,True,sound_#,traffic_645,0.23574842512607574,0.09840745192307693,2118.0387975403532,2194.593131704085
sound_646.wav,sound_646,traffic,517.0,f8bf4635eeddf6367ff572699c578a2d,44100,2,16,132300,3.0,True,sound_#,traffic_646,0.14981748163700104,0.15142352764423078,2461.6799911808966,2285.047320218925
sound_647.wav,sound_647,traffic,517.0,a7050f5b974bbef630d0a71bbec8936a,44100,2,16,132300,3.0,True,sound_#,traffic_647,0.15359029173851013,0.1859375,2703.367824642017,2320.664283376162
sound_648.wav,sound_648,traffic,517.0,31d96873f45224d3834b22fdcacb25d4,44100,2,16,132300,3.0,True,sound_#,traffic_648,0.20199689269065857,0.13072791466346154,2240.898973148114,2227.3622600925037
sound_649.wav,sound_649,traffic,517.0,1866c3fbbe16cc2124e5beb7f8e20280,44100,2,16,132300,3.0,True,sound_#,traffic_649,0.1453176587820053,0.1805926983173077,2542.79979074939,2254.1783266130637
sound_650.wav,sound_650,traffic,517.0,86ea37f471b205b9ab7398ea949f4b3d,44100,2,16,132300,3.0,True,sound_#,traffic_650,0.20589204132556915,0.2206317608173077,2668.919863932233,2341.4096610808174
sound_651.wav,sound_651,traffic,517.0,a5c6ea265a4659c897f1c336bb138b3e,44100,2,16,132300,3.0,True,sound_#,traffic_651,0.18655402958393097,0.12534930889423077,2338.8415320564336,2371.7940612451516
sound_652.wav,sound_652,traffic,517.0,ee1a4dfcf37fc7c087b9eabdc420ee5b,44100,2,16,132300,3.0,True,sound_#,traffic_652,0.15619756281375885,0.14137244591346154,2246.7651695156965,2191.7701213577466
sound_653.wav,sound_653,traffic,517.0,ff108045fb13dfb963fd3b3cbadfde0a,44100,2,16,132300,3.0,True,sound_#,traffic_653,0.1641799807548523,0.17354642427884615,2412.561250014612,2247.245318839316
sound_654.wav,sound_654,traffic,517.0,d8f3dcef3f3c885aa000c8d4dfe1bd7e,44100,2,16,132300,3.0,True,sound_#,traffic_654,0.23357979953289032,0.10550631009615384,1991.8123170872434,2105.3766533394487
sound_655.wav,sound_655,traffic,517.0,ef44ac2ae7e398affe99361361b1ccf6,44100,2,16,132300,3.0,True,sound_#,traffic_655,0.18488675355911255,0.0965106670673077,2083.977958298749,2272.536500798267
sound_656.wav,sound_656,traffic,517.0,6f03c72348ab8f6572a566068d9ebd40,44100,2,16,132300,3.0,True,sound_#,traffic_656,0.1958637535572052,0.10267803485576923,2093.9096473870104,2240.2279497027835
sound_657.wav,sound_657,traffic,517.0,44dd1bba940b3aa37a74c2f0b8c069d6,44100,2,16,132300,3.0,True,sound_#,traffic_657,0.11656197905540466,0.12998422475961538,2166.841508156776,2219.773625956678
sound_658.wav,sound_658,traffic,517.0,f641773ff2d1fa530c390016aa311d8d,44100,2,16,132300,3.0,True,sound_#,traffic_658,0.2081306129693985,0.13008939302884615,2311.176617031554,2302.361397008878
sound_659.wav,sound_659,traffic,517.0,2c6e9abf92b4b22428880e5a628afd17,44100,2,16,132300,3.0,True,sound_#,traffic_659,0.13278818130493164,0.10751201923076924,2266.9668585647596,2412.8657091890086
sound_660.wav,sound_660,traffic,517.0,be9f398cd63c74b47571864f057047e2,44100,2,16,132300,3.0,True,sound_#,traffic_660,0.1256912648677826,0.11284930889423077,2206.4121097307475,2365.409045200731
sound_661.wav,sound_661,traffic,517.0,0b5a4d035f6016da0392eaa300c8c367,44100,2,16,132300,3.0,True,sound_#,traffic_661,0.21428559720516205,0.17034630408653847,2431.20929459144,2474.916651502523
sound_662.wav,sound_662,traffic,517.0,0706d3a8f1892fc43c75559e9de75f75,44100,2,16,132300,3.0,True,sound_#,traffic_662,0.22884349524974823,0.1620417668269231,2097.4879329708674,2178.445090265076
sound_663.wav,sound_663,traffic,517.0,2a16609556a86830663fe94ac696c2ba,44100,2,16,132300,3.0,True,sound_#,traffic_663,0.22168253362178802,0.09155649038461539,2006.243881690817,2150.972682450743
sound_664.wav,sound_664,traffic,517.0,1022eadd395c2b9feb1dbc1edcb31fd5,44100,2,16,132300,3.0,True,sound_#,traffic_664,0.2531512975692749,0.05936373197115385,1835.2125993412328,2158.038893129647
sound_665.wav,sound_665,traffic,517.0,7f5da8c3b00061ca8fab6f64d5941fbf,44100,2,16,132300,3.0,True,sound_#,traffic_665,0.20650136470794678,0.09642052283653846,2128.628386760377,2345.484121239124
sound_666.wav,sound_666,traffic,517.0,d9f589d552ec553de807390a99d3d317,44100,2,16,132300,3.0,True,sound_#,traffic_666,0.23891299962997437,0.056971153846153845,1795.3344772611038,2289.710073482918
sound_667.wav,sound_667,traffic,517.0,d7a42876090f541601e34ebcd6690bb7,44100,2,16,132300,3.0,True,sound_#,traffic_667,0.20020578801631927,0.0777118389423077,1963.376700760633,2293.166111876253
sound_668.wav,sound_668,traffic,517.0,d17d0208cc44a71220e5fcb597774fe6,44100,2,16,132300,3.0,True,sound_#,traffic_668,0.2618946433067322,0.090673828125,2106.6426763253726,2283.1334073695652
sound_669.wav,sound_669,traffic,517.0,3115118736b89ea264d6972763b3c2b9,44100,2,16,132300,3.0,True,sound_#,traffic_669,0.2081155776977539,0.16707481971153845,2651.1701527137766,2533.9011868556754
sound_670.wav,sound_670,traffic,517.0,992df0e73674823d6e5078064a93d0b3,44100,2,16,132300,3.0,True,sound_#,traffic_670,0.20730261504650116,0.10706129807692308,2116.5613810631726,2204.3560690667214
sound_671.wav,sound_671,traffic,517.0,ac8c6df0039838f96d88630b3a5c072f,44100,2,16,132300,3.0,True,sound_#,traffic_671,0.2278371900320053,0.09598858173076923,2099.782191495797,2238.1334398278045
sound_672.wav,sound_672,traffic,517.0,c98e3c44e7ff5694d10c25c77732fb1c,44100,2,16,132300,3.0,True,sound_#,traffic_672,0.18757814168930054,0.142041015625,2267.25601479953,2263.328011816623
sound_673.wav,sound_673,traffic,517.0,70d6151ffe692782c0596f8f9d1667eb,44100,2,16,132300,3.0,True,sound_#,traffic_673,0.1374092698097229,0.13473182091346153,2122.7626928154314,2127.700112506975
sound_674.wav,sound_674,traffic,517.0,003bd168150c97eda7ad5e8aa4c13047,44100,2,16,132300,3.0,True,sound_#,traffic_674,0.18451473116874695,0.1243426983173077,2246.100845514892,2246.772556519932
sound_675.wav,sound_675,traffic,517.0,4c5ebb67e515d4f5e81645fa3cf9d88f,44100,2,16,132300,3.0,True,sound_#,traffic_675,0.15052786469459534,0.1146709735576923,2111.850890086712,2166.2432020220776
sound_676.wav,sound_676,traffic,517.0,94798cef46a1c98661fb0e72f0052105,44100,2,16,132300,3.0,True,sound_#,traffic_676,0.19727696478366852,0.13915640024038461,2234.2745993818085,2140.5479264824903
sound_677.wav,sound_677,traffic,517.0,ca00e0d1b25bc3c1778e41d2590f9f9c,44100,2,16,132300,3.0,True,sound_#,traffic_677,0.2461879998445511,0.13858173076923078,2328.5941199416907,2266.6258002506756
sound_678.wav,sound_678,traffic,517.0,af872155c7315bb518c658048ca0f1c9,44100,2,16,132300,3.0,True,sound_#,traffic_678,0.16453281044960022,0.15559269831730768,2432.3158032064907,2336.663272207357
sound_679.wav,sound_679,traffic,517.0,1b6ad7e25f2957b2a8b29c394a483b5f,44100,2,16,132300,3.0,True,sound_#,traffic_679,0.20262333750724792,0.12980393629807693,2301.193394618924,2295.982092489149
sound_680.wav,sound_680,traffic,517.0,5487975f6c581f1ae1d2976a7adf6202,44100,2,16,132300,3.0,True,sound_#,traffic_680,0.20645831525325775,0.11085111177884616,2190.752825311111,2252.8293428813927
sound_681.wav,sound_681,traffic,517.0,3b220b588669fdd4bcaedbd1a01b5d52,44100,2,16,132300,3.0,True,sound_#,traffic_681,0.14000622928142548,0.13128380408653847,2243.292898324533,2277.154638785287
sound_682.wav,sound_682,traffic,517.0,f00ec528befb923524336de1ea7823e0,44100,2,16,132300,3.0,True,sound_#,traffic_682,0.20921774208545685,0.11903170072115385,2182.2968446000195,2262.7341287058625
sound_683.wav,sound_683,traffic,517.0,1a2ab10418ccfff1d6dac3592df0c817,44100,2,16,132300,3.0,True,sound_#,traffic_683,0.13313111662864685,0.10493539663461539,2075.1943520688096,2185.492668887576
sound_684.wav,sound_684,traffic,517.0,62b1df85846e7f3fd076f8f0efe52c4c,44100,2,16,132300,3.0,True,sound_#,traffic_684,0.21464557945728302,0.09131234975961539,2029.4357429275512,2223.7118853050883
sound_685.wav,sound_685,traffic,517.0,e6833a4b72269679cc86f1f2aec015a6,44100,2,16,132300,3.0,True,sound_#,traffic_685,0.16313143074512482,0.1043231670673077,2076.9440206740455,2222.6099874942793
sound_686.wav,sound_686,traffic,517.0,0ac83652c24a75021e64e8d671d345f2,44100,2,16,132300,3.0,True,sound_#,traffic_686,0.12148140370845795,0.12644606370192307,2303.3108396991242,2378.153117228865
sound_687.wav,sound_687,traffic,517.0,3355597b2b9d535009dc40f84ea2cce2,44100,2,16,132300,3.0,True,sound_#,traffic_687,0.13155806064605713,0.09189453125,1748.8417484285767,2027.5354618260678
sound_688.wav,sound_688,traffic,517.0,fd36b842f47a4b56e39d9efa24c0b699,44100,2,16,132300,3.0,True,sound_#,traffic_688,0.20643267035484314,0.12613431490384616,2218.2896521528796,2266.3092175838983
sound_689.wav,sound_689,traffic,517.0,67951a1a94158f640819c60b9a6f5959,44100,2,16,132300,3.0,True,sound_#,traffic_689,0.22842346131801605,0.09761117788461539,2072.235179529349,2229.0772344183456
sound_690.wav,sound_690,traffic,517.0,1d3a92449287b4bb3bbda290570d784e,44100,2,16,132300,3.0,True,sound_#,traffic_690,0.2579130232334137,0.10040940504807692,2177.899592949209,2339.9464788912464
sound_691.wav,sound_691,traffic,517.0,60726e3dbd306d90b655c4b284f93a95,44100,2,16,132300,3.0,True,sound_#,traffic_691,0.2602996230125427,0.08748121995192308,2122.8752839623985,2242.547584678089
sound_692.wav,sound_692,traffic,517.0,cd7a321fdd2eaebd44ac80002a048cc2,44100,2,16,132300,3.0,True,sound_#,traffic_692,0.15427091717720032,0.17018479567307693,2296.142887298316,2198.5278026854025
sound_693.wav,sound_693,traffic,517.0,a162c76df2324779f66ac8f86a9b8866,44100,2,16,132300,3.0,True,sound_#,traffic_693,0.20943757891654968,0.09623647836538461,2064.4274155226176,2222.7761271781155
sound_694.wav,sound_694,traffic,517.0,7a242b92456fd0de5edb2155eb1ac7c0,44100,2,16,132300,3.0,True,sound_#,traffic_694,0.2561032772064209,0.10711012620192308,2240.1338877705525,2283.0778361562893
sound_695.wav,sound_695,traffic,517.0,96d0d61cb6df88c30dee135109de480f,44100,2,16,132300,3.0,True,sound_#,traffic_695,0.217317134141922,0.10522085336538461,2087.083870923938,2181.817622696841
sound_696.wav,sound_696,traffic,517.0,42e13ecac21b94be1305b4721b378589,44100,2,16,132300,3.0,True,sound_#,traffic_696,0.19763952493667603,0.10420297475961539,2085.7365118512384,2205.1660325298253
sound_697.wav,sound_697,traffic,517.0,35b3302fba0e6c1c6cc251abc0cfbc90,44100,2,16,132300,3.0,True,sound_#,traffic_697,0.21870440244674683,0.11510667067307692,2193.1671903080533,2249.520178092895
sound_698.wav,sound_698,traffic,517.0,1079f19b0877f0102a54ce8669fec80a,44100,2,16,132300,3.0,True,sound_#,traffic_698,0.20438459515571594,0.10316256009615385,2085.8265635264243,2197.7985990696866
sound_699.wav,sound_699,traffic,517.0,a2021c51fed5532c6a8bff9749f9f80c,44100,2,16,132300,3.0,True,sound_#,traffic_699,0.21110479533672333,0.10451472355769231,2082.5652995067335,2200.3366623046745
sound_700.wav,sound_700,traffic,517.0,7fb2129ba209138c51f751fa7ffa015b,44100,2,16,132300,3.0,True,sound_#,traffic_700,0.1755550354719162,0.12226186899038462,2159.7948484831013,2155.6813739298523
sound_701.wav,sound_701,traffic,517.0,474ccad36a8d960059f216af0ddf9649,44100,2,16,132300,3.0,True,sound_#,traffic_701,0.2691667079925537,0.07332481971153847,1945.3523621540608,2254.7673303185434
sound_702.wav,sound_702,traffic,517.0,b63dd3475f84a0440af1c78d379c73e7,44100,2,16,132300,3.0,True,sound_#,traffic_702,0.2535669803619385,0.07758037860576923,2142.0185723983386,2374.3742593795446
sound_703.wav,sound_703,traffic,517.0,fd9245dbc243894b553eb7bea342404c,44100,2,16,132300,3.0,True,sound_#,traffic_703,0.20438343286514282,0.11585036057692308,2214.794380807001,2347.475938095586
sound_704.wav,sound_704,traffic,517.0,4f2752f0a531607aee9f0dcc82553543,44100,2,16,132300,3.0,True,sound_#,traffic_704,0.2223653942346573,0.11756310096153846,2250.7252585480196,2373.4561055739687
sound_705.wav,sound_705,traffic,517.0,598bbd29e6371c5fda48fe498e737e56,44100,2,16,132300,3.0,True,sound_#,traffic_705,0.2096976935863495,0.10972430889423077,2314.1959119862145,2447.0533199396746
sound_706.wav,sound_706,traffic,517.0,1762e646c0771cb6fef29f26a13dafc0,44100,2,16,132300,3.0,True,sound_#,traffic_706,0.2270709127187729,0.10955904447115385,2294.8489757984007,2453.6054642102413
sound_707.wav,sound_707,traffic,517.0,0e1cc2649a2bb8c19bacf8196baaccf6,44100,2,16,132300,3.0,True,sound_#,traffic_707,0.14806702733039856,0.17933443509615385,2685.045436131649,2389.079326238784
sound_708.wav,sound_708,traffic,517.0,1b66d76ed9785b71053d9f6410b51a37,44100,2,16,132300,3.0,True,sound_#,traffic_708,0.13119924068450928,0.1292705829326923,2401.8531786772664,2426.6075013262935
sound_709.wav,sound_709,traffic,517.0,77e4c140ad36b290cb94695525906991,44100,2,16,132300,3.0,True,sound_#,traffic_709,0.22829000651836395,0.09873046875,2187.245028711447,2401.9665312465972
sound_710.wav,sound_710,traffic,517.0,9a0e89d4ff105c8feec1f22b003f02f5,44100,2,16,132300,3.0,True,sound_#,traffic_710,0.16913144290447235,0.1519493689903846,2358.149182160093,2367.3319670594333
sound_711.wav,sound_711,traffic,517.0,e9828eba0592bc421c2e1a5f4ee0c1ad,44100,2,16,132300,3.0,True,sound_#,traffic_711,0.2254488170146942,0.12744516225961539,2255.640005901261,2345.280541564621
sound_712.wav,sound_712,traffic,517.0,c05ee4cd26603dce5219a23ef2bed09a,44100,2,16,132300,3.0,True,sound_#,traffic_712,0.1966210901737213,0.21153846153846154,2615.138297089912,2308.384341207658
sound_713.wav,sound_713,traffic,517.0,9bf4c9e95b4763069e2b307b7976d685,44100,2,16,132300,3.0,True,sound_#,traffic_713,0.20575225353240967,0.15198317307692308,2551.2942734521944,2450.386429328989
sound_714.wav,sound_714,traffic,517.0,fe10994682e9e361cb0f9de29d184a03,44100,2,16,132300,3.0,True,sound_#,traffic_714,0.2093067467212677,0.13029597355769232,2384.950218790769,2401.0585167340464
sound_715.wav,sound_715,traffic,517.0,8c2f5fe901d9f3a4426d86e1792e097f,44100,2,16,132300,3.0,True,sound_#,traffic_715,0.17825156450271606,0.1093487079326923,2243.3500915644663,2401.4802822371335
sound_716.wav,sound_716,traffic,517.0,2f874f5c5a931e239e70740da62410dd,44100,2,16,132300,3.0,True,sound_#,traffic_716,0.23625867068767548,0.09137244591346154,2224.938904284919,2443.953803770989
sound_717.wav,sound_717,traffic,517.0,ca31f22068d5fc463f692757b1051917,44100,2,16,132300,3.0,True,sound_#,traffic_717,0.23819342255592346,0.07251727764423077,2112.7009685377616,2444.675231424285
sound_718.wav,sound_718,traffic,517.0,cad7f40d2fe239cfde637dd12105389e,44100,2,16,132300,3.0,True,sound_#,traffic_718,0.22457313537597656,0.0708759014423077,1963.5660573450857,2368.831305297499
sound_719.wav,sound_719,traffic,517.0,b2fa8b73b00f880924fa3c293562e1ef,44100,2,16,132300,3.0,True,sound_#,traffic_719,0.22466936707496643,0.08212890625,2044.3445957013173,2389.2320685053064
sound_720.wav,sound_720,traffic,517.0,2951fe575a94799d39081798d090a1d6,44100,2,16,132300,3.0,True,sound_#,traffic_720,0.1374535858631134,0.08155799278846154,2171.709714641509,2533.519484226495
sound_721.wav,sound_721,traffic,517.0,be8348c431b5cbb66c0a7e12b0b43aa5,44100,2,16,132300,3.0,True,sound_#,traffic_721,0.1903303861618042,0.08195237379807692,2086.8963401996853,2434.5292197752024
sound_722.wav,sound_722,traffic,517.0,42e23325c4f84abc87e20ba9bd0effa9,44100,2,16,132300,3.0,True,sound_#,traffic_722,0.2291647344827652,0.12296048677884615,2444.109358878312,2571.3575230291804
sound_723.wav,sound_723,traffic,517.0,194fd14103a1f66204d2d384ff989125,44100,2,16,132300,3.0,True,sound_#,traffic_723,0.20538659393787384,0.09554161658653847,2162.312705953805,2397.141367954505
sound_724.wav,sound_724,traffic,517.0,42a9227352c704bc9b79dc2bbadab9ce,44100,2,16,132300,3.0,True,sound_#,traffic_724,0.21203523874282837,0.14786283052884616,2392.5317180637144,2418.769803472437
sound_725.wav,sound_725,traffic,517.0,19530582bcced47ff73dadbea936eebb,44100,2,16,132300,3.0,True,sound_#,traffic_725,0.17059561610221863,0.1969501201923077,2702.7969910632514,2488.40581963092
sound_726.wav,sound_726,traffic,517.0,39958a3ecb6f299100aa963d0a0d2235,44100,2,16,132300,3.0,True,sound_#,traffic_726,0.18557806313037872,0.1078125,2271.0953987382454,2477.1831810407134
sound_727.wav,sound_727,traffic,517.0,1a150d9fec1279de219fd75c00709067,44100,2,16,132300,3.0,True,sound_#,traffic_727,0.2175617814064026,0.08010817307692308,2129.102618404475,2474.5571146552047
sound_728.wav,sound_728,traffic,517.0,6bb48bd55b7b6e3cb01786c3596eeef5,44100,2,16,132300,3.0,True,sound_#,traffic_728,0.20013149082660675,0.06869365985576924,2086.9082077307476,2453.624463553913
sound_729.wav,sound_729,traffic,517.0,f1566baf2698553674dd1cfd9b499525,44100,2,16,132300,3.0,True,sound_#,traffic_729,0.17615531384944916,0.12077073317307692,2298.956440814609,2417.2172582559297
sound_730.wav,sound_730,traffic,517.0,ae01031231f8387bd86cf8e30e3ef496,44100,2,16,132300,3.0,True,sound_#,traffic_730,0.21616697311401367,0.12127403846153846,2444.890021574532,2380.4560360542946
sound_731.wav,sound_731,traffic,517.0,4347b4c5bdf6b7e27a4bab44ab0ee3ce,44100,2,16,132300,3.0,True,sound_#,traffic_731,0.18649321794509888,0.07483849158653846,2175.5972844005187,2494.3314853736597
sound_732.wav,sound_732,traffic,517.0,626a132d7378c7902e2493f31659f9b0,44100,2,16,132300,3.0,True,sound_#,traffic_732,0.2226729542016983,0.0910381610576923,2343.906841652867,2608.8391429889257
sound_733.wav,sound_733,traffic,517.0,9c75da799902e27ef618df0ddcef5374,44100,2,16,132300,3.0,True,sound_#,traffic_733,0.24296173453330994,0.11371694711538462,2547.952321701553,2671.461766680141
sound_734.wav,sound_734,traffic,517.0,f944825168ecaa58799d00bd73c2076a,44100,2,16,132300,3.0,True,sound_#,traffic_734,0.25766444206237793,0.07747896634615385,2185.7880333840135,2450.377662989657
sound_735.wav,sound_735,traffic,517.0,76a1b36bf69f1be5bda5ee46e2b81e83,44100,2,16,132300,3.0,True,sound_#,traffic_735,0.1510055959224701,0.11142202524038461,2446.413271092871,2536.3003447052433
sound_736.wav,sound_736,traffic,517.0,76d1183b87077ba4dda28659fe28cddc,44100,2,16,132300,3.0,True,sound_#,traffic_736,0.14230912923812866,0.11085111177884616,2413.907472098282,2538.449133482804
sound_737.wav,sound_737,traffic,517.0,12b2f7b72695a1196dc49536d71798f5,44100,2,16,132300,3.0,True,sound_#,traffic_737,0.21501976251602173,0.08440504807692308,2120.519102774773,2381.79537534807
sound_738.wav,sound_738,traffic,517.0,c97cb53c94fcee5ff9fb460646f40293,44100,2,16,132300,3.0,True,sound_#,traffic_738,0.22657854855060577,0.06890399639423077,2057.032179975995,2438.669146199733
sound_739.wav,sound_739,traffic,517.0,05245711024e22b2ab2ec24a0d198f82,44100,2,16,132300,3.0,True,sound_#,traffic_739,0.23009338974952698,0.08149789663461539,2010.8495483835143,2295.13319497798
sound_740.wav,sound_740,traffic,517.0,a992438ed1a77be53549d05e0fbfd21e,44100,2,16,132300,3.0,True,sound_#,traffic_740,0.0959128737449646,0.10640775240384616,2401.9279180951526,2476.6390003053434
sound_741.wav,sound_741,traffic,517.0,7e601f9788500db7da0f864759533736,44100,2,16,132300,3.0,True,sound_#,traffic_741,0.10001511126756668,0.11131310096153846,2348.767159389548,2407.856903936207
sound_742.wav,sound_742,traffic,517.0,7350c7e058f422235979379870fde6af,44100,2,16,132300,3.0,True,sound_#,traffic_742,0.2144254744052887,0.11631234975961538,2269.4940868495005,2369.6579749609814
sound_743.wav,sound_743,traffic,517.0,ec9b1c0e7a54372a2a06bf955e5ebe07,44100,2,16,132300,3.0,True,sound_#,traffic_743,0.21699292957782745,0.11998197115384615,2180.3481429177327,2366.249000862282
sound_744.wav,sound_744,traffic,517.0,79622ba2384e7121f2672d4a629485d4,44100,2,16,132300,3.0,True,sound_#,traffic_744,0.17917823791503906,0.10848106971153847,2182.596642704748,2377.2963239417163
sound_745.wav,sound_745,traffic,517.0,a1b9451b0731360f364e51eeea507054,44100,2,16,132300,3.0,True,sound_#,traffic_745,0.20496027171611786,0.10665564903846154,2351.7181717632416,2459.138271056429
sound_746.wav,sound_746,traffic,517.0,45cf877b983fbd957a0ac61d775a9b9d,44100,2,16,132300,3.0,True,sound_#,traffic_746,0.18215243518352509,0.14015549879807693,2435.9937468209177,2380.1906148039307
sound_747.wav,sound_747,traffic,517.0,996a93bbe5bd0e48e2a6d3f96b61450a,44100,2,16,132300,3.0,True,sound_#,traffic_747,0.13922080397605896,0.142431640625,2483.5270735367353,2388.8929396460267
sound_748.wav,sound_748,traffic,517.0,401d6810bbfb70abf3cba9ca5d6c40f1,44100,2,16,132300,3.0,True,sound_#,traffic_748,0.12943874299526215,0.23774789663461537,2897.6220760222764,2328.8462945902907
sound_749.wav,sound_749,traffic,517.0,346d5ee4cab20d2ee0bcfcf66385d38c,44100,2,16,132300,3.0,True,sound_#,traffic_749,0.23266243934631348,0.133251953125,2349.9650920285626,2396.7782039109234
sound_750.wav,sound_750,traffic,517.0,66ba81d86cbb43f38f2792e26d9b16be,44100,2,16,132300,3.0,True,sound_#,traffic_750,0.20965561270713806,0.10241511418269231,2236.9718960354526,2512.5529412309666
sound_751.wav,sound_751,traffic,517.0,8800c5bd42331e5666b0ea4a08da9a80,44100,2,16,132300,3.0,True,sound_#,traffic_751,0.20552822947502136,0.05673828125,1803.803937994541,2343.002496259543
sound_752.wav,sound_752,traffic,517.0,3f75b75484a6f1d32d453564b2764fb3,44100,2,16,132300,3.0,True,sound_#,traffic_752,0.22321364283561707,0.053001051682692306,1756.4648865476631,2294.9410758007602
sound_753.wav,sound_753,traffic,517.0,e268caeafbb921744473636510e2a863,44100,2,16,132300,3.0,True,sound_#,traffic_753,0.24035923182964325,0.11352163461538461,2286.7381956149584,2385.155460219216
sound_754.wav,sound_754,traffic,517.0,f3b96e676704e0052ce19347e3487fc4,44100,2,16,132300,3.0,True,sound_#,traffic_754,0.20705285668373108,0.17044771634615385,2727.3128873737423,2422.983980078844
sound_755.wav,sound_755,traffic,517.0,12fb44fc3ba18d1e1d7f980f34dca407,44100,2,16,132300,3.0,True,sound_#,traffic_755,0.20205818116664886,0.18675631009615384,2854.8299800616446,2490.6196858854655
sound_756.wav,sound_756,traffic,517.0,e8c3007075b6d7d7a4142b170e8b9b6d,44100,2,16,132300,3.0,True,sound_#,traffic_756,0.16208797693252563,0.19467022235576922,2835.597555388823,2510.1528924158038
sound_757.wav,sound_757,traffic,517.0,7ee6d953e13f02e8527b35deaca5e27e,44100,2,16,132300,3.0,True,sound_#,traffic_757,0.1832924485206604,0.1336388221153846,2427.4008643785314,2460.616150679197
sound_758.wav,sound_758,traffic,517.0,73fc0614103880e8d353337c350823a4,44100,2,16,132300,3.0,True,sound_#,traffic_758,0.23811455070972443,0.22355018028846155,2606.2256584496317,2344.978096020286
sound_759.wav,sound_759,traffic,517.0,c844eb8aa1faf7250c4d2e4f39ca5498,44100,2,16,132300,3.0,True,sound_#,traffic_759,0.17162971198558807,0.17432767427884616,2471.3889480104554,2299.9794149238346
sound_760.wav,sound_760,traffic,517.0,1770b1e792e7526dd41c76238f100161,44100,2,16,132300,3.0,True,sound_#,traffic_760,0.17397117614746094,0.16487379807692307,2526.626797708731,2373.0624320109355
sound_761.wav,sound_761,traffic,517.0,0f5333d624996e972e9b42aa329ff3f0,44100,2,16,132300,3.0,True,sound_#,traffic_761,0.14672191441059113,0.23229417067307692,2860.399950343516,2354.4780536090975
sound_762.wav,sound_762,traffic,517.0,ac91ed958ea7816e40e41687c6231961,44100,2,16,132300,3.0,True,sound_#,traffic_762,0.17384791374206543,0.13801457331730768,2373.6591169726103,2403.325759722046
sound_763.wav,sound_763,traffic,517.0,638ca2996b9445e03afdda190d08b0df,44100,2,16,132300,3.0,True,sound_#,traffic_763,0.21153883635997772,0.08294396033653846,2088.902744404505,2427.4998897903683
sound_764.wav,sound_764,traffic,517.0,38a4ce0ebd0c3fd3bd9afc99cc844d04,44100,2,16,132300,3.0,True,sound_#,traffic_764,0.1507427990436554,0.11920823317307692,2389.4467711318935,2501.4418076949264
sound_765.wav,sound_765,traffic,517.0,0792c1574a2fdc68f4156ab2efea31bb,44100,2,16,132300,3.0,True,sound_#,traffic_765,0.2299363613128662,0.16206805889423076,2411.6366471471997,2356.048360733221
sound_766.wav,sound_766,traffic,517.0,3b82140e2896e18d6036f64ee67c830e,44100,2,16,132300,3.0,True,sound_#,traffic_766,0.16433361172676086,0.17777944711538463,2511.300928110398,2416.021144473806
sound_767.wav,sound_767,traffic,517.0,b8d041dee6e099f76463480cb8fa42ac,44100,2,16,132300,3.0,True,sound_#,traffic_767,0.1860942542552948,0.09434344951923077,2059.5860044595483,2286.6568984936453
sound_768.wav,sound_768,traffic,517.0,f6467ac60747fb33f08d700c919b6b58,44100,2,16,132300,3.0,True,sound_#,traffic_768,0.161061629652977,0.12134915865384616,2174.955959942479,2282.289543984904
sound_769.wav,sound_769,traffic,517.0,27cd34974a82e6177873a1983f59f3a5,44100,2,16,132300,3.0,True,sound_#,traffic_769,0.20501817762851715,0.13073167067307692,2316.513092349785,2384.1282560444033
sound_770.wav,sound_770,traffic,517.0,dc4ff17e4eb571a071a1bcbd2225bd54,44100,2,16,132300,3.0,True,sound_#,traffic_770,0.21187995374202728,0.23026216947115385,2854.579336250496,2339.4810457472836
sound_771.wav,sound_771,traffic,517.0,3ab13e5e45a6f01e69c12eb098243fda,44100,2,16,132300,3.0,True,sound_#,traffic_771,0.18399423360824585,0.21749924879807692,3015.9300255094217,2478.631196464785
sound_772.wav,sound_772,traffic,517.0,ff8e9bfbd6642e4a61970297eb3ef423,44100,2,16,132300,3.0,True,sound_#,traffic_772,0.1703050434589386,0.1595966045673077,2596.650114973926,2412.6647860825888
sound_773.wav,sound_773,traffic,517.0,084550eb9bc87a7893e2e164150a1d5f,44100,2,16,132300,3.0,True,sound_#,traffic_773,0.1328231245279312,0.11796875,2269.1811734025755,2360.0809342125253
sound_774.wav,sound_774,traffic,517.0,8697f73d4c054448e9100e322aaf224f,44100,2,16,132300,3.0,True,sound_#,traffic_774,0.1316859871149063,0.10549128605769231,2268.5939838892855,2406.6630875790133
sound_775.wav,sound_775,traffic,517.0,d3b5e0f87c041e6aa9ff097a59c6903a,44100,2,16,132300,3.0,True,sound_#,traffic_775,0.2442593276500702,0.08584735576923076,2033.1587959028202,2323.1242729588603
sound_776.wav,sound_776,traffic,517.0,6fca72eb4a6d677a424e2636097db3f1,44100,2,16,132300,3.0,True,sound_#,traffic_776,0.12522748112678528,0.10516451322115385,2204.4388738514363,2373.9594118646364
sound_777.wav,sound_777,traffic,517.0,aca6588a84ecc875b177dad220380984,44100,2,16,132300,3.0,True,sound_#,traffic_777,0.18298935890197754,0.11126051682692308,2242.097861366277,2338.8813466900465
sound_778.wav,sound_778,traffic,517.0,4abed95d03df0b7c155b8c72d7028b7b,44100,2,16,132300,3.0,True,sound_#,traffic_778,0.16799511015415192,0.1490459735576923,2521.2949359551067,2489.339799727841
sound_779.wav,sound_779,traffic,517.0,d02172ed3f284ae4221f3867197ef3f3,44100,2,16,132300,3.0,True,sound_#,traffic_779,0.1745053231716156,0.1240234375,2615.8062338345935,2568.297954499725
sound_780.wav,sound_780,traffic,517.0,0ac0907737b36d678fa42edcb6b59322,44100,2,16,132300,3.0,True,sound_#,traffic_780,0.12039817124605179,0.14842998798076923,2675.069260391151,2558.7507614695746
sound_781.wav,sound_781,traffic,517.0,c24297607010003622bada17066aaab4,44100,2,16,132300,3.0,True,sound_#,traffic_781,0.23339664936065674,0.11585036057692308,2299.600315114567,2505.364865328272
sound_782.wav,sound_782,traffic,517.0,fdec6479d87195d94b9a3696aa36f024,44100,2,16,132300,3.0,True,sound_#,traffic_782,0.25946930050849915,0.08102463942307692,2132.9174718247727,2483.752412005241
sound_783.wav,sound_783,traffic,517.0,c5a21f0ab5069e2ff4e1866f0db0ce11,44100,2,16,132300,3.0,True,sound_#,traffic_783,0.1696804165840149,0.11396859975961539,2337.51163328147,2501.3423351812053
sound_784.wav,sound_784,traffic,517.0,f9a6c6da4a25739e96bd7dc6a90ef995,44100,2,16,132300,3.0,True,sound_#,traffic_784,0.21577268838882446,0.08882211538461539,2194.796500210313,2500.0133511310505
sound_785.wav,sound_785,traffic,517.0,2d2a8d2b82a3ff2dddaa3b57edb566e1,44100,2,16,132300,3.0,True,sound_#,traffic_785,0.17393572628498077,0.1334209735576923,2153.2974475900455,2296.324188148628
sound_786.wav,sound_786,traffic,517.0,fc4882806ef33780e5b2ed6e02277cba,44100,2,16,132300,3.0,True,sound_#,traffic_786,0.21728743612766266,0.12166466346153847,1983.4868178270501,2160.6094170660485
sound_787.wav,sound_787,traffic,517.0,5aa6698e66e8cee2975ebf05d2aa1559,44100,2,16,132300,3.0,True,sound_#,traffic_787,0.18466617166996002,0.24668719951923077,2667.52963561358,2244.5903670364464
sound_788.wav,sound_788,traffic,517.0,6a9bb6eeda3460944eabeedf47eaf030,44100,2,16,132300,3.0,True,sound_#,traffic_788,0.15709489583969116,0.19947040264423077,2375.73686567608,2280.723725829343
sound_789.wav,sound_789,traffic,517.0,e5126d9999a28698ee567b246834b39e,44100,2,16,132300,3.0,True,sound_#,traffic_789,0.14920659363269806,0.23069786658653846,2818.0444217550835,2319.1360277598405
sound_790.wav,sound_790,traffic,517.0,aecb057cc265c9df59b503e6b4a06810,44100,2,16,132300,3.0,True,sound_#,traffic_790,0.22272755205631256,0.16597806490384615,2522.3189746397097,2520.459883145945
sound_791.wav,sound_791,traffic,517.0,864f0755a3dafde481ea141469796b63,44100,2,16,132300,3.0,True,sound_#,traffic_791,0.2147800773382187,0.16395357572115385,2494.463251963923,2531.656826427973
sound_792.wav,sound_792,traffic,517.0,8a1e2fc2cc7a839584f87dc57a85aad0,44100,2,16,132300,3.0,True,sound_#,traffic_792,0.1773226410150528,0.10522085336538461,2297.272260138583,2474.4354142844886
sound_793.wav,sound_793,traffic,517.0,abf1431162821cb0b6c21f166b930f2d,44100,2,16,132300,3.0,True,sound_#,traffic_793,0.22198601067066193,0.18216271033653847,2525.1458447045,2405.8172414704636
sound_794.wav,sound_794,traffic,517.0,7e1c69daccae2af8871444cf4b0c7c88,44100,2,16,132300,3.0,True,sound_#,traffic_794,0.17655466496944427,0.09151141826923077,2286.411495354458,2481.7242966625286
sound_795.wav,sound_795,traffic,517.0,d310bfbe56a0f32a1686213b051a265a,44100,2,16,132300,3.0,True,sound_#,traffic_795,0.1536787748336792,0.135107421875,2558.6418798295254,2563.4160205193616
sound_796.wav,sound_796,traffic,517.0,0d4ebc189310af28bbc670193974c52f,44100,2,16,132300,3.0,True,sound_#,traffic_796,0.2005307674407959,0.13003680889423078,2341.321325424008,2481.5098685670578
sound_797.wav,sound_797,traffic,517.0,78b42ecd18b30b73ffa3173f4f05e559,44100,2,16,132300,3.0,True,sound_#,traffic_797,0.20321792364120483,0.15150991586538462,2445.753068628547,2425.2209822084496
sound_798.wav,sound_798,traffic,517.0,a6c5d567a0e5ce113f2bff21e0c3de82,44100,2,16,132300,3.0,True,sound_#,traffic_798,0.2126990407705307,0.11994065504807692,2355.9578829598604,2554.9053103685083
sound_799.wav,sound_799,traffic,517.0,57efa4d60301136358e6937caa19db62,44100,2,16,132300,3.0,True,sound_#,traffic_799,0.14596286416053772,0.13155048076923076,2329.2283563567125,2375.111612403447
sound_800.wav,sound_800,traffic,517.0,67267ca6aab4e616fa572042916c2bfd,44100,2,16,132300,3.0,True,sound_#,traffic_800,0.1861063688993454,0.12951096754807692,2327.4996392408593,2389.547805057446
sound_801.wav,sound_801,traffic,517.0,28466f8eadf1473add0ceafe62262130,44100,2,16,132300,3.0,True,sound_#,traffic_801,0.20002564787864685,0.17016225961538461,2438.342621277896,2538.2688171291647
sound_802.wav,sound_802,traffic,517.0,029515c549fab4d2020074eab8645984,44100,2,16,132300,3.0,True,sound_#,traffic_802,0.20235957205295563,0.17081956129807693,2383.9600087265617,2334.363646520178
sound_803.wav,sound_803,traffic,517.0,bb5aaed9cccc6d55b48e5ad9f42c1772,44100,2,16,132300,3.0,True,sound_#,traffic_803,0.18556395173072815,0.15963040865384615,2642.6697517448188,2456.019101281579
sound_804.wav,sound_804,traffic,517.0,d75001aed22f1fbeba8921e922ed3e02,44100,2,16,132300,3.0,True,sound_#,traffic_804,0.1927751749753952,0.10890549879807693,2227.7981043996524,2427.2436547369607
sound_805.wav,sound_805,traffic,517.0,f7dae21fc1cf7c4e6df921f1d25212b7,44100,2,16,132300,3.0,True,sound_#,traffic_805,0.17217230796813965,0.20015399639423076,2995.511779657787,2647.288933291595
sound_806.wav,sound_806,traffic,517.0,d9953ec0915f3f6392649a40a2b0e3be,44100,2,16,132300,3.0,True,sound_#,traffic_806,0.15216296911239624,0.22330228365384616,2981.4551144409406,2455.8808417188184
sound_807.wav,sound_807,traffic,517.0,db674b9ef357975996fc0475bda8a76b,44100,2,16,132300,3.0,True,sound_#,traffic_807,0.19622191786766052,0.13773287259615385,2271.191446254507,2338.2713014330875
sound_808.wav,sound_808,traffic,517.0,bd7240f5fbd2cdb9023878a9e4f05697,44100,2,16,132300,3.0,True,sound_#,traffic_808,0.18055321276187897,0.14703275240384617,2411.86327221027,2529.384654397906
sound_809.wav,sound_809,traffic,517.0,e6e9fc0d631d622fc32d97c7aaf2d6e3,44100,2,16,132300,3.0,True,sound_#,traffic_809,0.1568743884563446,0.09436222956730769,2074.3302715233062,2337.6216693054234
sound_810.wav,sound_810,traffic,517.0,53bfbdbf412bf0c2542f3aec6bc41019,44100,2,16,132300,3.0,True,sound_#,traffic_810,0.20111770927906036,0.0775615985576923,1873.424150047172,2212.164354038448
sound_811.wav,sound_811,traffic,517.0,55d1d641f62b9586ce7fc5f9820c57fc,44100,2,16,132300,3.0,True,sound_#,traffic_811,0.14011946320533752,0.09812199519230769,2125.667798220702,2298.3272737988514
sound_812.wav,sound_812,traffic,517.0,ae9774b42e9fad9bb7921062741491d8,44100,2,16,132300,3.0,True,sound_#,traffic_812,0.1524301916360855,0.12742262620192307,2172.806607585372,2252.687783132488
sound_813.wav,sound_813,traffic,517.0,d7787f7ae7128350384f224082f186f9,44100,2,16,132300,3.0,True,sound_#,traffic_813,0.17715466022491455,0.08917518028846154,2030.7121315025545,2334.2986083219553
sound_814.wav,sound_814,traffic,517.0,1dbff24ef06eede2193a93fb3d4e629e,44100,2,16,132300,3.0,True,sound_#,traffic_814,0.11112333834171295,0.11574143629807693,2236.56512843334,2410.960200536292
sound_815.wav,sound_815,traffic,517.0,9d170316d927e6d25f4a6e2f071d74cb,44100,2,16,132300,3.0,True,sound_#,traffic_815,0.12322966009378433,0.09866661658653846,2032.186206546107,2332.1749187422406
sound_816.wav,sound_816,traffic,517.0,bf2224955fc0929e46acf9271d8763c7,44100,2,16,132300,3.0,True,sound_#,traffic_816,0.17287015914916992,0.09997746394230769,2008.5993746763186,2300.685696559344
sound_817.wav,sound_817,traffic,517.0,485dff50e524789a842ac43e34ad198c,44100,2,16,132300,3.0,True,sound_#,traffic_817,0.17109060287475586,0.10979942908653846,1995.0869000034074,2250.966616236728
sound_818.wav,sound_818,traffic,517.0,4a07f1e38a0b4ddfb34ebe39dbfafa00,44100,2,16,132300,3.0,True,sound_#,traffic_818,0.2402118742465973,0.06025015024038462,1709.712842953999,2186.508944323291
sound_819.wav,sound_819,traffic,517.0,c00c75112a29e791677622459a42ddcc,44100,2,16,132300,3.0,True,sound_#,traffic_819,0.2135522961616516,0.06930588942307692,1760.2877122666318,2207.535838925415
sound_820.wav,sound_820,traffic,517.0,30cfe4acbe3c03cea213bf7e1ac79779,44100,2,16,132300,3.0,True,sound_#,traffic_820,0.21670368313789368,0.07390324519230769,1840.8846810981624,2236.5060029196356
sound_821.wav,sound_821,traffic,517.0,e1826387e45b8f6bf59690687073636f,44100,2,16,132300,3.0,True,sound_#,traffic_821,0.2212124913930893,0.07875600961538462,1873.8535045380202,2154.6619987200993
